icao24,origin_country,velocity,on_ground
39de4f,France,225.69,False
ab5cb7,United States,4.89,True
a40bd8,United States,90.6,False
ab1644,United States,141.16,False
e8027c,Chile,231.26,False
801638,India,229.17,False
39de4d,France,226.0,False
39de57,France,243.55,False
a77ec5,United States,194.36,False
39de59,France,215.89,False
ab6fdd,United States,155.5,False
801643,India,224.54,False
a6aeab,United States,125.99,False
3ffc20,Germany,60.67,False
39de51,France,219.42,False
39de50,France,230.03,False
80162f,India,246.95,False
39de54,France,202.69,False
a4d86a,United States,232.96,False
80163d,India,71.62,False
aae310,United States,199.04,False
a2cbd1,United States,82.98,False
a5f849,United States,239.3,False
acdfa5,United States,83.25,False
801657,India,172.44,False
ab031d,United States,50.05,False
a52bd1,United States,196.06,False
aae316,United States,180.18,False
acdfa3,United States,93.12,False
a4c54a,United States,52.24,False
80160a,India,91.4,False
ab1667,United States,241.08,False
a09260,United States,89.93,False
a1befb,United States,31.48,False
a5954e,United States,210.92,False
abacb1,United States,54.03,False
a22236,United States,5.4,True
a41ee4,United States,40.77,False
c034b6,Canada,92.19,False
801623,India,239.45,False
c06a11,Canada,180.46,False
a73879,United States,82.99,False
a4d889,United States,221.84,False
a5d203,United States,251.57,False
ac7cab,United States,77.17,False
a6053c,United States,46.48,False
a1bef7,United States,50.17,False
ad5622,United States,238.59,False
801627,India,240.08,False
801625,India,0.0,True
3ffc19,Germany,43.12,False
acdfab,United States,195.36,False
a2cba6,United States,269.74,False
39de48,France,127.0,False
ad694c,United States,240.44,False
407a06,United Kingdom,232.1,False
a77ed1,United States,22.55,False
ac3656,United States,182.35,False
39de40,France,202.82,False
acdfc2,United States,89.38,False
39de42,France,223.01,False
407a01,United Kingdom,133.68,False
39de44,France,233.79,False
80166c,India,117.94,False
44028c,Austria,149.51,False
44028a,Austria,2.31,True
a2228b,United States,229.62,False
e8023a,Chile,5.14,True
511188,Estonia,231.5,False
470bec,Hungary,47.38,False
470bea,Hungary,61.18,False
4acb01,Sweden,200.21,False
a47599,United States,57.03,False
4acb04,Sweden,169.02,False
ad564b,United States,177.4,False
a47597,United States,104.33,False
51116f,Estonia,232.91,False
488242,Poland,36.84,False
4bc8c6,Turkey,212.96,False
4bc8c7,Turkey,75.3,False
abacba,United States,151.5,False
4bc8c2,Turkey,132.56,False
a7bc8e,United States,240.45,False
801680,India,4.12,True
ac499c,United States,188.28,False
80167b,India,231.79,False
abf008,United States,231.55,False
511171,Estonia,171.63,False
a65ea3,United States,42.29,False
a9a0bb,United States,22.94,False
aae34c,United States,249.62,False
ac3679,United States,50.54,False
4bc8d5,Turkey,250.54,False
4bc8d6,Turkey,236.51,False
4bc8d3,Turkey,246.91,False
4bc8d4,Turkey,102.52,False
e80269,Chile,229.29,False
3442cc,Spain,143.27,False
a963f7,United States,0.0,True
a35592,United States,239.13,False
478891,Norway,138.39,False
a4d83e,United States,215.74,False
471efb,Hungary,220.67,False
acdffc,United States,213.94,False
801659,India,284.49,False
471efe,Hungary,236.08,False
471efd,Hungary,253.94,False
801663,India,104.78,False
ac3688,United States,240.83,False
00b231,South Africa,3.09,True
ac1025,United States,68.3,False
801665,India,267.85,False
a72505,United States,67.52,False
a4d849,United States,41.49,False
44029f,Austria,223.15,False
ad9cd9,United States,32.09,False
e8026e,Chile,224.19,False
511195,Estonia,227.74,False
407a3f,United Kingdom,221.75,False
a4755c,United States,129.13,False
a40be9,United States,85.25,False
aae377,United States,73.9,False
a3556f,United States,255.32,False
a2cbf0,United States,252.58,False
801674,India,69.87,False
a2cbe8,United States,110.27,False
a3b86c,United States,196.97,False
e4a7c9,Brazil,182.37,False
ac7cfb,United States,83.67,False
a4c527,United States,0.0,True
a53ee2,United States,222.89,False
801671,India,230.62,False
505f15,Slovakia,201.56,False
ac21e4,United States,230.45,False
a7125b,United States,246.48,False
adda1e,United States,228.42,False
c02267,Canada,197.67,False
4acb41,Sweden,136.83,False
ad9d88,United States,4.63,True
a02a0a,United States,60.2,False
a4b294,United States,216.35,False
aae1f5,United States,168.88,False
a8a88b,United States,228.01,False
a7bbe9,United States,131.69,False
a5e58b,United States,4.24,False
a88bde,United States,114.38,False
a247b8,United States,139.18,False
adda25,United States,234.97,False
e80218,Chile,156.64,False
a03d51,United States,140.93,False
accd69,United States,222.25,False
aae1ea,United States,264.1,False
a9656c,United States,62.76,False
3455d7,Spain,224.12,False
3455d8,Spain,104.04,False
440248,Austria,0.0,False
e8020c,Chile,232.39,False
4acb58,Sweden,106.82,False
4acb59,Sweden,0.51,True
adb7f4,United States,43.41,False
a5829d,United States,3.6,True
a72590,United States,134.58,False
a95256,United States,68.36,False
abad8a,United States,82.5,False
a6f23d,United States,239.94,False
ad8a3c,United States,40.97,False
3c5ee7,Germany,237.04,False
4bc8e1,Turkey,252.4,False
a8dbb8,United States,84.97,False
3c5ee6,Germany,206.79,False
e8021b,Chile,185.9,False
46b83a,Greece,89.34,False
3c5ee9,Germany,231.48,False
4bc8cd,Turkey,255.07,False
a71290,United States,98.38,False
4bc8ce,Turkey,124.19,False
4acb23,Sweden,218.88,False
4bc8cb,Turkey,251.22,False
4bc8cc,Turkey,69.25,False
a8eede,United States,248.17,False
aded77,United States,234.22,False
3c5ee4,Germany,225.66,False
3c5ee3,Germany,198.7,False
4bc8e2,Turkey,192.75,False
ad41cd,United States,0.0,True
3c5ee1,Germany,216.51,False
ab290e,United States,230.55,False
e80238,Chile,0.0,False
ad41ed,United States,4.12,True
80169d,India,250.0,False
403288,United Kingdom,4.12,False
a127bb,United States,182.38,False
a4626a,United States,87.59,False
0d11f9,Mexico,235.78,False
46b82b,Greece,229.4,False
46b82c,Greece,197.8,False
3c5eed,Germany,212.7,False
3c5eec,Germany,64.66,False
46b82f,Greece,219.27,False
4bc8da,Turkey,254.67,False
500417,San Marino,189.52,False
c0226c,Canada,96.3,False
a5d28c,United States,220.6,False
a9a204,United States,128.06,False
3c5ef5,Germany,1.03,False
40326a,United Kingdom,39.62,False
a8dbba,United States,42.85,False
c07bc7,Canada,274.01,False
c07bc5,Canada,41.21,False
440219,Austria,227.54,False
c0220d,Canada,238.39,False
a39d41,United States,63.74,False
a84544,United States,240.2,False
a5f88e,United States,67.26,False
a367f0,United States,75.63,False
46b831,Greece,225.24,False
46b832,Greece,80.36,False
46b835,Greece,123.55,False
aa3cfb,United States,67.4,False
44020c,Austria,241.75,False
a8a859,United States,40.06,False
a72567,United States,179.34,False
a88ba7,United States,35.32,False
440209,Austria,234.77,False
aded7e,United States,80.76,False
a52bfb,United States,97.37,False
a114f4,United States,233.97,False
8851e7,Thailand,243.15,False
a8584a,United States,220.4,False
a1ad44,United States,72.03,False
8851e4,Thailand,249.23,False
46b823,Greece,213.34,False
46b828,Greece,244.66,False
46b826,Greece,229.91,False
a1ad49,United States,93.75,False
a1ad1b,United States,92.41,False
a0f4b5,United States,251.57,False
440237,Austria,221.01,False
a7256e,United States,128.41,False
a14a18,United States,1.03,True
aa3ce7,United States,180.09,False
a02a40,United States,124.9,False
a247f0,United States,223.31,False
47880f,Norway,161.34,False
0d11b4,Mexico,201.76,False
a9650b,United States,47.4,False
aaf60a,United States,258.4,False
a85887,United States,243.38,False
47b0e7,Norway,157.49,False
a234b9,United States,80.69,False
c07bca,Canada,45.23,False
a091c8,United States,244.95,False
e80207,Chile,3.34,False
e80209,Chile,212.45,False
a7bbb2,United States,208.14,False
ac4949,United States,82.77,False
a091fd,United States,249.34,False
a2ba48,United States,171.83,False
a4d7f0,United States,84.69,False
a51a24,United States,196.19,False
a857ac,United States,43.38,False
ab14b4,United States,4.37,True
a4c4aa,United States,88.18,False
a0e1e8,United States,252.63,False
a617e9,United States,90.91,False
c03517,Canada,0.45,True
885226,Thailand,263.82,False
a341bd,United States,149.23,False
a617e2,United States,57.4,False
343194,Spain,146.62,False
ac34a0,United States,271.6,False
8014b0,India,233.29,False
4880d4,Poland,40.69,False
3ffbc2,Germany,55.2,False
a474bb,United States,40.98,False
a4d7eb,United States,0.06,False
e0b214,Argentina,214.06,False
a4fa0f,United States,33.12,False
a52d5b,United States,96.99,False
7c1c45,Australia,144.86,False
a51a2d,United States,71.76,False
343183,Spain,184.51,False
accd13,United States,242.13,False
4aca82,Sweden,233.48,False
a2cd54,United States,86.44,False
a3a4ed,United States,217.63,False
4aca81,Sweden,0.0,True
4aca84,Sweden,247.71,False
4aca83,Sweden,248.61,False
ac7d38,United States,60.97,False
4aca86,Sweden,208.12,False
4aca85,Sweden,75.56,False
4aca88,Sweden,224.44,False
4aca87,Sweden,234.46,False
a474aa,United States,42.66,False
a64d4d,United States,235.06,False
4aca89,Sweden,204.64,False
aaf4b7,United States,143.02,False
accd0c,United States,38.71,False
a091f3,United States,233.96,False
e07585,Argentina,198.62,False
e07582,Argentina,207.47,False
4aca7a,Sweden,0.0,True
e07581,Argentina,252.62,False
a3ed89,United States,199.94,False
ab14d9,United States,243.17,False
a7bd19,United States,119.83,False
a63a29,United States,259.26,False
48f906,Poland,39.08,False
a724bd,United States,271.09,False
84d283,Japan,120.87,False
4aca90,Sweden,233.87,False
a4fa47,United States,75.05,False
4aca92,Sweden,248.98,False
4aca95,Sweden,260.31,False
a4b1c7,United States,134.79,False
4aca94,Sweden,109.16,False
4aca96,Sweden,241.06,False
4aca98,Sweden,233.87,False
3d1289,Germany,39.68,False
a3ed91,United States,242.55,False
aaf4c8,United States,240.06,False
4aca8b,Sweden,248.2,False
4aca8a,Sweden,240.73,False
4aca8d,Sweden,244.56,False
a40d38,United States,92.75,False
4aca8c,Sweden,259.4,False
a857c7,United States,44.54,False
344498,Spain,223.3,False
a52d16,United States,35.44,False
a2ba7e,United States,230.01,False
aa3d08,United States,34.56,False
8014dc,India,164.96,False
8014da,India,213.6,False
e49ef0,Brazil,0.0,True
a00952,United States,0.0,True
8014de,India,141.73,False
ac34bf,United States,222.75,False
e49ef1,Brazil,217.16,False
4aa947,Sweden,5.75,False
344487,Spain,244.04,False
471f8e,Hungary,214.34,False
8014f3,India,146.32,False
344481,Spain,138.52,False
ab5d80,United States,144.42,False
accd1e,United States,0.51,True
e0b255,Argentina,0.0,True
ac6a1f,United States,207.31,False
4400eb,Austria,247.59,False
4520d0,Bulgaria,197.2,False
a11616,United States,79.06,False
a39d9b,United States,187.79,False
a00966,United States,40.85,False
471f9a,Hungary,223.62,False
4400f8,Austria,206.86,False
471f9e,Hungary,220.53,False
4520fb,Bulgaria,136.34,False
471f86,Hungary,236.68,False
471f6f,Hungary,225.46,False
acba1b,United States,232.02,False
86cef4,Japan,290.96,False
acba30,United States,227.01,False
471f6a,Hungary,229.22,False
471f6d,Hungary,210.38,False
471f6e,Hungary,78.69,False
e49ed5,Brazil,213.75,False
471f6b,Hungary,83.97,False
a4d7e4,United States,235.74,False
e4a834,Brazil,267.94,False
4520ea,Bulgaria,6.69,True
8014d6,India,226.66,False
abad6c,United States,233.07,False
a39d95,United States,230.83,False
ad8a23,United States,42.2,False
3d3896,Germany,73.59,False
aa927a,United States,176.38,False
a26a83,United States,44.38,False
471f7a,Hungary,225.4,False
344455,Spain,4.12,True
471f68,Hungary,224.74,False
471f69,Hungary,203.03,False
aa0909,United States,223.68,False
471f66,Hungary,0.0,True
471f67,Hungary,217.68,False
a0097a,United States,53.3,False
4a2023,Romania,241.43,False
3c17cc,Germany,0.0,True
a1bfc0,United States,62.76,False
a5d1f7,United States,235.53,False
471f62,Hungary,212.08,False
4520a1,Bulgaria,9.26,True
7809a5,China,179.89,False
4400c8,Austria,238.86,False
344445,Spain,212.2,False
accbbe,United States,40.46,False
a9ea32,United States,242.57,False
aa2a7f,United States,139.93,False
ada547,United States,53.2,False
ad555d,United States,57.16,False
a88d6a,United States,278.17,False
ababec,United States,89.02,False
a16ff1,United States,245.65,False
4400b7,Austria,227.63,False
a10323,United States,49.23,False
4400b3,Austria,134.27,False
51119a,Estonia,0.0,True
4400b2,Austria,223.63,False
51119b,Estonia,227.48,False
471f44,Hungary,215.87,False
7809b8,China,237.84,False
a4d91f,United States,98.29,False
4400dc,Austria,200.1,False
ad424b,United States,41.47,False
a03cb6,United States,196.65,False
a59601,United States,243.88,False
8014fa,India,0.51,True
4520aa,Bulgaria,230.26,False
471f58,Hungary,214.73,False
471f55,Hungary,225.01,False
c07c7b,Canada,217.75,False
a9ea10,United States,45.1,False
34440b,Spain,232.15,False
471f3e,Hungary,254.46,False
ac2286,United States,71.22,False
471f3d,Hungary,237.15,False
a831e5,United States,179.93,False
344417,Spain,221.64,False
c07c92,Canada,0.0,True
471f23,Hungary,205.73,False
a21009,United States,52.02,False
a08038,United States,144.36,False
a46304,United States,0.0,True
a3696e,United States,241.88,False
a41fe4,United States,69.69,False
a9fd11,United States,41.83,False
a75a2d,United States,258.41,False
801602,India,122.11,False
0d1201,Mexico,4.89,True
344409,Spain,210.09,False
a76d5a,United States,68.78,False
a6f1a4,United States,58.02,False
471f35,Hungary,211.74,False
a0e353,United States,48.83,False
a4b1e8,United States,63.38,False
471f37,Hungary,210.45,False
471f38,Hungary,253.08,False
a75a21,United States,220.86,False
801606,India,97.26,False
a9b4a4,United States,160.71,False
471f31,Hungary,239.14,False
471f32,Hungary,213.9,False
801608,India,240.14,False
a724cb,United States,216.88,False
801611,India,0.0,True
aa91b6,United States,49.27,False
471f02,Hungary,218.27,False
471f00,Hungary,235.45,False
471f06,Hungary,219.73,False
a63a5c,United States,0.0,False
471f05,Hungary,241.56,False
0d120c,Mexico,210.65,False
a08017,United States,34.49,False
a6f1ae,United States,61.89,False
46c9a1,Greece,204.29,False
a0e30f,United States,52.08,False
a27cc0,United States,100.61,False
a831b2,United States,227.94,False
a977bb,United States,245.35,False
a64d97,United States,60.56,False
a08021,United States,206.85,False
0d121b,Mexico,238.41,False
0d121d,Mexico,225.27,False
a977d4,United States,112.39,False
0d1233,Mexico,237.54,False
a35692,United States,80.99,False
c07e2c,Canada,6.43,True
ab5dd4,United States,205.92,False
3ffb01,Germany,44.86,False
80174d,India,75.63,False
a2cced,United States,54.99,False
80174c,India,88.89,False
aa8114,United States,240.19,False
407b4b,United Kingdom,3.09,True
a84625,United States,47.56,False
a1038d,United States,46.43,False
a76cb4,United States,218.76,False
a0e36d,United States,77.22,False
a0806f,United States,118.12,False
a5d308,United States,57.21,False
a77fe2,United States,61.27,False
ac2412,United States,7.72,True
801767,India,204.74,False
a7cfb7,United States,127.39,False
c07e42,Canada,51.29,False
407b54,United Kingdom,242.89,False
ad9db0,United States,264.1,False
505ceb,Slovakia,240.74,False
505cea,Slovakia,93.8,False
e49f44,Brazil,238.42,False
800446,India,0.64,True
a2cce4,United States,45.92,False
801775,India,206.55,False
00c451,South Africa,78.51,False
a1f038,United States,81.05,False
3ffb10,Germany,54.96,False
ab4ac3,United States,54.57,False
e073cf,Argentina,207.42,False
a40cd9,United States,135.3,False
50037a,San Marino,248.85,False
a6aff4,United States,83.02,False
50037e,San Marino,227.03,False
801738,India,180.16,False
a22358,United States,246.88,False
a64ce6,United States,232.57,False
500395,San Marino,246.9,False
801744,India,155.04,False
801745,India,12.74,False
a5701c,United States,244.06,False
a59689,United States,43.3,False
4402a3,Austria,259.11,False
a40cbb,United States,167.31,False
80173b,India,242.78,False
a5e65f,United States,35.11,False
a7130a,United States,89.05,False
a85964,United States,166.31,False
a7130c,United States,243.8,False
c07e59,Canada,82.46,False
a46310,United States,188.9,False
a4b354,United States,55.65,False
a1acdb,United States,215.28,False
47a039,Norway,229.89,False
a5c008,United States,42.4,False
a2101f,United States,243.7,False
a64cdb,United States,215.55,False
a96601,United States,37.26,False
490688,Portugal,100.69,False
c035bf,Canada,131.63,False
0d10e3,Mexico,205.4,False
ab4ae9,United States,146.93,False
a2107b,United States,216.36,False
3c4b30,Germany,256.86,False
407b8b,United Kingdom,184.97,False
a5f938,United States,0.0,True
407b8e,United Kingdom,223.21,False
a21085,United States,236.83,False
aa3da5,United States,64.84,False
a45051,United States,179.05,False
ac7df8,United States,81.48,False
c07e02,Canada,83.99,False
a99a96,United States,227.67,False
e49f5a,Brazil,164.68,False
a4d946,United States,244.71,False
ad9df4,United States,242.37,False
3c4b2f,Germany,78.94,False
ab0485,United States,10.8,True
3430cd,Spain,217.59,False
3430cc,Spain,91.01,False
ad5767,United States,95.73,False
a87a97,United States,65.5,False
3c4b45,Germany,231.95,False
80179b,India,3.86,True
a65fae,United States,213.63,False
a61949,United States,234.02,False
a1f070,United States,234.21,False
accdd3,United States,227.23,False
a3a63c,United States,48.33,False
a87a7b,United States,72.99,False
e49f6d,Brazil,80.34,False
a89fa2,United States,70.13,False
800449,India,244.44,False
a8dd7a,United States,55.69,False
a3ffeb,United States,53.11,False
a85931,United States,155.3,False
801784,India,108.48,False
0d10fd,Mexico,222.89,False
a52cc8,United States,190.08,False
acbad6,United States,48.64,False
407b70,United Kingdom,247.56,False
abf11e,United States,56.74,False
abf11f,United States,94.81,False
ac379a,United States,208.99,False
a9a1d2,United States,37.91,False
80044b,India,241.57,False
a4634b,United States,228.6,False
e48c30,Brazil,185.52,False
a008c5,United States,233.56,False
a3fffc,United States,243.62,False
a008c9,United States,222.22,False
ad445b,United States,182.77,False
801793,India,224.12,False
a128a5,United States,38.6,False
a4899f,United States,27.52,False
3c4b4c,Germany,228.03,False
ac247a,United States,242.19,False
a6062a,United States,45.48,False
aae2fe,United States,81.93,False
3443d4,Spain,135.31,False
ac22fb,United States,170.51,False
3443d2,Spain,0.26,True
a4a082,United States,61.16,False
a4a081,United States,41.63,False
c0104f,Canada,268.78,False
a69068,United States,244.88,False
a03e70,United States,37.59,False
acbb73,United States,48.02,False
a9a333,United States,0.0,False
a45091,United States,144.61,False
a69061,United States,208.56,False
a4507f,United States,60.68,False
0d10b6,Mexico,54.97,False
a2ce05,United States,261.83,False
a6f367,United States,124.88,False
a4a095,United States,232.11,False
a235b7,United States,5.4,True
adee63,United States,79.81,False
ad42fc,United States,53.24,False
4aca04,Sweden,9.26,True
4aca06,Sweden,254.22,False
a128d1,United States,39.3,False
0d10bc,Mexico,218.38,False
4aca09,Sweden,243.02,False
a128d3,United States,149.26,False
0ac3d7,Colombia,130.73,False
e49df6,Brazil,74.85,False
aa8164,United States,231.57,False
c01063,Canada,239.52,False
3d371c,Germany,44.25,False
440389,Austria,237.17,False
e49dff,Brazil,121.19,False
4aca13,Sweden,149.09,False
4aca12,Sweden,216.69,False
4aca15,Sweden,214.31,False
a6e062,United States,53.48,False
e0b198,Argentina,259.9,False
394829,France,41.68,False
a3b8e1,United States,254.61,False
e48ad5,Brazil,233.58,False
a9b658,United States,173.26,False
a3b8e8,United States,75.65,False
4aca0b,Sweden,6.43,True
a9b654,United States,145.82,False
4aca0a,Sweden,215.09,False
4aca0d,Sweden,141.21,False
a84663,United States,157.52,False
a76cf0,United States,105.14,False
c0232e,Canada,109.77,False
a14b62,United States,90.66,False
a9c94b,United States,51.91,False
46a60f,Greece,109.58,False
a15e97,United States,61.27,False
a7133f,United States,98.27,False
4aca69,Sweden,240.77,False
a88cbe,United States,236.94,False
a69022,United States,67.32,False
a88cba,United States,27.44,False
a27e81,United States,33.5,False
a40e41,United States,199.77,False
506fdd,Slovenia,70.89,False
4aca70,Sweden,180.21,False
4aca73,Sweden,184.82,False
4aca72,Sweden,7.72,True
a6f326,United States,72.02,False
4aca75,Sweden,0.0,True
ac370b,United States,235.73,False
4aca79,Sweden,175.69,False
a9b62a,United States,261.62,False
505cb9,Slovakia,39.41,False
a7cfe6,United States,236.96,False
7c1ca5,Australia,122.31,False
4aca6a,Sweden,232.57,False
ab172f,United States,41.03,False
4aca6c,Sweden,116.64,False
a95338,United States,137.94,False
8016b8,India,187.26,False
a6f31d,United States,41.81,False
44031a,Austria,36.01,False
a71344,United States,55.7,False
a475a3,United States,216.25,False
a88cf9,United States,145.81,False
4aca45,Sweden,84.66,False
a90fcb,United States,214.97,False
a5d35c,United States,196.56,False
a5e68d,United States,82.77,False
440352,Austria,242.19,False
471fa3,Hungary,205.73,False
471fa4,Hungary,237.6,False
471fa7,Hungary,214.65,False
a248f9,United States,60.7,False
471fa0,Hungary,5.66,True
3d3708,Germany,50.51,False
44034b,Austria,74.26,False
aa9451,United States,0.32,True
471fac,Hungary,89.59,False
4aca53,Sweden,243.95,False
a88cda,United States,139.51,False
ab0425,United States,198.87,False
a4a066,United States,76.68,False
a95311,United States,181.92,False
ac3731,United States,239.91,False
c02358,Canada,235.4,False
a5d379,United States,53.07,False
a02b71,United States,153.37,False
46b927,Greece,14.92,True
4aca4f,Sweden,121.42,False
4bb4e7,Turkey,222.26,False
a462d2,United States,200.3,False
0d118f,Mexico,179.62,False
39cab8,France,52.29,False
8015c5,India,237.4,False
8015c6,India,240.49,False
ac7e1c,United States,245.98,False
a2ce7f,United States,77.66,False
8015c7,India,71.17,False
ab02a9,United States,80.53,False
a462c4,United States,32.02,False
a88e29,United States,235.6,False
a8de10,United States,3.34,True
ac48f2,United States,0.0,True
393474,France,74.44,False
c0360e,Canada,242.23,False
a725b1,United States,112.05,False
a76e37,United States,235.07,False
a475de,United States,218.88,False
ab4b34,United States,239.74,False
a26b80,United States,239.04,False
a38b61,United States,7.72,True
aa2b21,United States,205.4,False
a39e7d,United States,232.25,False
a355eb,United States,208.98,False
8015a4,India,207.33,False
a858f0,United States,136.05,False
a605f0,United States,45.23,False
ac6b0c,United States,87.38,False
781a4b,China,274.38,False
ab02c9,United States,48.55,False
8015a6,India,222.0,False
a9408a,United States,83.6,False
a9a399,United States,212.17,False
8015b2,India,228.54,False
a712a6,United States,99.76,False
a64e7e,United States,196.28,False
ab4b50,United States,49.98,False
a88e34,United States,222.58,False
aa08ca,United States,69.63,False
aaf5df,United States,247.36,False
343282,Spain,126.35,False
e4a746,Brazil,112.15,False
a6909c,United States,77.32,False
8015fc,India,204.6,False
e0b149,Argentina,241.58,False
abae62,United States,124.19,False
885302,Thailand,232.34,False
aae2ca,United States,238.31,False
a3db0c,United States,142.66,False
ab02de,United States,60.21,False
ad8b20,United States,241.34,False
873312,Japan,267.8,False
48f810,Poland,39.21,False
a8338e,United States,142.99,False
ac7e80,United States,161.33,False
ab5e9b,United States,223.1,False
3c4ad9,Germany,249.93,False
8015e2,India,234.76,False
acce75,United States,220.4,False
a2bb89,United States,233.22,False
8015e5,India,228.4,False
34324f,Spain,143.07,False
34324e,Spain,6.94,True
a52e50,United States,259.37,False
a64e2a,United States,169.08,False
a52e54,United States,1.03,True
8015db,India,220.61,False
addb25,United States,103.9,False
aae2f1,United States,136.18,False
addb0d,United States,59.82,False
a3a5db,United States,56.62,False
ad9e73,United States,232.58,False
abae8f,United States,3.86,True
ad8b48,United States,13.85,False
39348e,France,239.47,False
8015ee,India,198.47,False
a38b84,United States,237.57,False
a618f5,United States,0.0,True
885315,Thailand,201.12,False
4521ba,Bulgaria,73.9,False
4401e2,Austria,226.22,False
728674,Iraq,128.87,False
728671,Iraq,113.72,False
a99b67,United States,70.67,False
a0f73c,United States,219.28,False
0d110e,Mexico,49.59,False
4bc856,Turkey,245.8,False
a3a713,United States,65.82,False
4bc854,Turkey,252.69,False
728677,Iraq,262.6,False
4bc852,Turkey,205.37,False
728679,Iraq,145.58,False
4bc853,Turkey,60.54,False
4521c4,Bulgaria,199.26,False
c06a75,Canada,229.85,False
4401e9,Austria,213.61,False
4401e8,Austria,193.21,False
4bc84a,Turkey,252.49,False
4bc84b,Turkey,244.44,False
4bc85a,Turkey,249.97,False
ad3042,United States,45.69,False
4401d1,Austria,223.95,False
a23754,United States,45.93,False
a9a2d8,United States,154.38,False
34454b,Spain,83.11,False
ada669,United States,227.27,False
728667,Iraq,249.14,False
0d1130,Mexico,221.76,False
34454a,Spain,220.49,False
344557,Spain,24.18,True
0d1139,Mexico,224.25,False
a35725,United States,8.75,True
a88e8a,United States,215.88,False
a03dfe,United States,51.96,False
70203e,Bangladesh,258.13,False
702066,Bangladesh,235.94,False
aa92fb,United States,224.73,False
89605b,United Arab Emirates,215.31,False
aa92fa,United States,262.68,False
0d112e,Mexico,240.94,False
ada699,United States,1.54,True
702067,Bangladesh,237.25,False
a27da7,United States,54.02,False
0d1146,Mexico,224.38,False
0d113a,Mexico,222.95,False
0d113b,Mexico,232.23,False
4bc849,Turkey,251.56,False
a99b56,United States,55.47,False
ada683,United States,177.16,False
c06a6e,Canada,243.62,False
a1173b,United States,87.91,False
a9b5e7,United States,4.12,True
4bc846,Turkey,244.12,False
4bc843,Turkey,248.1,False
4bc844,Turkey,122.41,False
0ac434,Colombia,84.76,False
4bc841,Turkey,205.92,False
4401dc,Austria,10.8,True
a965fb,United States,33.03,False
0d1155,Mexico,219.54,False
4521bf,Bulgaria,103.21,False
ad4389,United States,115.76,False
4401f7,Austria,7.2,True
4521bb,Bulgaria,209.38,False
ad4386,United States,28.54,False
4521bc,Bulgaria,135.86,False
4bc88d,Turkey,228.76,False
a08153,United States,54.3,False
4bc88b,Turkey,229.39,False
aa2b79,United States,232.84,False
ab28ac,United States,187.97,False
4bb567,Turkey,237.85,False
4bc896,Turkey,249.49,False
ad438d,United States,251.5,False
a712ca,United States,90.87,False
a8de56,United States,0.0,True
c06a35,Canada,114.47,False
a2baa4,United States,236.5,False
3946e5,France,242.17,False
a2376e,United States,40.02,False
80171a,India,232.37,False
a39dca,United States,238.09,False
abf07a,United States,207.33,False
801729,India,205.25,False
a712c7,United States,136.0,False
801733,India,234.57,False
ac108c,United States,7.46,True
4787aa,Norway,130.81,False
ad3098,United States,211.36,False
a9c8c2,United States,80.45,False
ab28ce,United States,56.54,False
4bc883,Turkey,241.75,False
4bc881,Turkey,211.25,False
4bc882,Turkey,132.31,False
a4771b,United States,127.58,False
a75b84,United States,94.6,False
a4fb92,United States,86.28,False
e4a5ee,Brazil,34.47,True
a5d2fb,United States,56.6,False
4bc889,Turkey,236.76,False
4787a0,Norway,229.76,False
4bc888,Turkey,238.94,False
a712e9,United States,117.21,False
4bc886,Turkey,253.9,False
4bb564,Turkey,247.48,False
aaf5b1,United States,249.82,False
4bc892,Turkey,248.48,False
4bb562,Turkey,241.9,False
a845f4,United States,223.75,False
ab15c2,United States,255.67,False
a27dcc,United States,38.41,False
73806e,Israel,225.21,False
a2466b,United States,81.33,False
73806d,Israel,204.03,False
a98909,United States,0.0,True
44008f,Austria,223.58,False
a4996b,United States,123.79,False
a6bfa6,United States,218.81,False
a36661,United States,250.33,False
73806b,Israel,206.05,False
73806f,Israel,206.32,False
a86925,United States,74.6,False
a66fc1,United States,33.26,False
a66fc5,United States,45.55,False
a4995f,United States,228.04,False
ac4717,United States,121.53,False
ac4716,United States,34.16,False
a35336,United States,112.66,False
ab1415,United States,65.13,False
a3796b,United States,43.55,False
4068f5,United Kingdom,253.06,False
4068f7,United Kingdom,112.87,False
ab140a,United States,44.03,False
440090,Austria,217.66,False
adeb7b,United States,52.1,False
ab2752,United States,68.49,False
a0067e,United States,233.87,False
80184b,India,241.74,False
ab1423,United States,81.05,False
738060,Israel,222.93,False
738063,Israel,227.71,False
c07b05,Canada,203.28,False
738069,Israel,216.95,False
738068,Israel,227.46,False
a0f31d,United States,143.83,False
4bb470,Turkey,250.78,False
ab274c,United States,248.05,False
a2dca3,United States,43.3,False
a04cfa,United States,46.62,False
c058cd,Canada,226.13,False
73805c,Israel,260.33,False
ac340a,United States,143.15,False
a8da83,United States,39.0,False
80052b,India,73.12,False
44009a,Austria,229.16,False
a23337,United States,82.62,False
a22003,United States,185.81,False
738071,Israel,255.45,False
738076,Israel,262.08,False
738075,Israel,241.14,False
aaf41b,United States,60.98,False
a1bcab,United States,61.92,False
c058bf,Canada,243.91,False
a2597f,United States,248.05,False
a36636,United States,248.13,False
73806a,Israel,209.21,False
c058bb,Canada,107.64,False
c058be,Canada,147.38,False
702087,Bangladesh,177.3,False
ab2774,United States,80.81,False
ab5ab6,United States,83.61,False
adb723,United States,234.99,False
3c4a12,Germany,260.47,False
3c4a04,Germany,208.95,False
a0e04e,United States,53.54,False
440062,Austria,239.5,False
3d47cc,Germany,56.07,False
440060,Austria,262.07,False
3c4a07,Germany,3.09,True
00a120,South Africa,256.16,False
488000,Poland,216.77,False
452037,Bulgaria,126.83,False
44004f,Austria,190.41,False
abaaa8,United States,135.3,False
a2205e,United States,56.92,False
a04e00,United States,0.06,True
702097,Bangladesh,4.37,True
a3c940,United States,63.88,False
00a113,South Africa,45.73,False
738050,Israel,230.63,False
440047,Austria,219.72,False
3810ba,France,0.0,True
738054,Israel,217.1,False
738053,Israel,230.3,False
440053,Austria,0.0,True
738052,Israel,210.26,False
31e0d5,Italy,50.94,False
440051,Austria,220.16,False
738051,Israel,222.93,False
738058,Israel,76.98,False
440050,Austria,224.11,False
a1007b,United States,15.43,True
738057,Israel,216.97,False
738055,Israel,225.27,False
738059,Israel,205.46,False
aaf446,United States,40.16,False
a4732c,United States,182.93,False
44003f,Austria,239.03,False
452026,Bulgaria,193.96,False
452023,Bulgaria,108.96,False
44006e,Austria,6.17,True
44006d,Austria,217.88,False
44006c,Austria,106.97,False
ac210e,United States,243.89,False
70209a,Bangladesh,253.51,False
a86904,United States,134.41,False
a3534a,United States,164.27,False
3453c1,Spain,50.42,True
484fdf,Kingdom of the Netherlands,218.06,False
440083,Austria,219.39,False
a3c94c,United States,227.25,False
484fde,Kingdom of the Netherlands,198.28,False
a2467d,United States,49.65,False
80189d,India,0.0,True
aaf465,United States,58.39,False
ad6758,United States,216.38,False
aae133,United States,209.6,False
a2dce1,United States,164.11,False
e80040,Chile,197.19,False
4aa6a4,Sweden,34.59,False
440075,Austria,6.43,True
e80048,Chile,248.41,False
e80047,Chile,224.77,False
440073,Austria,223.1,False
440070,Austria,280.7,False
800588,India,16.98,True
ad4105,United States,188.69,False
00c77d,South Africa,4.37,True
800582,India,235.36,False
440018,Austria,173.68,False
ac7b4b,United States,55.51,False
a73690,United States,0.0,True
472fd0,Hungary,87.97,False
abab43,United States,63.99,False
accb22,United States,245.46,False
a59398,United States,155.95,False
440005,Austria,10.29,True
abab4d,United States,39.67,False
a5d02e,United States,253.93,False
440002,Austria,187.41,False
a6169a,United States,74.68,False
ad52b6,United States,87.17,False
a8431a,United States,187.32,False
a97675,United States,0.0,True
a018ee,United States,192.25,False
a8697f,United States,230.57,False
a4869d,United States,178.78,False
440039,Austria,240.22,False
440037,Austria,119.94,False
a4b065,United States,251.58,False
a72388,United States,45.82,False
aa3ae9,United States,260.28,False
abab67,United States,99.77,False
ab5b8c,United States,232.32,False
ad52bb,United States,50.34,False
a5e395,United States,133.01,False
adfe4d,United States,94.1,False
adfe4c,United States,99.74,False
aa3ae5,United States,225.81,False
aa3ae2,United States,243.89,False
440031,Austria,139.51,False
3ffa53,Germany,42.22,False
a138b8,United States,5.92,True
accb50,United States,203.77,False
aa4dfc,United States,82.25,False
abab79,United States,0.06,True
44001c,Austria,7.2,True
44001b,Austria,11.32,True
44001a,Austria,157.41,False
8960f6,United Arab Emirates,233.09,False
c04641,Canada,52.47,False
a6bfe8,United States,144.53,False
8960f9,United Arab Emirates,268.74,False
500205,San Marino,259.13,False
a84303,United States,72.96,False
adfe94,United States,130.72,False
8960f2,United Arab Emirates,268.85,False
8960f1,United Arab Emirates,235.26,False
500208,San Marino,105.5,False
8960ee,United Arab Emirates,253.46,False
a03b3e,United States,63.31,False
a245b7,United States,249.18,False
a03b56,United States,122.45,False
a03b53,United States,69.75,False
c04648,Canada,39.85,False
accb65,United States,204.49,False
a258ed,United States,143.44,False
a2de17,United States,245.33,False
506ed4,Slovenia,36.13,False
a03b67,United States,225.85,False
344197,Spain,66.78,False
e4a687,Brazil,210.66,False
8960d2,United Arab Emirates,14.92,True
a7ccad,United States,87.11,False
a4c34c,United States,241.6,False
8017a1,India,233.99,False
344195,Spain,1.8,True
3ffa05,Germany,76.54,False
8017a0,India,232.33,False
c04662,Canada,31.76,False
a84325,United States,64.31,False
aa3ab2,United States,59.04,False
a04e4e,United States,46.81,False
c0598f,Canada,49.52,False
a04e60,United States,112.25,False
a97608,United States,0.0,True
e085d4,Argentina,63.1,False
8960e7,United Arab Emirates,274.02,False
a9fa9e,United States,215.31,False
a258cd,United States,219.87,False
a28e0a,United States,210.8,False
a60369,United States,0.0,True
ab2728,United States,229.9,False
8960dc,United Arab Emirates,249.38,False
a28e0b,United States,228.39,False
c0464c,Canada,28.1,False
a78ffa,United States,227.9,False
aa0759,United States,195.13,False
adfe8d,United States,108.7,False
a8a608,United States,41.47,False
a3a391,United States,44.83,False
5001d3,San Marino,253.8,False
8016e1,India,209.9,False
89611d,United Arab Emirates,267.75,False
344295,Spain,5.14,True
300a00,Italy,255.78,False
47c1c6,Norway,131.11,False
8016df,India,189.53,False
8016dd,India,71.51,False
89611e,United Arab Emirates,264.82,False
48e1a4,Poland,41.01,False
47c1ab,Norway,62.07,False
a4d5c3,United States,61.14,False
a1be72,United States,196.58,False
a03b8e,United States,58.55,False
a52b1f,United States,248.71,False
a8306c,United States,45.2,False
ab38e6,United States,82.32,False
a3a2b9,United States,244.62,False
405638,United Kingdom,228.6,False
405631,United Kingdom,221.25,False
8016c5,India,243.6,False
4891b2,Poland,232.08,False
45ca65,Denmark,124.67,False
a39b19,United States,214.76,False
4891ac,Poland,76.96,False
a4e8ef,United States,155.19,False
4891b9,Poland,231.08,False
471d6b,Hungary,212.18,False
a03b74,United States,6.94,True
471d6c,Hungary,199.38,False
8016c7,India,7.2,True
471d6a,Hungary,250.39,False
471d6f,Hungary,157.9,False
a39b0b,United States,56.6,False
471d6d,Hungary,223.36,False
471d6e,Hungary,209.31,False
505d99,Slovakia,190.28,False
c1ea6a,Canada,13.89,True
781b6f,China,237.7,False
345592,Spain,110.79,False
a365b7,United States,216.96,False
a245dd,United States,252.13,False
5001dc,San Marino,232.3,False
896121,United Arab Emirates,268.87,False
5001db,San Marino,242.17,False
abbe26,United States,41.09,False
a615d0,United States,0.32,True
ac8e1d,United States,228.0,False
8016cc,India,179.5,False
ad409a,United States,229.56,False
406948,United Kingdom,200.61,False
406947,United Kingdom,214.47,False
a15b4c,United States,199.69,False
3d102b,Germany,50.93,False
471d68,Hungary,214.41,False
471d69,Hungary,216.22,False
a9768a,United States,243.0,False
471d62,Hungary,178.58,False
e49caa,Brazil,247.24,False
471d63,Hungary,205.48,False
ac45c8,United States,55.49,False
e49cac,Brazil,129.69,False
471d61,Hungary,6.69,True
e49cab,Brazil,244.61,False
471d66,Hungary,221.98,False
458d99,Denmark,142.2,False
8003f2,India,238.43,False
3d4973,Germany,141.39,False
a95041,United States,57.48,False
a8303f,United States,31.53,False
a41e94,United States,234.44,False
c1ea43,Canada,5.92,True
c1ea42,Canada,0.64,True
ab5b2b,United States,0.0,True
a12701,United States,49.41,False
471d72,Hungary,237.31,False
a12709,United States,207.8,False
a2de7e,United States,103.4,False
a3c8d1,United States,228.78,False
aaf2b0,United States,131.0,False
471d5b,Hungary,236.87,False
ac8e53,United States,223.92,False
471d5e,Hungary,239.96,False
471d5f,Hungary,217.77,False
a9b357,United States,123.26,False
a9b329,United States,0.0,False
458d70,Denmark,120.71,False
abbe4a,United States,246.86,False
e4a604,Brazil,196.67,False
34554d,Spain,54.53,False
3ffa7d,Germany,44.4,False
a8a66d,United States,47.35,False
ad52a3,United States,44.25,False
a0f2f5,United States,91.43,False
a96357,United States,59.9,False
458d6b,Denmark,192.41,False
ab5b4b,United States,58.15,False
a40b41,United States,114.95,False
a9767b,United States,82.71,False
a4e8d2,United States,141.48,False
a3c8da,United States,210.66,False
ab5b66,United States,221.41,False
a365f8,United States,193.29,False
ac45ea,United States,44.81,False
40697c,United Kingdom,237.32,False
a96361,United States,64.36,False
3ffa97,Germany,33.59,False
a9b338,United States,42.63,False
ab5b5e,United States,36.1,False
344218,Spain,232.48,False
a9a004,United States,106.66,False
c1ea35,Canada,9.26,True
a962b0,United States,47.22,False
a12731,United States,232.21,False
406900,United Kingdom,254.75,False
a12735,United States,248.89,False
a90e74,United States,267.03,False
aca993,United States,71.39,False
e4a4d3,Brazil,0.0,True
a04dc4,United States,61.66,False
a88b46,United States,47.35,False
ac8ce9,United States,251.16,False
a6ae97,United States,55.98,False
aa3b84,United States,114.72,False
c044cc,Canada,77.28,False
ada302,United States,238.94,False
acdcc0,United States,197.65,False
a88b2a,United States,47.21,False
e4a4ad,Brazil,65.55,False
a16db9,United States,226.64,False
a12747,United States,30.21,False
ad5329,United States,223.8,False
801804,India,223.24,False
a24720,United States,150.25,False
c044e5,Canada,52.91,False
a04dd5,United States,40.38,False
801810,India,150.05,False
a40b94,United States,55.05,False
aca989,United States,54.64,False
ac8ceb,United States,49.33,False
89617f,United Arab Emirates,213.19,False
a988f0,United States,4.37,True
ac468d,United States,233.35,False
aca99c,United States,8.23,True
a12711,United States,243.29,False
a40b93,United States,84.33,False
ada336,United States,232.38,False
89617a,United Arab Emirates,255.68,False
896198,United Arab Emirates,236.47,False
a842e2,United States,213.72,False
a04da8,United States,219.34,False
738101,Israel,259.6,False
738100,Israel,252.76,False
a2cb97,United States,82.95,False
896194,United Arab Emirates,262.06,False
896191,United Arab Emirates,273.81,False
4a3121,Romania,209.1,False
adb653,United States,82.31,False
4a3123,Romania,3.64,False
a88b4d,United States,261.7,False
3e3090,Germany,189.94,False
a90e61,United States,138.8,False
a89e93,United States,50.47,False
3c4b23,Germany,245.09,False
89618c,United Arab Emirates,276.11,False
adb656,United States,234.24,False
89618b,United Arab Emirates,0.0,True
ad533d,United States,220.66,False
a1270a,United States,227.48,False
aa4e6f,United States,236.45,False
c07a54,Canada,40.01,False
80182a,India,74.24,False
a12778,United States,226.95,False
a24757,United States,238.93,False
801835,India,102.35,False
ad402f,United States,153.84,False
a602ab,United States,215.57,False
a24753,United States,173.53,False
a5e2a1,United States,230.33,False
a00792,United States,45.31,False
c07a08,Canada,29.86,False
ab006e,United States,127.02,False
a9d8a8,United States,42.51,False
a4c2ad,United States,155.21,False
896177,United Arab Emirates,276.43,False
a1bdba,United States,75.49,False
c044b0,Canada,78.62,False
458d0c,Denmark,222.2,False
3e3033,Germany,179.65,False
e4a4ec,Brazil,225.76,False
a5f5bf,United States,74.72,False
89616a,United Arab Emirates,257.2,False
896185,United Arab Emirates,272.7,False
ab38a1,United States,81.86,False
896188,United Arab Emirates,283.47,False
a53e8e,United States,204.92,False
ad4049,United States,229.35,False
896183,United Arab Emirates,233.35,False
ab0095,United States,64.95,False
a748ec,United States,255.15,False
a2341b,United States,272.4,False
a12750,United States,94.46,False
c044bb,Canada,0.0,True
a12753,United States,176.0,False
ad4062,United States,58.79,False
e49d94,Brazil,44.43,False
a12755,United States,209.33,False
a12756,United States,219.0,False
a12758,United States,260.1,False
40690d,United Kingdom,243.41,False
ac2082,United States,240.68,False
40690c,United Kingdom,246.91,False
c044c6,Canada,56.14,False
a64b4f,United States,43.52,False
a7ce3f,United States,68.45,False
801822,India,149.22,False
c031a0,Canada,178.7,False
e49d7d,Brazil,230.44,False
a88b22,United States,72.43,False
80180c,India,141.24,False
80180b,India,202.05,False
a722b1,United States,232.53,False
a4c2f8,United States,190.62,False
aa4e43,United States,181.1,False
a988c3,United States,54.33,False
a88b16,United States,51.61,False
406909,United Kingdom,217.82,False
c07a14,Canada,240.2,False
896169,United Arab Emirates,254.48,False
801831,India,239.52,False
a5e2bc,United States,205.91,False
a868f7,United States,153.01,False
ab2854,United States,119.79,False
a77da4,United States,51.35,False
a9fb92,United States,239.46,False
452199,Bulgaria,235.21,False
a40aa8,United States,76.28,False
452198,Bulgaria,237.74,False
44019a,Austria,245.56,False
a5941e,United States,267.85,False
04200a,Equatorial Guinea,244.92,False
45217e,Bulgaria,71.6,False
a0f46f,United States,7.2,True
ab5bb1,United States,240.82,False
39dd41,France,247.26,False
a34119,United States,235.04,False
a97712,United States,66.22,False
a58103,United States,217.27,False
a39ab4,United States,231.16,False
39dd42,France,115.66,False
a12798,United States,228.83,False
a12799,United States,244.37,False
a65dd6,United States,52.78,False
a1277b,United States,234.4,False
398d46,France,33.32,False
a3a44a,United States,245.98,False
3d20a9,Germany,45.1,False
a36764,United States,59.56,False
a35434,United States,58.24,False
47b121,Norway,70.6,False
a3b796,United States,5.92,True
a5e41c,United States,223.58,False
a28de3,United States,234.03,False
ac8ee5,United States,253.46,False
a5810c,United States,234.28,False
a48732,United States,3.09,True
a24782,United States,181.41,False
a0f44c,United States,5.4,True
a28dda,United States,52.78,False
a27aab,United States,45.34,False
ac486a,United States,188.69,False
ab6efc,United States,258.91,False
440179,Austria,110.44,False
a9b2d4,United States,64.0,False
ababb7,United States,258.12,False
ac2210,United States,125.68,False
440184,Austria,247.31,False
45214a,Bulgaria,226.01,False
440181,Austria,208.11,False
38aa5c,France,40.33,False
452153,Bulgaria,0.0,True
a34154,United States,208.66,False
440169,Austria,48.55,False
45213e,Bulgaria,203.35,False
a7bb77,United States,186.29,False
45213d,Bulgaria,245.46,False
440175,Austria,210.61,False
47878d,Norway,259.02,False
440172,Austria,212.19,False
ab289c,United States,26.08,False
e071cb,Argentina,0.64,True
440171,Austria,225.06,False
a842f8,United States,237.47,False
440170,Austria,229.35,False
ac4888,United States,193.93,False
397a7c,France,66.24,False
452186,Bulgaria,248.24,False
ad6884,United States,119.52,False
a09188,United States,240.25,False
ad9bc8,United States,0.0,True
acdef1,United States,60.67,False
a39ada,United States,247.3,False
a40ad3,United States,76.67,False
47875c,Norway,176.93,False
45216e,Bulgaria,215.93,False
39dd59,France,145.11,False
47875a,Norway,180.01,False
300a9d,Italy,262.14,False
452179,Bulgaria,69.17,False
a53db2,United States,250.09,False
500194,San Marino,224.88,False
ada51e,United States,256.21,False
44017c,Austria,0.0,True
452172,Bulgaria,211.27,False
a3411f,United States,257.92,False
e49d20,Brazil,254.16,False
e49d22,Brazil,221.58,False
ac7bf8,United States,222.91,False
ababe8,United States,105.31,False
a53dac,United States,146.73,False
a0918f,United States,53.18,False
440195,Austria,202.05,False
ac3575,United States,63.13,False
ac20c4,United States,0.0,True
ab00ce,United States,230.85,False
45caa8,Denmark,239.54,False
471dbe,Hungary,228.15,False
47873f,Norway,205.33,False
e4a549,Brazil,128.56,False
471dbb,Hungary,249.14,False
471dbc,Hungary,194.54,False
300a86,Italy,218.35,False
440132,Austria,11.32,True
440141,Austria,232.62,False
300a7c,Italy,178.81,False
a3c9a3,United States,57.93,False
39ca84,France,0.06,True
478747,Norway,81.5,False
471dc0,Hungary,235.29,False
a96457,United States,167.26,False
44012f,Austria,258.3,False
e49bd7,Brazil,196.98,False
300a7b,Italy,208.82,False
452113,Bulgaria,222.57,False
8018a8,India,173.99,False
0d12f0,Mexico,200.55,False
a8a785,United States,221.3,False
a34199,United States,227.6,False
45cab9,Denmark,0.0,True
45cab5,Denmark,153.51,False
4bd8ce,Turkey,203.35,False
acdf78,United States,39.83,False
4bd8cc,Turkey,146.22,False
a126c3,United States,231.51,False
a126c4,United States,214.75,False
a97797,United States,233.97,False
a3c9b4,United States,248.33,False
ac20e7,United States,232.67,False
aae0db,United States,123.83,False
acdf9a,United States,227.95,False
c03493,Canada,240.3,False
e4a526,Brazil,247.81,False
300a62,Italy,149.41,False
adec63,United States,63.21,False
abac7e,United States,237.4,False
440159,Austria,213.82,False
ad40c9,United States,57.65,False
ad40c7,United States,36.76,False
a6f164,United States,40.86,False
a6049b,United States,216.34,False
471da8,Hungary,221.73,False
e49bb0,Brazil,55.82,False
a9b402,United States,224.89,False
452138,Bulgaria,217.63,False
c03487,Canada,233.32,False
c03488,Canada,243.85,False
471dad,Hungary,208.86,False
a04f49,United States,217.78,False
a8edd0,United States,65.63,False
4bd8ac,Turkey,38.07,True
471dab,Hungary,207.94,False
45211b,Bulgaria,190.34,False
471db6,Hungary,154.89,False
4bd8c7,Turkey,252.85,False
452126,Bulgaria,232.84,False
4bd8c4,Turkey,83.85,False
452124,Bulgaria,222.0,False
471db3,Hungary,245.73,False
471db0,Hungary,107.43,False
a2cafb,United States,46.58,False
a126ea,United States,215.55,False
4bb2b2,Turkey,257.11,False
8018e1,India,193.76,False
8018cf,India,211.11,False
300a44,Italy,227.61,False
a60455,United States,181.72,False
7c7544,Australia,0.0,True
7c7543,Australia,206.02,False
4bb2aa,Turkey,183.16,False
a1ac37,United States,47.29,False
4bb2ab,Turkey,212.92,False
a3b79c,United States,234.56,False
a4b125,United States,217.01,False
ada3f2,United States,43.05,False
8018dd,India,235.52,False
7020a6,Bangladesh,86.63,False
300a3c,Italy,118.52,False
300a3a,Italy,148.71,False
a65ddf,United States,46.21,False
a1ac0a,United States,49.9,False
a366b6,United States,189.55,False
300a55,Italy,53.7,False
a61797,United States,0.0,True
7020ac,Bangladesh,235.62,False
7020b2,Bangladesh,245.49,False
a6177c,United States,37.98,False
a16f88,United States,48.55,False
adec68,United States,32.7,False
ac4801,United States,229.09,False
a64ad1,United States,48.42,False
0d12ac,Mexico,229.2,False
a8a748,United States,236.02,False
a379dd,United States,66.36,False
300a4d,Italy,34.53,False
300a4c,Italy,57.95,False
7020b4,Bangladesh,238.65,False
8018c2,India,77.7,False
a88ab5,United States,39.08,False
e49bec,Brazil,59.13,False
440117,Austria,240.3,False
a379d3,United States,228.72,False
a5e44c,United States,255.7,False
e49bf1,Brazil,103.94,False
8961eb,United Arab Emirates,147.45,False
a5814e,United States,45.27,False
ab282b,United States,147.18,False
a04f82,United States,71.37,False
7020c8,Bangladesh,133.15,False
a379cd,United States,231.31,False
a6045d,United States,194.98,False
8018c9,India,247.71,False
ab6eb9,United States,3.34,True
781ac5,China,244.85,False
8018be,India,245.57,False
e49bff,Brazil,244.42,False
a379c4,United States,77.49,False
a2a9c9,United States,230.08,False
a83108,United States,147.46,False
a15c43,United States,0.0,True
500103,San Marino,226.5,False
a499a6,United States,191.91,False
0d12cd,Mexico,238.29,False
8018d8,India,275.95,False
4bb2a5,Turkey,245.2,False
a090a3,United States,34.53,False
aa3c22,United States,69.76,False
a39c62,United States,208.43,False
a41f78,United States,262.3,False
8017ff,India,239.62,False
ab26c5,United States,42.6,False
a629f9,United States,56.41,False
abbf11,United States,229.03,False
a53f5b,United States,220.37,False
a233e7,United States,250.54,False
a9519b,United States,71.38,False
4bb1e7,Turkey,219.79,False
a989c1,United States,206.69,False
a486cc,United States,227.12,False
a6af19,United States,29.01,False
ab5c23,United States,164.23,False
8004dd,India,227.78,False
a4d6ce,United States,77.82,False
8004de,India,239.74,False
a486d8,United States,1.54,True
a65f50,United States,57.61,False
4bb1e8,Turkey,216.31,False
8017e5,India,63.81,False
5000d7,San Marino,259.4,False
ac46c3,United States,148.82,False
8017e3,India,238.87,False
a53f84,United States,58.68,False
a28f7d,United States,62.81,False
a246eb,United States,78.75,False
c0473b,Canada,238.46,False
adc9b6,United States,72.55,True
a52c4f,United States,237.12,False
a03c96,United States,68.03,False
8017f3,India,102.99,False
4bb1c5,Turkey,256.64,False
4892c0,Poland,143.35,False
a15c80,United States,13.89,True
8017f7,India,231.77,False
ac33a3,United States,184.48,False
4892c2,Poland,215.39,False
a4b0a8,United States,188.84,False
a03c8c,United States,68.8,False
a6af39,United States,175.43,False
a95191,United States,221.61,False
a03c8f,United States,83.65,False
ab13c2,United States,41.18,False
a100d1,United States,59.82,False
8017ee,India,86.98,False
4892c9,Poland,244.48,False
ab5c3a,United States,51.96,False
4892c7,Poland,247.02,False
343046,Spain,194.4,False
a76c0f,United States,51.98,False
a2cc8f,United States,124.1,False
34568f,Spain,131.73,False
a53f20,United States,81.3,False
34568c,Spain,73.12,False
34568d,Spain,247.57,False
896213,United Arab Emirates,237.91,False
896212,United Arab Emirates,278.62,False
a3b6b7,United States,43.88,False
345698,Spain,216.86,False
aa19ac,United States,135.89,False
a2cc93,United States,138.98,False
345699,Spain,188.91,False
e07246,Argentina,237.57,False
a3ff2e,United States,49.46,False
ac33c4,United States,230.51,False
896217,United Arab Emirates,241.03,False
a95173,United States,208.41,False
ab5c69,United States,238.68,False
a3ff44,United States,131.64,False
89620f,United Arab Emirates,231.37,False
e49ba3,Brazil,118.01,False
345686,Spain,244.98,False
345687,Spain,125.84,False
345688,Spain,223.76,False
ac20a1,United States,220.2,False
7380c6,Israel,248.98,False
abac50,United States,254.28,False
7380c8,Israel,245.58,False
7380c7,Israel,264.99,False
a1ac91,United States,239.42,False
a220cb,United States,229.97,False
a2df8f,United States,52.16,False
a749c8,United States,184.38,False
ac7c52,United States,230.72,False
4785bf,Norway,71.97,False
ac7c56,United States,36.7,False
344346,Spain,235.77,False
4785be,Norway,94.0,False
abac48,United States,2.83,True
344341,Spain,208.5,False
ab5c81,United States,195.71,False
ac7c67,United States,101.78,False
471e5e,Hungary,131.36,False
ac33e2,United States,199.35,False
aa915f,United States,125.42,False
a710d4,United States,49.92,False
801919,India,90.17,False
ad9ac9,United States,238.22,False
ae0ab5,United States,57.1,False
abbdfa,United States,236.97,False
a5d0d7,United States,89.96,False
e49c59,Brazil,1.8,True
a9fc34,United States,179.66,False
ac3463,United States,55.41,False
accac7,United States,221.23,False
a36825,United States,225.31,False
80190c,India,4.37,True
ad5460,United States,219.81,False
a16ec2,United States,261.4,False
a12861,United States,245.69,False
aaf485,United States,262.14,False
a24845,United States,100.72,False
a8dc4b,United States,185.72,False
a7bc52,United States,123.45,False
aa90d4,United States,203.66,False
4785c0,Norway,118.78,False
4785c2,Norway,181.13,False
ac3477,United States,243.74,False
ab148e,United States,243.01,False
4785c1,Norway,127.0,False
a88c55,United States,149.94,False
aaf47d,United States,112.17,False
acdde3,United States,240.14,False
345646,Spain,197.52,False
ad4123,United States,187.19,False
345645,Spain,226.72,False
a8ef4d,United States,54.22,False
0d136c,Mexico,221.99,False
a6f0e3,United States,54.77,False
a9d9f7,United States,267.85,False
ae7458,United States,216.68,False
aa90be,United States,129.67,False
a9d9f2,United States,261.68,False
ac2154,United States,264.15,False
344305,Spain,254.44,False
a4d801,United States,65.2,False
aa90c8,United States,239.77,False
a3a503,United States,92.33,False
3c4a02,Germany,241.08,False
ab017b,United States,190.86,False
ac2173,United States,241.19,False
801904,India,143.56,False
aae16b,United States,142.68,False
a8dc45,United States,223.86,False
a4c3e4,United States,232.48,False
89627b,United Arab Emirates,166.85,False
c07b0a,Canada,246.18,False
0d130b,Mexico,38.73,False
4bb323,Turkey,255.07,False
aae180,United States,78.42,False
4bb324,Turkey,86.48,False
c032a2,Canada,161.51,False
345617,Spain,231.86,False
a89f54,United States,54.22,False
345618,Spain,190.33,False
aa4f7f,United States,46.71,False
a0e20b,United States,101.25,False
345613,Spain,224.09,False
a34201,United States,237.5,False
a10231,United States,131.26,False
345612,Spain,216.84,False
a88c0e,United States,84.84,False
ad4171,United States,188.73,False
e4a3cf,Brazil,202.64,False
ac2192,United States,125.28,False
a976d6,United States,105.56,False
a736e5,United States,28.3,False
39dd02,France,206.51,False
39dd05,France,235.51,False
39dd04,France,129.86,False
a5f6f9,United States,49.05,False
a1bee0,United States,232.46,False
0d0006,Mexico,50.73,False
c058dd,Canada,210.6,False
a89f83,United States,85.93,False
a89f80,United States,71.91,False
a64c6f,United States,49.65,False
a4b0bb,United States,101.57,False
a4c3ee,United States,108.72,False
a16ece,United States,59.92,False
e49c5a,Brazil,72.36,False
c045f1,Canada,147.82,False
a16ee0,United States,245.24,False
a03bcd,United States,188.38,False
ac218f,United States,37.27,False
a9a19e,United States,59.38,False
a0088f,United States,69.09,False
ab39cb,United States,201.31,False
0d133e,Mexico,248.4,False
a09239,United States,231.0,False
a9d9c1,United States,38.24,False
a28ec2,United States,72.96,False
4bb322,Turkey,188.09,False
a4c3fe,United States,89.78,False
a1286c,United States,227.34,False
ac59aa,United States,230.6,False
a89f62,United States,130.67,False
a736ff,United States,5.4,True
a57361,United States,34.21,False
c012aa,Canada,215.08,False
3451da,Spain,221.32,False
aac10d,United States,189.67,False
abe105,United States,37.51,False
4bb248,Turkey,221.34,False
a1e05c,United States,43.02,False
ac5ab7,United States,224.16,False
a02e0a,United States,228.54,False
a3338e,United States,90.16,False
4079f7,United Kingdom,0.0,True
abf431,United States,98.96,False
4066ab,United Kingdom,248.42,False
a88fe2,United States,45.86,False
a118b3,United States,28.25,False
abe115,United States,63.28,False
abf448,United States,53.51,False
a9a61c,United States,50.43,False
a118b0,United States,135.91,False
4066b9,United Kingdom,5.66,True
aae77f,United States,81.45,False
ad342b,United States,112.06,False
c012a7,Canada,246.06,False
4bb266,Turkey,239.23,False
3451d3,Spain,150.32,False
3451d4,Spain,129.39,False
3451d6,Spain,138.44,False
4bb263,Turkey,221.26,False
4bb261,Turkey,239.26,False
a71667,United States,82.72,False
ac011d,United States,213.37,False
a70334,United States,79.42,False
a70333,United States,163.47,False
ad3450,United States,95.83,False
adddd5,United States,253.86,False
a2004b,United States,142.96,False
73828b,Israel,1.8,True
a0c065,United States,61.32,False
4079cd,United Kingdom,263.66,False
a56056,United States,48.98,False
02010d,Morocco,234.53,False
47c108,Norway,77.7,False
a7167f,United States,178.0,False
a7acd6,United States,249.51,False
4079d0,United Kingdom,212.3,False
4079d1,United Kingdom,186.74,False
a3203b,United States,108.16,False
ac1466,United States,233.46,False
020118,Morocco,238.87,False
020113,Morocco,236.45,False
aa2dea,United States,225.33,False
3847ff,France,6.43,True
020110,Morocco,241.15,False
a0c075,United States,238.19,False
ac279d,United States,49.28,False
ad7ab8,United States,209.26,False
a2005b,United States,137.5,False
aa1aab,United States,217.35,False
a6803b,United States,63.89,False
aa2df1,United States,46.96,False
aa7115,United States,57.14,False
c012c7,Canada,204.39,False
a3201f,United States,252.41,False
ac0143,United States,237.31,False
a5d68a,United States,231.88,False
a68040,United States,39.29,False
020105,Morocco,241.01,False
ac5ada,United States,236.23,False
c012be,Canada,228.35,False
020101,Morocco,132.14,False
a4798f,United States,68.06,False
a3a990,United States,228.15,False
a6f616,United States,54.38,False
a4c96c,United States,243.39,False
a105b0,United States,249.0,False
a13b10,United States,131.6,False
738285,Israel,259.26,False
738284,Israel,224.07,False
a7bfa0,United States,235.39,False
aa1aa8,United States,52.05,False
4bb296,Turkey,248.78,False
738288,Israel,222.78,False
adddda,United States,241.61,False
738287,Israel,201.11,False
a5d623,United States,209.19,False
ad2138,United States,66.19,False
a9da7e,United States,53.52,False
c038ca,Canada,266.9,False
a32095,United States,240.56,False
a4b64b,United States,101.91,False
c038c8,Canada,232.55,False
abf486,United States,143.07,False
a4405f,United States,198.75,False
ac015f,United States,204.66,False
73828a,Israel,99.06,False
ab19a7,United States,250.68,False
abf480,United States,44.53,False
ac5afd,United States,10.29,True
ad2160,United States,178.68,False
44cdcf,Belgium,221.36,False
aac189,United States,110.05,False
44cdcd,Belgium,91.74,False
44cdcc,Belgium,207.9,False
a4c98f,United States,183.55,False
4bb268,Turkey,0.0,True
a1e093,United States,151.76,False
c025d2,Canada,248.53,False
4bb274,Turkey,207.48,False
a238a6,United States,231.56,False
a5999c,United States,54.37,False
adddff,United States,222.32,False
ab9193,United States,43.49,False
4bb270,Turkey,244.89,False
a5d643,United States,204.98,False
ad2174,United States,82.51,False
4bb26d,Turkey,222.26,False
4066ce,United Kingdom,244.07,False
a5c31b,United States,193.41,False
ab19af,United States,38.59,False
3c5b32,Germany,237.41,False
4066d0,United Kingdom,243.0,False
a4fce8,United States,156.64,False
4bb286,Turkey,241.21,False
4bb284,Turkey,212.76,False
4bb282,Turkey,254.53,False
4bb283,Turkey,210.99,False
a76fe9,United States,226.26,False
a8493d,United States,67.5,False
a7f063,United States,243.68,False
a5e8a2,United States,27.57,False
896406,United Arab Emirates,278.52,False
4b0d1e,Switzerland,55.23,False
44cdc8,Belgium,230.07,False
44cdc6,Belgium,228.76,False
44cdc2,Belgium,209.39,False
020176,Morocco,234.08,False
020175,Morocco,127.35,False
a37b0c,United States,248.55,False
a7f051,United States,38.57,False
a81067,United States,60.97,False
ab0722,United States,39.15,False
44cdd1,Belgium,208.83,False
44cdd0,Belgium,220.0,False
a3a8df,United States,236.21,False
a358e7,United States,50.67,False
a01b6b,United States,68.0,False
a63e0a,United States,104.4,False
a25b1c,United States,54.79,False
40679a,United Kingdom,219.78,False
ac2706,United States,149.6,False
a9568a,United States,61.34,False
a4b5b6,United States,157.49,False
a9ecda,United States,51.26,False
a728c1,United States,232.86,False
a082ac,United States,216.6,False
a095f0,United States,94.95,False
a63e21,United States,77.18,False
a01b56,United States,254.35,False
a0e5cc,United States,52.48,False
a105e8,United States,232.92,False
c038a3,Canada,250.19,False
a728b4,United States,71.8,False
a238eb,United States,89.73,False
acab9a,United States,37.47,False
406793,United Kingdom,251.55,False
aa7198,United States,20.58,False
a01b4d,United States,118.31,False
a44099,United States,88.94,False
a598ed,United States,45.82,False
a9ecf1,United States,53.15,False
020140,Morocco,106.71,False
781bb2,China,70.06,False
a465df,United States,92.61,False
a26e9a,United States,40.07,False
a99cf2,United States,54.97,False
781bab,China,215.48,False
a2be6d,United States,220.23,False
ab074e,United States,67.92,False
4bb1a3,Turkey,38.07,True
a5b063,United States,40.34,False
a345ea,United States,30.26,False
a87cf9,United States,4.63,True
4079a9,United Kingdom,237.89,False
c06cfd,Canada,215.98,False
adcb9d,United States,78.26,False
ab075e,United States,91.67,False
a1f2cd,United States,46.84,False
a1f2cc,United States,52.7,False
a6e37a,United States,238.38,False
506cae,Slovenia,213.77,False
506cab,Slovenia,235.36,False
a25b4d,United States,246.54,False
a3a8c0,United States,134.64,False
a95665,United States,213.06,False
a25b66,United States,219.87,False
a37b1c,United States,218.71,False
a9ecad,United States,53.87,False
a082fd,United States,226.2,False
02013f,Morocco,249.09,False
02013e,Morocco,252.23,False
02013d,Morocco,253.55,False
02013c,Morocco,243.01,False
aa8487,United States,84.65,False
02013a,Morocco,228.7,False
ad4747,United States,249.02,False
a345cd,United States,81.98,False
506cb0,Slovenia,219.06,False
ad4744,United States,244.24,False
345385,Spain,85.04,False
8005f1,India,232.84,False
345388,Spain,114.79,False
acab11,United States,270.89,False
a9a5a2,United States,286.12,False
a715f5,United States,32.72,False
a968f8,United States,229.4,False
c0131f,Canada,73.05,False
32006c,Italy,64.67,False
780a66,China,1.8,True
8a07a7,Indonesia,6.94,True
e80617,Chile,219.55,False
e80613,Chile,180.27,False
e80612,Chile,198.42,False
344043,Spain,0.0,False
a9db04,United States,61.96,False
0ac16e,Colombia,137.43,False
c0130c,Canada,225.65,False
aae5f7,United States,219.54,False
3d7aa4,Germany,93.65,False
780a70,China,5.14,True
ad7b17,United States,79.86,False
a9ee1f,United States,52.36,False
aa2e6f,United States,223.16,False
34535a,Spain,225.56,False
e80627,Chile,215.73,False
ac5b43,United States,75.65,False
346691,Spain,241.47,False
780a6f,China,0.0,True
ac12d6,United States,220.4,False
346690,Spain,153.82,False
abf2c2,United States,211.23,False
acbe62,United States,45.23,False
346692,Spain,234.35,False
89633a,United Arab Emirates,226.08,False
aa95e9,United States,6.94,True
e8061d,Chile,192.4,False
46b2b8,Greece,209.94,False
e8061f,Chile,213.75,False
a2ab6c,United States,231.13,False
4c80a5,Cyprus,0.06,True
e80631,Chile,6.69,True
e80630,Chile,196.31,False
896356,United Arab Emirates,243.37,False
780a89,China,221.81,False
a2ab73,United States,258.35,False
e80632,Chile,209.34,False
a6e2d2,United States,24.27,False
89634a,United Arab Emirates,241.03,False
c06ce8,Canada,135.76,False
a452d0,United States,82.75,False
aa95d8,United States,230.99,False
e8062f,Chile,263.25,False
780a96,China,257.38,False
e8062e,Chile,238.83,False
a968e3,United States,60.88,False
e8062b,Chile,187.93,False
e8062c,Chile,234.18,False
a6f5da,United States,68.7,False
a75e7e,United States,208.22,False
4d03c0,Luxembourg,62.56,False
4c80b8,Cyprus,227.55,False
0ac160,Colombia,85.28,False
a9b8aa,United States,53.61,False
780a8d,China,266.0,False
a452c4,United States,97.17,False
739600,Israel,138.59,False
ad32ab,United States,210.94,False
ac5b66,United States,231.87,False
739604,Israel,133.63,False
739603,Israel,136.28,False
acbe88,United States,219.68,False
405455,United Kingdom,66.88,False
a63e3a,United States,240.5,False
44ce79,Belgium,92.92,False
345344,Spain,116.34,False
a728e0,United States,123.08,False
44ce78,Belgium,233.3,False
89631b,United Arab Emirates,238.34,False
405457,United Kingdom,216.5,False
405456,United Kingdom,245.14,False
aa1b22,United States,11.32,True
4bb0f2,Turkey,239.28,False
44ce6c,Belgium,205.79,False
4bb0f0,Turkey,260.11,False
a728e5,United States,198.0,False
a99e09,United States,174.58,False
ac5b6b,United States,57.14,False
a46702,United States,134.93,False
40676a,United Kingdom,223.93,False
c07fbb,Canada,213.45,False
4bb0ee,Turkey,229.98,False
4bb0ef,Turkey,281.83,False
a728e9,United States,222.0,False
4bb0ec,Turkey,86.36,False
4bb0ed,Turkey,269.26,False
4bb0ea,Turkey,258.63,False
4bb0eb,Turkey,258.72,False
780a9c,China,254.78,False
89631c,United Arab Emirates,264.43,False
c07fb5,Canada,2.83,True
a7f096,United States,211.23,False
a0e751,United States,248.61,False
a07114,United States,79.51,False
a07115,United States,47.22,False
a968c8,United States,221.94,False
a968c5,United States,0.0,True
32003d,Italy,24.16,False
02019f,Morocco,232.64,False
acab3f,United States,74.99,False
02019d,Morocco,230.41,False
02019c,Morocco,2.06,True
a01ac4,United States,90.1,False
acab3c,United States,235.25,False
a5d5ae,United States,141.71,False
a968bb,United States,182.59,False
a75e1e,United States,104.68,False
c07fb8,Canada,232.25,False
c07fb9,Canada,254.6,False
a572af,United States,220.06,False
a62b2d,United States,106.06,False
aa2e36,United States,211.65,False
a7ae37,United States,83.72,False
a14da8,United States,108.72,False
34530e,Spain,147.98,False
896303,United Arab Emirates,241.03,False
896309,United Arab Emirates,268.72,False
896308,United Arab Emirates,263.88,False
896310,United Arab Emirates,270.94,False
346648,Spain,220.83,False
731a6c,Islamic Republic of Iran,202.9,False
44ce61,Belgium,96.66,False
346644,Spain,109.11,False
345313,Spain,240.78,False
345314,Spain,219.39,False
406753,United Kingdom,240.19,False
406752,United Kingdom,217.89,False
406754,United Kingdom,216.49,False
44ce66,Belgium,203.65,False
a02dbe,United States,72.54,False
4bb0e2,Turkey,259.27,False
a715c6,United States,258.33,False
896319,United Arab Emirates,247.38,False
896318,United Arab Emirates,206.79,False
a2270f,United States,237.57,False
a4fe6e,United States,36.12,False
e80600,Chile,235.46,False
4bb0e9,Turkey,224.82,False
a87e27,United States,47.92,False
6832a2,Kazakhstan,4.37,True
a37aa3,United States,238.22,False
0200fb,Morocco,91.57,False
aa9721,United States,214.39,False
a1077b,United States,53.89,False
a26df9,United States,229.68,False
0200ed,Morocco,240.37,False
ac006d,United States,152.8,False
0200ec,Morocco,241.44,False
0200eb,Morocco,236.9,False
34660d,Spain,239.69,False
a3473c,United States,243.13,False
34660f,Spain,233.7,False
34660e,Spain,231.57,False
a45404,United States,46.77,False
34660b,Spain,5.4,True
ac0094,United States,252.09,False
c03905,Canada,132.76,False
a5d713,United States,211.87,False
a57413,United States,135.7,False
a33425,United States,98.46,False
a9db6c,United States,34.33,False
346613,Spain,219.89,False
346612,Spain,229.06,False
a1f418,United States,63.82,False
4ab821,Sweden,175.46,False
4ab822,Sweden,117.8,False
a98b76,United States,0.9,True
e0664b,Argentina,0.0,True
a75da8,United States,6.94,True
a19101,United States,70.28,False
a34741,United States,85.57,False
a38db4,United States,219.66,False
ad2095,United States,237.92,False
a9db63,United States,32.45,False
a63dc7,United States,243.58,False
a21432,United States,223.22,False
a69418,United States,120.43,False
780a13,China,238.49,False
45b8b7,Denmark,243.54,False
a2274e,United States,77.18,False
a51de0,United States,78.71,False
a9ee7e,United States,48.69,False
506e38,Slovenia,50.12,False
89639e,United Arab Emirates,279.85,False
89639c,United Arab Emirates,229.71,False
80073c,India,234.76,False
506e32,Slovenia,78.11,False
a74b84,United States,44.82,False
a2bdff,United States,196.76,False
4bb208,Turkey,223.7,False
aa1b9d,United States,46.85,False
4bb206,Turkey,153.08,False
4bb204,Turkey,0.0,True
a1f46b,United States,219.74,False
abe09a,United States,256.33,False
a20155,United States,60.8,False
ac6e0b,United States,77.28,False
4bb210,Turkey,48.36,True
a955fd,United States,244.16,False
80073f,India,69.54,False
80073d,India,97.5,False
780a29,China,288.85,False
a942e0,United States,85.07,False
ab3b0d,United States,66.06,False
ac25b7,United States,55.0,False
a8ce7a,United States,65.87,False
4bb214,Turkey,266.56,False
a6f5fc,United States,200.26,False
a86b57,United States,73.0,False
aaf8f1,United States,176.91,False
4bb20f,Turkey,244.07,False
a822d6,United States,248.02,False
a2014d,United States,39.18,False
4bb20c,Turkey,0.0,True
a8ce4f,United States,227.9,False
a9ee46,United States,42.56,False
a8ce4e,United States,51.18,False
a9ee48,United States,26.74,False
a9db18,United States,38.58,False
a99e63,United States,35.68,False
a38dec,United States,129.66,False
800733,India,231.75,False
a13af4,United States,250.89,False
0200ca,Morocco,242.46,False
3d347e,Germany,61.58,False
89505c,Brunei Darussalam,231.74,False
780a3e,China,280.02,False
800736,India,256.28,False
800735,India,247.73,False
a07177,United States,8.23,True
a9db0c,United States,33.24,False
ab05f7,United States,36.38,False
a32114,United States,37.68,False
a32116,United States,244.47,False
a0716f,United States,87.16,False
a51da1,United States,201.0,False
c026fd,Canada,50.15,False
a44169,United States,235.26,False
a44168,United States,238.03,False
a69469,United States,66.37,False
a44166,United States,113.89,False
a82449,United States,47.1,False
ab3bed,United States,36.76,False
8830f6,Thailand,244.37,False
a63dff,United States,229.5,False
a70463,United States,101.22,False
a02f2d,United States,55.08,False
acabc1,United States,42.56,False
aa1bfa,United States,66.51,False
ad4873,United States,241.17,False
aac251,United States,58.28,False
aa1bef,United States,51.32,False
4bb143,Turkey,234.13,False
a119ce,United States,143.37,False
a14f29,United States,83.62,False
8963f3,United Arab Emirates,217.72,False
a0c183,United States,56.82,False
a82467,United States,48.07,False
4bb107,Turkey,191.62,False
4bb105,Turkey,235.63,False
00834c,South Africa,165.94,False
8963ea,United Arab Emirates,281.01,False
ad7bdf,United States,240.89,False
abf576,United States,151.19,False
8963ec,United Arab Emirates,265.04,False
4067c4,United Kingdom,215.94,False
ab9276,United States,259.82,False
a3a9a3,United States,224.22,False
48088d,Kingdom of the Netherlands,72.54,False
ad2231,United States,39.78,False
a32150,United States,73.85,False
ad3581,United States,142.62,False
a7178c,United States,228.32,False
a83782,United States,244.84,False
a0c190,United States,168.28,False
489220,Poland,237.57,False
a6d130,United States,43.32,False
abf580,United States,35.9,False
8963ff,United Arab Emirates,240.57,False
c05c71,Canada,225.64,False
a096a1,United States,260.97,False
a02f1f,United States,49.6,False
4bb10c,Turkey,147.16,False
a3a9b6,United States,73.66,False
8963d0,United Arab Emirates,252.48,False
a6f737,United States,49.45,False
aa2eeb,United States,143.02,False
8963d3,United Arab Emirates,182.74,False
aa720f,United States,244.36,False
3452c9,Spain,229.07,False
a69424,United States,86.94,False
484ee4,Kingdom of the Netherlands,190.78,False
467896,Finland,125.66,False
3452c8,Spain,238.53,False
8963d9,United Arab Emirates,290.0,False
8963d8,United Arab Emirates,76.64,False
a239e2,United States,5.66,True
ac159a,United States,127.68,False
a4418c,United States,247.09,False
8963e1,United Arab Emirates,273.48,False
8963e4,United Arab Emirates,234.39,False
a63de0,United States,79.13,False
8963e3,United Arab Emirates,273.5,False
a359c2,United States,82.58,False
a359c4,United States,59.68,False
8963de,United Arab Emirates,256.19,False
4bb185,Turkey,262.07,False
4bb186,Turkey,132.09,False
8963dd,United Arab Emirates,109.01,False
4bb183,Turkey,236.99,False
a239f7,United States,66.77,False
3835fa,France,0.0,True
8963db,United Arab Emirates,132.52,False
4bb184,Turkey,226.31,False
a359bc,United States,82.31,False
a239f3,United States,53.84,False
a5d750,United States,0.0,False
a63df3,United States,244.42,False
a106b4,United States,251.0,False
a5611d,United States,71.02,False
a9db94,United States,50.63,False
3465d4,Spain,243.32,False
4bb147,Turkey,236.47,False
3955f3,France,64.79,False
aa2ed8,United States,146.28,False
aa1ba6,United States,51.67,False
c013c3,Canada,264.66,False
a106ae,United States,58.74,False
a9db91,United States,52.81,False
e06611,Argentina,197.57,False
8963b9,United Arab Emirates,238.67,False
8963b8,United Arab Emirates,241.49,False
4bb14f,Turkey,244.96,False
a6e415,United States,83.29,False
4bb14b,Turkey,210.81,False
3465c9,Spain,183.67,False
781e0f,China,118.77,False
a13c21,United States,271.87,False
467895,Finland,148.87,False
4067f3,United Kingdom,242.9,False
467893,Finland,133.03,False
4067f5,United Kingdom,266.91,False
4067f7,United Kingdom,232.52,False
a6810d,United States,230.52,False
4067f0,United Kingdom,268.22,False
a13c5e,United States,28.96,False
a3a9eb,United States,212.65,False
ab4ea1,United States,37.18,False
a586b0,United States,228.3,False
ab4ea8,United States,246.21,False
a13c73,United States,1.29,True
4ac9e1,Sweden,173.52,False
4ac9e2,Sweden,0.0,True
4ac9e3,Sweden,120.78,False
4ac9e5,Sweden,115.82,False
4ac9e7,Sweden,3.34,True
4ac9e9,Sweden,192.8,False
ac2813,United States,231.23,False
020057,Morocco,195.33,False
a3df4a,United States,232.53,False
89652a,United Arab Emirates,38.24,False
acac9c,United States,77.54,False
a4c9f8,United States,237.94,False
a01c8f,United States,145.42,False
896537,United Arab Emirates,237.22,False
4ac9f2,Sweden,218.84,False
a26f6f,United States,0.64,True
4ac9f5,Sweden,216.3,False
4ac9f8,Sweden,172.06,False
a213d6,United States,241.27,False
a51f4a,United States,214.48,False
a37c1c,United States,166.29,False
478513,Norway,121.5,False
a190af,United States,67.08,False
4ac9ea,Sweden,217.2,False
a26f86,United States,99.45,False
ab4ec6,United States,229.65,False
896502,United Arab Emirates,208.31,False
a02f8c,United States,222.98,False
02006f,Morocco,189.89,False
a26f5e,United States,0.0,True
4bb196,Turkey,242.64,False
4ac9c4,Sweden,238.88,False
4bb194,Turkey,139.94,False
4bb192,Turkey,266.87,False
4bb193,Turkey,184.07,False
ac2836,United States,73.87,False
47c0fd,Norway,235.31,False
a62c1a,United States,141.81,False
020073,Morocco,239.0,False
020072,Morocco,240.08,False
4bb18b,Turkey,220.92,False
896512,United Arab Emirates,233.81,False
a63f4e,United States,0.0,True
a849ab,United States,0.0,True
a213aa,United States,57.98,False
a190a7,United States,193.03,False
a5d6ae,United States,55.8,False
89650a,United Arab Emirates,164.99,False
a106fd,United States,7.46,True
020066,Morocco,1.03,True
a599a5,United States,215.73,False
4067a4,United Kingdom,236.82,False
a466fc,United States,188.65,False
7c7785,Australia,62.32,False
a9daac,United States,80.73,False
a9ede9,United States,228.28,False
a9a776,United States,4.37,True
ac2859,United States,96.8,False
e064cb,Argentina,179.51,False
781ce6,China,248.58,False
a3df0c,United States,217.31,False
ac5bb0,United States,242.72,False
a51f0f,United States,128.12,False
c00158,Canada,212.27,False
008378,South Africa,191.54,False
4ac9eb,Sweden,151.32,False
68332c,Kazakhstan,237.47,False
4ac9ee,Sweden,239.27,False
a01c9c,United States,228.23,False
a320a6,United States,134.11,False
a0c0c8,United States,58.37,False
aa7288,United States,225.42,False
a5b17d,United States,65.4,False
a98ac6,United States,42.3,False
acaba2,United States,52.48,False
34538d,Spain,201.26,False
ac1547,United States,243.09,False
a346fd,United States,121.81,False
a9a750,United States,227.02,False
ac287c,United States,236.56,False
a81166,United States,234.26,False
a9a75b,United States,233.81,False
a38f78,United States,3.86,True
a50c00,United States,66.49,False
3d31cc,Germany,31.4,False
a9edd0,United States,51.94,False
a466d2,United States,234.35,False
a25c75,United States,176.06,False
a466d4,United States,53.68,False
008396,South Africa,38.31,False
4d02ab,Luxembourg,127.99,False
a74c67,United States,51.68,False
46a0c5,Greece,3.71,False
a693f4,United States,51.68,False
acbf63,United States,198.6,False
ac13d6,United States,250.71,False
896489,United Arab Emirates,239.03,False
ac6f6d,United States,65.07,False
4d02b7,Luxembourg,42.34,False
a10835,United States,105.7,False
4783f0,Norway,59.73,False
3e0fe5,Germany,,True
89648a,United Arab Emirates,240.71,False
4d02bf,Luxembourg,129.3,False
a1082b,United States,46.52,False
89648e,United Arab Emirates,256.06,False
40683e,United Kingdom,214.27,False
4d02c3,Luxembourg,104.33,False
a560f3,United States,238.95,False
a560f4,United States,0.9,True
ac6f90,United States,129.2,False
344157,Spain,213.54,False
ac6f95,United States,216.23,False
aa70b1,United States,121.46,False
344156,Spain,221.56,False
484f80,Kingdom of the Netherlands,214.3,False
a37c8e,United States,6.94,True
ac13f9,United States,216.73,False
484f6d,Kingdom of the Netherlands,158.02,False
ad33d1,United States,136.17,False
a09829,United States,54.12,False
89646a,United Arab Emirates,187.78,False
a87f7e,United States,0.0,True
a9dc04,United States,43.88,False
406832,United Kingdom,205.14,False
a836fb,United States,0.0,True
a9ef38,United States,56.95,False
a320d9,United States,76.98,False
ada9fd,United States,134.39,False
0082d2,South Africa,215.71,False
896481,United Arab Emirates,283.38,False
896486,United Arab Emirates,209.08,False
484f72,Kingdom of the Netherlands,228.78,False
c06db5,Canada,177.64,False
aa1c48,United States,79.71,False
a1f512,United States,81.36,False
a4ff5d,United States,97.86,False
a25ba7,United States,55.53,False
896454,United Arab Emirates,236.05,False
abe0bb,United States,218.3,False
896453,United Arab Emirates,178.29,False
896452,United Arab Emirates,264.25,False
506d8e,Slovenia,133.5,False
89643e,United Arab Emirates,148.91,False
a63f69,United States,49.6,False
a0d529,United States,41.17,False
a34840,United States,196.19,False
a09890,United States,40.04,False
345453,Spain,11.83,True
a1f504,United States,241.47,False
89644d,United Arab Emirates,260.54,False
896459,United Arab Emirates,260.83,False
896457,United Arab Emirates,279.98,False
896456,United Arab Emirates,264.62,False
a4a3ba,United States,46.92,False
896462,United Arab Emirates,190.03,False
02007d,Morocco,229.38,False
a99f2d,United States,23.16,False
c01401,Canada,218.64,False
89644f,United Arab Emirates,150.56,False
a0c204,United States,69.95,False
89644e,United Arab Emirates,268.26,False
ac00f6,United States,205.69,False
4d02cd,Luxembourg,104.43,False
adcc6c,United States,58.21,False
aa1c21,United States,46.52,False
a5d6f9,United States,239.34,False
a3480d,United States,57.6,False
505a88,Slovakia,191.31,False
a849fb,United States,230.74,False
a716f6,United States,232.85,False
40553d,United Kingdom,12.44,False
a4b6fc,United States,53.2,False
a34825,United States,135.35,False
abe0df,United States,216.07,False
a87f51,United States,163.67,False
a63f8b,United States,138.71,False
ad20f4,United States,245.1,False
a87f41,United States,143.33,False
a0e843,United States,36.32,False
89642e,United Arab Emirates,216.86,False
a716dd,United States,209.0,False
a38ef5,United States,112.16,False
a1f557,United States,260.95,False
ac6f03,United States,55.74,False
3d2066,Germany,52.93,False
a19245,United States,141.99,False
a38ef8,United States,56.74,False
a6f801,United States,50.63,False
a83801,United States,106.71,False
47c18e,Norway,64.37,False
a5c504,United States,184.16,False
484f18,Kingdom of the Netherlands,12.86,True
a5d830,United States,207.04,False
4676d8,Finland,14.92,True
a0e880,United States,58.28,False
a19229,United States,91.43,False
a1f52a,United States,49.45,False
a0c20f,United States,208.04,False
acbf02,United States,193.1,False
a0856a,United States,1.8,True
a4682e,United States,133.56,False
484f06,Kingdom of the Netherlands,214.43,False
a57544,United States,43.92,False
a58873,United States,247.19,False
a2bec7,United States,198.66,False
a63ebd,United States,160.36,False
a9dc5e,United States,235.38,False
a75ec6,United States,86.89,False
a08588,United States,43.41,False
aae6b3,United States,253.09,False
780b33,China,223.72,False
aa9801,United States,255.06,False
a9dc6b,United States,51.03,False
a75eb4,United States,63.3,False
aaf9ea,United States,199.7,False
a4423a,United States,187.38,False
c05b6f,Canada,6.69,True
ac6f46,United States,87.49,False
ad46a1,United States,83.93,False
addf01,United States,0.0,True
738443,Israel,198.55,False
a44240,United States,245.67,False
738444,Israel,61.87,False
a8bc71,United States,232.55,False
738448,Israel,244.77,False
a810ba,United States,240.14,False
a2abf0,United States,5.4,True
4689ab,Greece,152.66,False
a44238,United States,258.05,False
a3489f,United States,243.92,False
4bb101,Turkey,12.56,False
4bb102,Turkey,297.37,False
a2abda,United States,214.43,False
a1f595,United States,237.95,False
a9dc4a,United States,36.61,False
89649e,United Arab Emirates,223.95,False
a2abca,United States,30.57,False
a2abcb,United States,31.65,False
a45552,United States,171.06,False
a9a6e3,United States,91.01,False
a0d590,United States,94.3,False
a8bc3a,United States,256.38,False
ab4f80,United States,89.38,False
a49bc3,United States,55.74,False
780b65,China,153.33,False
ab3c58,United States,216.23,False
a19268,United States,118.41,False
ac26cf,United States,238.48,False
aae6dc,United States,75.97,False
aa83fb,United States,212.34,False
a9a6f0,United States,87.53,False
ad59db,United States,0.9,True
a44213,United States,217.58,False
a44212,United States,188.14,False
a44211,United States,218.47,False
ab3c61,United States,216.08,False
a44214,United States,0.26,True
a2abc5,United States,127.94,False
47848f,Norway,50.95,False
3a2e22,France,248.29,False
a9ef5c,United States,50.67,False
ac252a,United States,248.6,False
a4a114,United States,221.71,False
3965a3,France,234.94,False
780aff,China,212.89,False
aad213,United States,4.12,True
ab1890,United States,147.61,False
a72764,United States,208.87,False
3965a8,France,248.32,False
a38ae6,United States,46.94,False
c07f3d,Canada,103.62,False
a9b715,United States,158.22,False
4bb025,Turkey,259.81,False
aa2bc5,United States,233.46,False
a4a11d,United States,147.82,False
aad229,United States,142.94,False
a38ad5,United States,224.3,False
ac121a,United States,0.26,True
c023bb,Canada,251.55,False
aa2bc1,United States,151.25,False
aaf87f,United States,234.15,False
a3311b,United States,249.84,False
a4b470,United States,261.21,False
c023c9,Canada,266.55,False
a75ac7,United States,235.56,False
a3578a,United States,231.52,False
a3578c,United States,40.68,False
a21142,United States,212.59,False
45b86f,Denmark,103.4,False
ad9edf,United States,5.4,True
ac2555,United States,66.73,False
c010a2,Canada,27.15,False
aa9538,United States,45.94,False
c010a1,Canada,47.87,False
00b032,South Africa,155.12,False
a9eb8f,United States,44.03,False
a2baba,United States,42.38,False
ac6bbc,United States,79.84,False
846333,Japan,245.52,False
ab4bf0,United States,56.84,False
a34467,United States,55.05,False
accebe,United States,238.83,False
3475d9,Spain,124.88,False
a009a4,United States,235.97,False
3475d5,Spain,121.93,False
3475d8,Spain,123.13,False
aa2ba5,United States,220.56,False
a0817f,United States,230.03,False
aad249,United States,240.19,False
a5c127,United States,245.86,False
acced9,United States,71.02,False
4064bb,United Kingdom,236.37,False
e8047a,Chile,126.1,False
0ac425,Colombia,140.42,False
e80491,Chile,242.56,False
8964df,United Arab Emirates,74.77,False
0ac420,Colombia,116.27,False
3475c7,Spain,130.32,False
acbbd8,United States,125.28,False
a03f3b,United States,92.95,False
aad24e,United States,72.02,False
4077f6,United Kingdom,39.31,False
ad3226,United States,60.24,False
3ccf01,Germany,111.37,False
781f14,China,239.36,False
a52dc3,United States,61.26,False
a1f17b,United States,46.14,False
addba4,United States,125.64,False
e8048a,Chile,138.85,False
e8048c,Chile,169.8,False
4d037c,Luxembourg,82.29,False
ad8bbd,United States,46.33,False
4bb068,Turkey,153.67,False
4bb069,Turkey,221.31,False
4bb064,Turkey,236.72,False
aad25e,United States,117.47,False
4bb062,Turkey,95.29,False
05a002,Maldives,148.88,False
8964fd,United Arab Emirates,265.51,False
4bb063,Turkey,246.56,False
3c49d4,Germany,218.78,False
8964fc,United Arab Emirates,248.68,False
4077e0,United Kingdom,233.9,False
a96704,United States,44.73,False
a3ede4,United States,90.67,False
8964d3,United Arab Emirates,248.5,False
3965aa,France,231.02,False
a4b41c,United States,224.59,False
8964bf,United Arab Emirates,223.93,False
c049e9,Canada,254.97,False
4bb029,Turkey,100.32,False
4bb026,Turkey,258.48,False
4bb027,Turkey,221.83,False
c06c15,Canada,53.57,False
4077d3,United Kingdom,258.8,False
aae59b,United States,0.0,True
a03f1e,United States,243.88,False
4077ba,United Kingdom,234.57,False
8964e0,United Arab Emirates,43.14,False
4bb02b,Turkey,69.94,False
8964e3,United Arab Emirates,261.32,False
4077bb,United Kingdom,254.25,False
399b0c,France,133.3,False
8964cf,United Arab Emirates,210.3,False
4077c2,United Kingdom,46.41,False
781f41,China,210.98,False
a009da,United States,3.09,True
c06c00,Canada,47.67,False
8964e8,United Arab Emirates,232.88,False
ac259b,United States,241.82,False
a0d18b,United States,61.05,False
a34499,United States,36.84,False
e8043c,Chile,134.85,False
8008d2,India,2.06,True
a103b8,United States,44.8,False
a369e7,United States,9.77,True
387b7d,France,46.29,False
a116e1,United States,222.23,False
00b095,South Africa,238.15,False
a99af8,United States,72.16,False
01808b,Libyan Arab Jamahiriya,54.11,False
a94156,United States,238.14,False
8008d4,India,3.6,True
4c808f,Cyprus,5.4,True
00b091,South Africa,222.63,False
a3ef1b,United States,226.64,False
e8044c,Chile,181.55,False
a95491,United States,116.03,False
e8044e,Chile,220.45,False
a39f31,United States,50.46,False
ac10ed,United States,43.3,False
e80464,Chile,229.7,False
781dbd,China,116.01,False
88596a,Thailand,251.78,False
40788c,United Kingdom,168.02,False
896662,United Arab Emirates,75.7,False
3ddc4d,Germany,45.89,False
e80461,Chile,182.29,False
780aa5,China,231.85,False
345084,Spain,214.07,False
a3ef2a,United States,33.38,False
4bb05a,Turkey,249.02,False
896623,United Arab Emirates,269.41,False
a99ad2,United States,55.38,False
a0f6b9,United States,222.97,False
a27f2e,United States,192.83,False
e80476,Chile,244.53,False
484c9b,Kingdom of the Netherlands,232.75,False
4bb073,Turkey,235.83,False
a369be,United States,171.0,False
4bb074,Turkey,240.31,False
addc7c,United States,48.94,False
e80479,Chile,229.16,False
89661f,United Arab Emirates,232.02,False
a02c40,United States,215.0,False
a02c41,United States,234.77,False
a4fc02,United States,68.39,False
a2cf03,United States,255.91,False
4bb06f,Turkey,148.89,False
4bb06d,Turkey,247.62,False
a4c6b3,United States,264.49,False
e8046a,Chile,196.3,False
4bb06c,Turkey,241.61,False
4bb06a,Turkey,194.02,False
4c8085,Cyprus,220.37,False
780ab8,China,260.3,False
40653a,United Kingdom,77.9,False
a9fde8,United States,89.37,False
a3dc23,United States,0.0,True
780aad,China,268.65,False
e80487,Chile,265.07,False
40653e,United Kingdom,239.04,False
780aab,China,125.1,False
40653d,United Kingdom,131.64,False
780ac0,China,216.57,False
8008c6,India,3.34,True
a03f84,United States,220.36,False
e80489,Chile,194.92,False
89662e,United Arab Emirates,239.46,False
a9eab5,United States,46.61,False
346398,Spain,142.89,False
c01131,Canada,89.31,False
896609,United Arab Emirates,225.56,False
018061,Libyan Arab Jamahiriya,247.87,False
780ac8,China,1.54,True
896608,United Arab Emirates,234.81,False
896607,United Arab Emirates,242.03,False
ab1842,United States,230.15,False
ab5eb2,United States,232.35,False
346391,Spain,213.1,False
ad5817,United States,227.19,False
4ab5d0,Sweden,45.93,False
4ab5d2,Sweden,123.63,False
a356f6,United States,0.0,True
e80411,Chile,228.2,False
a2cf5c,United States,231.34,False
ad580c,United States,81.05,False
a5c135,United States,245.0,False
e80419,Chile,135.37,False
a5c136,United States,102.31,False
e80413,Chile,220.13,False
e80412,Chile,224.08,False
a9b740,United States,90.04,False
e80414,Chile,4.63,False
346384,Spain,296.87,False
896617,United Arab Emirates,120.69,False
896615,United Arab Emirates,248.82,False
896614,United Arab Emirates,226.41,False
e80422,Chile,214.04,False
896620,United Arab Emirates,274.7,False
a88dcb,United States,141.21,False
e80428,Chile,220.24,False
ab184d,United States,215.99,False
e80429,Chile,234.7,False
e80426,Chile,2.57,True
ab4ba6,United States,227.12,False
aa9583,United States,55.23,False
ab5ed8,United States,81.8,False
ad9ea3,United States,100.32,False
780ae5,China,135.51,False
780ae6,China,41.22,False
345041,Spain,214.59,False
ac250b,United States,211.58,False
ad5837,United States,163.51,False
a5c14d,United States,38.34,False
4ab5b0,Sweden,33.02,False
aaf83c,United States,225.33,False
e8041e,Chile,224.35,False
4a52e4,Romania,30.46,False
484c5a,Kingdom of the Netherlands,228.93,False
39a2e0,France,234.97,False
a2cf3b,United States,226.37,False
34635a,Spain,248.61,False
4a52e7,Romania,0.0,True
a71499,United States,62.5,False
40658a,United Kingdom,264.21,False
a4b49c,United States,0.0,True
e80436,Chile,153.15,False
347696,Spain,230.76,False
347695,Spain,233.06,False
e8042b,Chile,226.59,False
e8042a,Chile,81.16,False
484c50,Kingdom of the Netherlands,127.37,False
484c51,Kingdom of the Netherlands,217.29,False
a2bc12,United States,165.5,False
4780ba,Norway,59.73,False
3ff9d8,Germany,29.97,False
780aeb,China,275.24,False
a9b72d,United States,0.9,True
347690,Spain,223.02,False
4780c9,Norway,218.14,False
4780c8,Norway,173.22,False
e8042c,Chile,224.47,False
e48f10,Brazil,79.71,False
a2cf2c,United States,237.04,False
e48f04,Brazil,248.02,False
a70151,United States,217.88,False
780aec,China,245.94,False
a489d5,United States,80.1,False
a9a404,United States,210.11,False
484c52,Kingdom of the Netherlands,134.55,False
485f83,Kingdom of the Netherlands,231.15,False
485f84,Kingdom of the Netherlands,221.75,False
a369ee,United States,220.23,False
484c53,Kingdom of the Netherlands,234.5,False
a94105,United States,160.44,False
a71487,United States,1.54,True
e80447,Chile,253.6,False
a76f67,United States,233.67,False
0d106d,Mexico,196.99,False
0d106e,Mexico,217.95,False
a76f63,United States,71.94,False
a846bd,United States,54.21,False
abaf3a,United States,49.94,False
a3dc75,United States,147.07,False
0d1083,Mexico,230.54,False
a846be,United States,51.76,False
abaf47,United States,151.48,False
0d1088,Mexico,83.98,False
ab5f6a,United States,115.29,False
e48dc5,Brazil,194.57,False
a1f0db,United States,235.36,False
a8df2c,United States,236.52,False
a570ac,United States,0.0,True
40780e,United Kingdom,213.98,False
40780d,United Kingdom,0.0,True
34644f,Spain,74.43,False
484c1b,Kingdom of the Netherlands,268.33,False
34644b,Spain,145.63,False
accf1c,United States,220.49,False
ac7f4f,United States,86.97,False
a63c56,United States,220.97,False
34644d,Spain,248.79,False
aae3c4,United States,40.75,False
ac36cc,United States,252.77,False
a2cf8e,United States,38.95,False
ab4c4b,United States,235.11,False
a4a0b4,United States,200.16,False
a5d3aa,United States,83.75,False
a3dc7e,United States,245.49,False
346458,Spain,10.8,True
00c2f1,South Africa,206.17,False
a63c5f,United States,3.86,True
a76f87,United States,237.69,False
a38c5c,United States,84.21,False
ab5f90,United States,42.03,False
a5d3d1,United States,57.37,False
c06aac,Canada,242.07,False
896596,United Arab Emirates,257.22,False
a2cf7e,United States,110.73,False
a690a8,United States,238.37,False
345116,Spain,225.31,False
a4a0c1,United States,62.03,False
a210c5,United States,195.03,False
48af0c,Poland,116.7,False
740826,Jordan,273.74,False
c06aa4,Canada,239.49,False
740825,Jordan,262.32,False
48af0b,Poland,164.74,False
740828,Jordan,74.09,False
a726f8,United States,174.1,False
740821,Jordan,73.57,False
a63c81,United States,38.71,False
ab4c76,United States,241.13,False
a330a5,United States,72.54,False
a76f6c,United States,228.23,False
3009b2,Italy,0.26,True
48af12,Poland,233.56,False
3009b3,Italy,204.75,False
a846d1,United States,211.06,False
48af11,Poland,188.03,False
ac36ef,United States,233.27,False
a38c60,United States,144.05,False
e48db0,Brazil,164.86,False
345108,Spain,6.17,True
345109,Spain,225.78,False
3009b5,Italy,208.92,False
3009b8,Italy,179.54,False
345105,Spain,130.09,False
a88f59,United States,94.58,False
406542,United Kingdom,90.57,False
406544,United Kingdom,217.52,False
345101,Spain,237.81,False
461f4e,Finland,279.44,False
89655b,United Arab Emirates,281.89,False
a9eafb,United States,62.16,False
461f4b,Finland,279.83,False
48af07,Poland,215.67,False
ab4c83,United States,215.94,False
48af08,Poland,219.07,False
48af05,Poland,203.66,False
a3dc34,United States,2.83,True
48af03,Poland,76.9,False
60084d,Azerbaijan,261.48,False
461f67,Finland,3.86,True
48af01,Poland,206.46,False
461f69,Finland,216.26,False
44cc43,Belgium,232.6,False
0d1049,Mexico,246.85,False
44cc42,Belgium,254.02,False
a11843,United States,208.92,False
44cc41,Belgium,231.37,False
a4c6af,United States,214.68,False
461f62,Finland,0.0,False
406531,United Kingdom,120.4,False
44cc48,Belgium,228.26,False
407862,United Kingdom,223.69,False
44cc47,Belgium,247.85,False
44cc46,Belgium,242.28,False
0d103f,Mexico,219.6,False
44cc44,Belgium,0.0,True
a1050b,United States,86.1,False
34640e,Spain,222.37,False
a4fc0b,United States,158.07,False
a3ef78,United States,55.57,False
896582,United Arab Emirates,219.0,False
0d1053,Mexico,76.67,False
896586,United Arab Emirates,121.95,False
a8df06,United States,231.24,False
a08209,United States,55.11,False
a02bb8,United States,75.86,False
a3dc47,United States,266.38,False
346418,Spain,58.4,False
a7bf22,United States,236.85,False
a76f43,United States,80.34,False
aae3fa,United States,244.02,False
ada6ed,United States,230.35,False
89653b,United Arab Emirates,262.74,False
a38c9b,United States,57.7,False
a2bc9e,United States,236.77,False
781eb8,China,238.92,False
a76f48,United States,228.23,False
a76f46,United States,160.18,False
ac23ef,United States,219.89,False
40650b,United Kingdom,188.94,False
0d1068,Mexico,133.7,False
4b9910,Turkey,223.64,False
a11823,United States,74.32,False
a5e6aa,United States,43.08,False
a15ea4,United States,54.21,False
407844,United Kingdom,123.43,False
4b9903,Turkey,236.74,False
781ec9,China,115.88,False
896559,United Arab Emirates,234.45,False
aa818d,United States,143.85,False
781ebb,China,140.9,False
461f57,Finland,279.11,False
a2bc7f,United States,52.51,False
a5e6be,United States,32.08,False
407838,United Kingdom,247.02,False
461f54,Finland,0.77,False
407837,United Kingdom,246.73,False
ad43df,United States,236.38,False
a3dc5a,United States,6.17,True
461f50,Finland,269.86,False
a606e4,United States,265.29,False
8964b2,United Arab Emirates,230.85,False
a22539,United States,229.75,False
8964b0,United Arab Emirates,279.88,False
461f0c,Finland,214.28,False
461f0d,Finland,1243.39,False
ad313d,United States,48.9,False
448f2e,Belgium,6.43,True
a35854,United States,231.37,False
a99c95,United States,67.52,False
a2384b,United States,215.36,False
ac249e,United States,216.6,False
a700f0,United States,213.89,False
49114d,Portugal,0.0,True
a3eeb0,United States,231.37,False
750254,Malaysia,270.61,False
400f99,United Kingdom,61.49,False
a0f886,United States,159.08,False
8964c1,United Arab Emirates,242.16,False
c06b6a,Canada,179.63,False
8964af,United Arab Emirates,268.05,False
a0956b,United States,210.92,False
a35843,United States,1.03,True
aa80eb,United States,221.77,False
780c2b,China,96.7,False
a23844,United States,192.8,False
0ac326,Colombia,134.39,False
ac1190,United States,192.07,False
a03ef5,United States,149.27,False
781f73,China,67.39,False
a4c835,United States,54.01,False
a11861,United States,66.78,False
a72808,United States,145.74,False
4076dd,United Kingdom,231.58,False
a47809,United States,0.0,True
4076da,United Kingdom,7.2,True
8964a1,United Arab Emirates,235.42,False
a3eed2,United States,45.38,False
ab5f0a,United States,4.63,False
addadb,United States,253.65,False
75021c,Malaysia,92.99,False
a5983d,United States,103.96,False
0d1030,Mexico,170.1,False
a52ed6,United States,162.05,False
a5e829,United States,54.5,False
4076e2,United Kingdom,229.12,False
781f83,China,247.39,False
8964a3,United Arab Emirates,262.61,False
a7ac8f,United States,200.16,False
491139,Portugal,174.91,False
76cc66,Singapore,248.36,False
a87c4f,United States,221.33,False
c06b3e,Canada,43.96,False
a26bf3,United States,186.91,False
a4a0cd,United States,259.98,False
a7ac54,United States,234.22,False
a2bbc6,United States,245.83,False
a75c6d,United States,44.39,False
a45210,United States,249.18,False
76cc71,Singapore,203.86,False
0ac36b,Colombia,46.04,False
a2bbac,United States,223.37,False
ab29dd,United States,44.76,False
ac36a9,United States,240.33,False
76cc6f,Singapore,250.99,False
ab5f46,United States,47.65,False
ab5f43,United States,241.61,False
47947c,Norway,258.51,False
a700ac,United States,219.49,False
491116,Portugal,48.33,False
491114,Portugal,42.4,False
abaf1e,United States,128.13,False
a35871,United States,31.82,False
3c1278,Germany,0.0,True
a2cecf,United States,250.96,False
a9ec06,United States,261.55,False
780c6d,China,68.34,False
ab4c0c,United States,50.28,False
a09589,United States,61.23,False
a2bba4,United States,241.08,False
ac7f1c,United States,187.28,False
3c125d,Germany,0.0,True
ab03a4,United States,229.48,False
ad319a,United States,60.46,False
484abc,Kingdom of the Netherlands,46.48,False
e06459,Argentina,244.48,False
a0e558,United States,87.06,False
480443,Kingdom of the Netherlands,0.0,False
ab4c1c,United States,250.86,False
a09590,United States,240.73,False
ab4c1d,United States,271.55,False
accf07,United States,129.74,False
47945c,Norway,7.72,True
a88f96,United States,51.94,False
48adab,Poland,0.0,True
ad9f15,United States,232.74,False
48adac,Poland,116.74,False
a953ae,United States,54.91,False
a953af,United States,239.34,False
a14bf5,United States,53.17,False
ac7f41,United States,241.09,False
4ab566,Sweden,132.62,False
a8deb4,United States,192.77,False
4d0211,Luxembourg,248.71,False
4ab568,Sweden,73.17,False
a9b828,United States,62.93,False
a4524b,United States,60.03,False
e0b2c4,Argentina,269.97,False
a7286b,United States,105.05,False
ad8cab,United States,266.68,False
3c48f1,Germany,10.8,True
e48e46,Brazil,183.81,False
4b8566,Turkey,253.15,False
a76ef7,United States,57.8,False
aad32b,United States,81.92,False
3c48e8,Germany,129.85,False
a6920c,United States,5.92,True
a6920b,United States,27.28,False
ac1327,United States,192.95,False
aaf996,United States,219.26,False
a95528,United States,191.43,False
a8351d,United States,171.7,False
c06d2c,Canada,191.95,False
3c48ea,Germany,0.0,True
478363,Norway,139.42,False
3c48ee,Germany,222.12,False
ac265e,United States,63.89,False
478362,Norway,159.03,False
496cac,Portugal,6.17,True
4ab56e,Sweden,121.11,False
4ab56f,Sweden,15.95,True
c06d48,Canada,216.67,False
ac1330,United States,64.01,False
ac2666,United States,100.79,False
a8350b,United States,124.91,False
a57258,United States,136.78,False
485ffa,Kingdom of the Netherlands,62.02,False
4078ae,United Kingdom,243.81,False
aad352,United States,242.74,False
484cc3,Kingdom of the Netherlands,208.75,False
ad331a,United States,44.76,False
a21262,United States,30.32,False
ad598f,United States,59.85,False
a5d566,United States,207.04,False
abafff,United States,0.0,True
4ab555,Sweden,116.32,False
a82213,United States,47.29,False
3463c6,Spain,160.22,False
a8dea0,United States,60.47,False
484cb4,Kingdom of the Netherlands,235.7,False
c024d9,Canada,207.75,False
a7021e,United States,56.83,False
a96840,United States,39.04,False
abf32f,United States,0.0,True
4ab561,Sweden,131.5,False
a33243,United States,211.91,False
4ab563,Sweden,6.94,True
4ab564,Sweden,143.28,False
4ab565,Sweden,121.04,False
e4a8fc,Brazil,129.22,False
4065de,United Kingdom,250.69,False
76cd07,Singapore,222.25,False
76cd06,Singapore,245.97,False
aa8315,United States,239.97,False
76cd08,Singapore,101.39,False
ad333a,United States,48.55,False
a60852,United States,251.34,False
abf351,United States,253.39,False
780d01,China,103.81,False
a5e837,United States,109.55,False
75026b,Malaysia,248.41,False
a117bc,United States,97.84,False
4078fd,United Kingdom,255.47,False
ac136d,United States,111.08,False
4d0265,Luxembourg,208.92,False
acbcce,United States,57.49,False
a4c85b,United States,96.91,False
4078fe,United Kingdom,78.19,False
76cd17,Singapore,194.99,False
aa2ca5,United States,0.06,True
abe030,United States,243.76,False
aa2ca2,United States,118.63,False
76cd0f,Singapore,271.37,False
a57214,United States,108.42,False
aa2ca9,United States,250.59,False
ab905c,United States,227.21,False
4078ef,United Kingdom,133.27,False
4d0238,Luxembourg,165.1,False
abe03c,United States,41.62,False
780d23,China,226.69,False
abf375,United States,241.53,False
8965f8,United Arab Emirates,192.62,False
a6f50c,United States,44.4,False
8965f7,United Arab Emirates,0.9,False
ab9078,United States,251.1,False
4078f0,United Kingdom,243.62,False
4078db,United Kingdom,50.12,False
a4fbbc,United States,99.8,False
a59893,United States,79.78,False
44ccd1,Belgium,193.49,False
75025f,Malaysia,181.42,False
780d1f,China,187.5,False
a4fbd4,United States,206.75,False
a3327b,United States,119.49,False
ad336a,United States,6.43,True
4078e3,United Kingdom,71.15,False
aa3fb2,United States,43.29,False
75025b,Malaysia,246.42,False
a094a3,United States,22.22,False
76cd41,Singapore,253.42,False
a9ec7f,United States,153.33,False
76cd43,Singapore,258.95,False
ac138c,United States,188.68,False
781ed3,China,258.92,False
acaa77,United States,221.22,False
a597a6,United States,239.69,False
a081aa,United States,240.78,False
a14d65,United States,28.34,False
a104d0,United States,48.42,False
896768,United Arab Emirates,131.61,False
a37a02,United States,93.14,False
adca4b,United States,206.36,False
ac5a94,United States,0.0,True
e80335,Chile,160.62,False
0ac1b5,Colombia,0.0,False
406696,United Kingdom,247.6,False
a9559e,United States,156.52,False
ab1932,United States,53.23,False
e8032e,Chile,188.7,False
4d029e,Luxembourg,142.94,False
780bb8,China,273.95,False
87aad6,Japan,8.23,True
84b495,Japan,3.09,True
acaa5d,United States,168.3,False
4911f7,Portugal,212.45,False
461fa9,Finland,227.37,False
aa7082,United States,216.12,False
461fa3,Finland,183.15,False
461fa4,Finland,252.45,False
461fa5,Finland,229.58,False
896745,United Arab Emirates,218.33,False
ab1946,United States,59.64,False
461fa0,Finland,241.2,False
461fa1,Finland,11.32,True
a597c5,United States,51.68,False
40666c,United Kingdom,5.4,False
a3ca01,United States,7.2,True
40799c,United Kingdom,145.88,False
a8228e,United States,236.88,False
ab5faa,United States,220.28,False
aaf936,United States,136.43,False
adca6c,United States,86.21,False
a597bf,United States,191.12,False
40799b,United Kingdom,57.09,False
40666a,United Kingdom,226.28,False
ab193f,United States,53.5,False
a26d33,United States,38.07,False
a9fef5,United States,43.81,False
406674,United Kingdom,95.17,False
406673,United Kingdom,238.15,False
a82293,United States,125.33,False
ab5fc9,United States,142.29,False
a95590,United States,223.64,False
a51d2d,United States,78.09,False
40665e,United Kingdom,254.03,False
4d0280,Luxembourg,127.28,False
461faa,Finland,232.43,False
a237d2,United States,36.0,False
43bfdf,United Kingdom,1.03,True
ac7faf,United States,204.99,False
aa8390,United States,227.5,False
ab0634,United States,24.18,False
a8def1,United States,189.48,False
a9687f,United States,32.99,False
896727,United Arab Emirates,235.8,False
ac260f,United States,50.03,False
a37a39,United States,38.24,False
a9b85b,United States,247.68,False
471a80,Hungary,121.05,False
a96890,United States,210.5,False
a6f581,United States,241.14,False
a37a41,United States,54.22,False
a224f9,United States,218.63,False
ab195f,United States,47.51,False
a8222c,United States,239.27,False
a14d8b,United States,252.68,False
89671c,United Arab Emirates,199.81,False
ab1971,United States,238.98,False
ab0640,United States,60.19,False
aae61c,United States,56.02,False
ab1978,United States,117.58,False
ada902,United States,102.44,False
a83569,United States,202.92,False
c0256e,Canada,155.7,False
896740,United Arab Emirates,202.28,False
471a7f,Hungary,137.32,False
aaf968,United States,231.58,False
471a7e,Hungary,78.23,False
a8ded6,United States,202.83,False
346499,Spain,0.0,True
896707,United Arab Emirates,228.14,False
a081ca,United States,247.79,False
a83595,United States,157.19,False
ada936,United States,45.2,False
a8decc,United States,72.65,False
ac1301,United States,244.91,False
a344be,United States,211.52,False
a01a76,United States,41.56,False
346489,Spain,95.49,False
a5c293,United States,49.68,False
a477bc,United States,35.47,False
a8dee0,United States,257.75,False
a37a08,United States,91.21,False
abf308,United States,234.28,False
a38d35,United States,117.14,False
4ab4a1,Sweden,50.66,False
ab198d,United States,283.06,False
a5c289,United States,185.49,False
ad4620,United States,58.96,False
aa834b,United States,80.63,False
a344aa,United States,102.08,False
e80326,Chile,72.7,False
c07ee8,Canada,239.99,False
a75d57,United States,65.96,False
a23905,United States,45.79,False
a23904,United States,109.94,False
40660e,United Kingdom,236.42,False
700025,Afghanistan,220.59,False
a451cf,United States,232.2,False
0201a2,Morocco,240.45,False
0201a0,Morocco,214.07,False
40660c,United Kingdom,242.73,False
ada7b2,United States,133.99,False
a38d8f,United States,223.04,False
345250,Spain,231.0,False
aa1a34,United States,4.12,True
a2bd98,United States,95.54,False
a691ad,United States,103.82,False
a331e5,United States,31.96,False
ab04f3,United States,231.9,False
a4b4ed,United States,133.52,False
a954aa,United States,0.0,True
4794f2,Norway,236.21,False
aa1a1d,United States,124.71,False
ab04f9,United States,247.66,False
345248,Spain,161.06,False
345249,Spain,148.84,False
aa1a26,United States,151.67,False
a0d1eb,United States,36.82,False
407930,United Kingdom,0.0,True
a4ea67,United States,54.18,False
ac24e4,United States,116.63,False
c0121e,Canada,99.63,False
0201c4,Morocco,236.67,False
0201c3,Morocco,233.44,False
0201c2,Morocco,223.15,False
0201c1,Morocco,203.61,False
3deda7,Germany,56.75,False
e49fb2,Brazil,143.22,False
e49fb4,Brazil,220.64,False
a967ae,United States,246.57,False
aa1a16,United States,245.36,False
c06bc9,Canada,45.23,False
ac6d77,United States,237.84,False
a6f4be,United States,47.9,False
0201b5,Morocco,227.59,False
a2aa3a,United States,52.79,False
a50a88,United States,234.87,False
a6f4bb,United States,53.05,False
a11918,United States,37.73,False
34654b,Spain,221.26,False
c07eee,Canada,84.61,False
a86a11,United States,70.42,False
407913,United Kingdom,225.09,False
e49fc2,Brazil,200.4,False
ad44bc,United States,207.78,False
407914,United Kingdom,87.94,False
346555,Spain,262.8,False
781fb3,China,233.75,False
7501fa,Malaysia,239.22,False
407994,United Kingdom,260.25,False
a0f950,United States,195.86,False
abf1c5,United States,87.04,False
89667c,United Arab Emirates,273.57,False
406669,United Kingdom,185.49,False
89667b,United Arab Emirates,64.62,False
406668,United Kingdom,228.59,False
407992,United Kingdom,245.03,False
406660,United Kingdom,244.82,False
a34608,United States,48.66,False
40797a,United Kingdom,244.48,False
a08317,United States,219.58,False
e48ce6,Brazil,232.71,False
44cd61,Belgium,3.6,True
345215,Spain,14.4,True
781fc4,China,270.14,False
781fc3,China,249.02,False
345212,Spain,224.08,False
a47904,United States,146.64,False
a967a5,United States,56.2,False
40796b,United Kingdom,229.16,False
a02cd6,United States,139.56,False
4d00c6,Luxembourg,183.76,False
4d00c3,Luxembourg,237.75,False
345206,Spain,222.92,False
345207,Spain,240.23,False
a584bc,United States,244.28,False
a5e7ba,United States,84.43,False
ad7a2b,United States,116.2,False
781fbe,China,208.6,False
a37a8f,United States,68.39,False
400fdb,United Kingdom,218.44,False
a5d4b5,United States,50.78,False
7501e8,Malaysia,231.36,False
a23922,United States,84.55,False
896665,United Arab Emirates,247.19,False
a03fd0,United States,242.38,False
a4fd3d,United States,42.19,False
a63d42,United States,2.57,True
a94297,United States,67.74,False
400fda,United Kingdom,222.97,False
ad7a5c,United States,261.55,False
e49ff9,Brazil,116.8,False
89666d,United Arab Emirates,247.75,False
89666a,United Arab Emirates,236.06,False
400fe2,United Kingdom,132.01,False
400fe0,United Kingdom,186.74,False
894014,Bahrain,1.29,True
a5d4c3,United States,251.08,False
39a413,France,33.12,False
896681,United Arab Emirates,232.14,False
896680,United Arab Emirates,250.96,False
acbd6f,United States,139.85,False
a451db,United States,230.09,False
acbd6b,United States,38.94,False
a2aa83,United States,53.11,False
e0b390,Argentina,258.91,False
a0e607,United States,238.11,False
e0b392,Argentina,200.77,False
a51d6f,United States,222.36,False
76cd45,Singapore,246.01,False
c010ec,Canada,254.34,False
76cd47,Singapore,260.18,False
a19009,United States,50.42,False
4d00ee,Luxembourg,75.15,False
76cd49,Singapore,256.15,False
aa9600,United States,220.41,False
a9ed86,United States,50.2,False
8965cb,United Arab Emirates,232.01,False
a1afec,United States,150.38,False
a2396e,United States,258.8,False
8965d4,United Arab Emirates,221.75,False
4d00ed,Luxembourg,222.65,False
a9da3b,United States,264.23,False
748050,Lebanon,0.0,False
a0d344,United States,188.42,True
8965cf,United Arab Emirates,239.25,False
c06c8a,Canada,99.73,False
15205a,Russian Federation,245.77,False
a40fac,United States,54.3,False
a1afdb,United States,177.84,False
a3efcc,United States,19.55,False
a99d89,United States,211.71,False
4051ab,United Kingdom,59.18,False
a3460e,United States,125.96,False
a99d87,United States,79.74,False
8832d6,Thailand,86.34,False
4d00d7,Luxembourg,119.41,False
4d00d5,Luxembourg,111.44,False
4d00d9,Luxembourg,141.36,False
4d00d8,Luxembourg,70.91,False
a71612,United States,143.54,False
76cd70,Singapore,225.24,False
8965b5,United Arab Emirates,191.14,False
76cd72,Singapore,277.85,False
8965b3,United Arab Emirates,238.2,False
8965b2,United Arab Emirates,239.67,False
8965b9,United Arab Emirates,255.98,False
8965b8,United Arab Emirates,245.87,False
a52fe1,United States,54.99,False
76cd76,Singapore,238.38,False
a99d90,United States,218.54,False
76cd75,Singapore,228.42,False
abf29f,United States,251.51,False
a3dcc2,United States,135.01,False
a39fb7,United States,241.16,False
a07015,United States,39.1,False
a4c95d,United States,67.16,False
4d00f1,Luxembourg,193.97,False
4d00f5,Luxembourg,174.32,False
a22642,United States,220.76,False
4d00f4,Luxembourg,243.05,False
4d00f2,Luxembourg,222.59,False
a27fd5,United States,66.16,False
a35949,United States,1.8,True
8965c3,United Arab Emirates,234.91,False
4d00dc,Luxembourg,200.68,False
a8ba65,United States,31.39,False
4d00db,Luxembourg,225.61,False
ab17be,United States,47.73,False
a50a98,United States,79.57,False
a3599f,United States,83.99,False
a9da13,United States,45.37,False
a3200c,United States,231.63,False
a691db,United States,93.6,False
a75d8f,United States,68.98,False
ad57a2,United States,3.6,True
a2bce6,United States,241.73,False
152015,Russian Federation,261.85,False
0201cd,Morocco,250.41,False
152013,Russian Federation,246.74,False
a1f33c,United States,62.67,False
15201a,Russian Federation,248.46,False
0201d3,Morocco,229.9,False
a9ed53,United States,0.0,True
0201d1,Morocco,78.94,False
a9da0d,United States,0.0,True
780d99,China,124.4,False
a701cd,United States,56.32,False
750328,Malaysia,122.2,False
152022,Russian Federation,80.78,False
a38ce9,United States,242.02,False
a3efa2,United States,252.12,False
a9ed27,United States,52.46,False
4b1bc5,Switzerland,40.85,False
c06c7d,Canada,135.1,False
e0b316,Argentina,223.12,False
a33339,United States,14.92,True
a98a0a,United States,78.23,False
a1e015,United States,52.16,False
ac37bd,United States,235.71,False
a32005,United States,171.12,False
152037,Russian Federation,233.5,False
a4795a,United States,200.25,False
a8cd42,United States,61.66,False
152052,Russian Federation,259.12,False
a4c929,United States,27.84,False
89408e,Bahrain,253.86,False
780d9e,China,202.01,False
a1902f,United States,42.19,False
a7ad84,United States,219.05,False
a26ce9,United States,47.85,False
a33328,United States,268.81,False
c06c86,Canada,117.31,False
a9b7d8,United States,66.98,False
aa2d6f,United States,66.27,False
c06c84,Canada,86.67,False
a33325,United States,230.42,False
a954cd,United States,40.52,False
a4794e,United States,250.37,False
a59930,United States,46.44,False
a821d7,United States,85.34,False
152044,Russian Federation,257.46,False
a3e911,United States,246.96,False
a66a84,United States,132.79,False
ac52ee,United States,190.43,False
a8c4e5,United States,199.77,False
aceb61,United States,223.46,False
a19fbe,United States,47.03,False
899087,Taiwan,245.81,False
a8b1b1,United States,45.44,False
ad1e7a,United States,69.5,False
a7a4e6,United States,205.97,False
ade8ff,United States,186.09,False
a994f9,United States,67.69,False
a981c8,United States,3.34,True
a92d85,United States,71.36,False
89907c,Taiwan,242.58,False
a91a57,United States,96.76,False
ac52ff,United States,276.69,False
a00000,United States,36.53,False
aa5b92,United States,257.41,False
a06cd9,United States,26.83,False
add5d9,United States,68.52,False
adc2a7,United States,140.38,False
a7b7fb,United States,268.44,False
040199,Ethiopia,247.7,False
a1a92e,United States,56.98,False
a42a91,United States,239.02,False
ac9b8d,United States,34.53,False
a20fa3,United States,36.01,False
a2791e,United States,225.05,False
e4a006,Brazil,127.47,False
a2791f,United States,92.14,False
a0261f,United States,37.85,False
a3e936,United States,66.6,False
a51600,United States,88.22,False
c0405a,Canada,147.71,False
e4a012,Brazil,219.0,False
a2790d,United States,239.77,False
c04051,Canada,7.2,True
c04052,Canada,245.15,False
a07fe0,United States,44.25,False
a80d95,United States,77.17,False
aceb76,United States,234.07,False
c0537b,Canada,12.52,False
a7da09,United States,234.43,False
a7a4b3,United States,48.05,False
4bcd86,Turkey,253.01,False
e4a069,Brazil,73.23,False
4bcd85,Turkey,6.17,True
4bcd83,Turkey,257.28,False
4bcd81,Turkey,256.22,False
c07993,Canada,240.41,False
a25329,United States,74.66,False
a1eff8,United States,50.0,False
a9f7b0,United States,0.51,True
aa12cf,United States,48.38,False
a887e3,United States,188.38,False
899045,Taiwan,0.0,False
899044,Taiwan,253.73,False
e4a074,Brazil,72.62,False
899040,Taiwan,255.4,False
a1efee,United States,66.75,False
a67d66,United States,261.4,False
a32ff6,United States,244.59,False
a80d47,United States,110.49,False
a14689,United States,45.27,False
406ec7,United Kingdom,248.87,False
4ca4ea,Ireland,228.65,False
3b770d,France,81.48,False
a3861f,United States,230.54,False
4ca4f5,Ireland,226.27,False
a1efe7,United States,251.1,False
a00042,United States,233.56,False
c1e972,Canada,12.35,True
a24003,United States,92.1,False
4ca4f8,Ireland,222.7,False
a54a71,United States,70.98,False
040159,Ethiopia,181.33,False
ac6703,United States,58.39,False
c0797b,Canada,257.01,False
a55d8e,United States,63.69,False
a4e1d2,United States,32.81,False
040156,Ethiopia,262.02,False
a38633,United States,0.0,True
89900d,Taiwan,271.78,False
ab8da8,United States,45.27,False
a1a965,United States,7.72,True
a2795f,United States,57.5,False
a15989,United States,65.5,False
a754f1,United States,28.37,False
a18cbb,United States,263.05,False
a2c93f,United States,196.06,False
48b494,Poland,235.94,False
a0bcb2,United States,7.72,True
49d3bb,Czech Republic,215.38,False
a32fd5,United States,190.34,False
a15996,United States,86.6,False
89901e,Taiwan,272.26,False
780204,China,0.77,True
a2c92b,United States,219.46,False
89901b,Taiwan,247.79,False
ab4747,United States,89.69,False
89901d,Taiwan,240.02,False
49d3d5,Czech Republic,0.06,True
a0cfec,United States,157.42,False
49d3d6,Czech Republic,249.72,False
a02681,United States,229.8,False
49d3d3,Czech Republic,240.28,False
a2c931,United States,110.99,False
ab473a,United States,242.81,False
899039,Taiwan,239.56,False
c1e947,Canada,1.29,True
a0267b,United States,234.98,False
48fc83,Poland,88.9,False
a0001a,United States,244.82,False
a5031a,United States,240.12,False
406f7c,United Kingdom,243.31,False
c1e90a,Canada,4.63,True
406f7a,United Kingdom,238.35,False
ae08a6,United States,12.35,True
abde0b,United States,230.45,False
406f86,United Kingdom,250.31,False
406f87,United Kingdom,245.8,False
a3601a,United States,70.09,False
c1e918,Canada,1.29,True
a6495f,United States,233.83,False
a13386,United States,233.09,False
a52994,United States,41.53,False
a75634,United States,238.36,False
a37358,United States,92.67,False
a2536f,United States,191.18,False
486491,Kingdom of the Netherlands,222.66,False
486492,Kingdom of the Netherlands,220.72,False
406f76,United Kingdom,284.38,False
486495,Kingdom of the Netherlands,181.2,False
406f77,United Kingdom,258.74,False
486494,Kingdom of the Netherlands,191.48,False
a13391,United States,253.6,False
a6dfaa,United States,233.45,False
a31cf7,United States,54.08,False
0d0842,Mexico,163.34,False
a2668b,United States,232.15,False
a7da9f,United States,250.39,False
a64996,United States,174.57,False
a2400b,United States,50.94,False
a12036,United States,39.57,False
49d3fa,Czech Republic,242.88,False
c07973,Canada,0.0,True
3cc158,Germany,61.2,False
a6dfe7,United States,173.75,False
c07971,Canada,132.33,False
a00050,United States,151.21,False
0d083b,Mexico,160.06,False
a49314,United States,63.27,False
a00055,United States,213.76,False
a3732b,United States,138.63,False
aa6db8,United States,206.19,False
486484,Kingdom of the Netherlands,165.61,False
486483,Kingdom of the Netherlands,215.82,False
a4f668,United States,48.02,False
4ca4ef,Ireland,190.58,False
abde34,United States,213.95,False
4ca4ee,Ireland,220.27,False
a7a60e,United States,236.19,False
4ca4ed,Ireland,233.7,False
a12030,United States,1.54,True
a1dcf2,United States,243.66,False
a13363,United States,59.83,False
a0004d,United States,125.13,False
a37335,United States,220.59,False
150690,Russian Federation,207.54,False
a62344,United States,62.47,False
a7a616,United States,246.78,False
a3b02e,United States,247.24,False
ac65bb,United States,208.24,False
a3c35d,United States,171.22,False
a8fa9f,United States,63.26,False
a8d915,United States,30.19,False
48645f,Kingdom of the Netherlands,31.55,False
ab8e6c,United States,218.17,False
a8fa72,United States,55.68,False
a038c7,United States,247.08,False
ab7b59,United States,81.11,False
a06e20,United States,157.65,False
a37389,United States,123.62,False
ab7b67,United States,34.41,False
a56fbe,United States,36.16,False
a7da5f,United States,231.21,False
a6492f,United States,209.53,False
498421,Czech Republic,208.76,False
acc8df,United States,56.39,False
0d0804,Mexico,216.71,False
0d0806,Mexico,227.57,False
a8fa3f,United States,94.36,False
ac65fb,United States,230.41,False
a2b698,United States,240.66,False
aca2ae,United States,222.12,False
4409c0,Austria,221.92,False
0d0810,Mexico,227.78,False
c07937,Canada,197.15,False
a2b67b,United States,76.94,False
a51656,United States,207.65,False
a5bfc3,United States,54.54,False
a2fcee,United States,177.66,False
a5bfc2,United States,86.51,False
a06e11,United States,223.27,False
acfe4e,United States,68.17,False
a8b1e2,United States,81.3,False
ad1e6b,United States,38.39,False
a50326,United States,38.2,False
502dac,Latvia,241.63,False
add667,United States,195.49,False
abdcfd,United States,153.78,False
add664,United States,109.32,False
a87696,United States,57.15,False
a05b29,United States,68.61,False
448145,Belgium,3.86,True
ad734a,United States,89.99,False
c051e8,Canada,98.01,False
47a743,Norway,69.04,False
c051e6,Canada,238.86,False
a48084,United States,211.02,False
a3e8a4,United States,111.59,False
502dae,Latvia,14.92,True
a06e68,United States,40.57,False
ade984,United States,184.54,False
502da9,Latvia,162.97,False
aa1396,United States,37.83,False
502db2,Latvia,213.04,False
502db3,Latvia,210.86,False
a05b45,United States,80.26,False
c051d1,Canada,155.29,False
a8c67d,United States,47.03,False
ac536c,United States,232.53,False
a85055,United States,214.75,False
a9e634,United States,87.78,False
adb014,United States,239.07,False
49d51b,Czech Republic,71.26,False
3d06d3,Germany,49.01,False
7061f5,Kuwait,183.86,False
a97018,United States,40.04,False
ac538f,United States,228.96,False
adc375,United States,36.01,False
a88982,United States,82.77,False
a80cd2,United States,54.3,False
a132d0,United States,61.9,False
a6ccd1,United States,40.51,False
a75676,United States,180.97,False
a99645,United States,41.43,False
c064d8,Canada,261.29,False
394a04,France,251.75,False
394a01,France,253.29,False
a50370,United States,0.0,True
394a08,France,258.95,False
a6dffe,United States,101.44,False
a252a7,United States,98.83,False
3e0176,Germany,56.03,False
394a09,France,255.96,False
a1cb0f,United States,260.25,False
a6dff9,United States,146.03,False
a252ae,United States,197.55,False
a4e368,United States,94.33,False
ab58c5,United States,71.52,False
a9e625,United States,57.29,False
394a14,France,252.66,False
49c229,Czech Republic,60.05,False
0d06de,Mexico,214.42,False
a3b063,United States,244.08,False
a2fe28,United States,229.58,False
a1a8da,United States,0.0,True
a31e36,United States,213.12,False
a31e37,United States,39.63,False
a85011,United States,51.42,False
0d06f6,Mexico,233.94,False
aa3994,United States,153.08,False
a2fe21,United States,127.0,False
4ca536,Ireland,150.6,False
49d563,Czech Republic,8.75,True
a7566a,United States,204.73,False
adb04a,United States,220.47,False
ab7b02,United States,252.03,False
a132b3,United States,56.41,False
a132b5,United States,45.87,False
a4e389,United States,0.0,True
a06e97,United States,1.54,True
a4d04c,United States,95.26,False
aa25d5,United States,105.01,False
406df4,United Kingdom,3.86,True
a372cc,United States,100.82,False
a3c2af,United States,33.66,False
aa6e56,United States,33.02,False
a8a093,United States,41.83,False
a9c082,United States,61.24,False
48b2ca,Poland,100.84,False
aa25d9,United States,37.11,False
780217,China,252.83,False
a31e96,United States,247.12,False
a252dd,United States,187.59,False
a5ae2f,United States,142.24,False
a372e0,United States,146.67,False
040229,Ethiopia,226.0,False
acb608,United States,147.68,False
a54b2a,United States,74.6,False
3c70cb,Germany,239.41,False
a385ee,United States,231.16,False
a3c2be,United States,241.96,False
395d6e,France,216.89,False
ab5975,United States,252.87,False
a43e5c,United States,227.11,False
a43e5b,United States,245.28,False
04022b,Ethiopia,261.7,False
ac6622,United States,235.59,False
a8d8c1,United States,39.56,False
899016,Taiwan,247.51,False
899017,Taiwan,216.77,False
78021c,China,262.57,False
78021a,China,240.85,False
406dce,United Kingdom,80.9,False
aacfe9,United States,248.42,False
a43e60,United States,225.33,False
780233,China,242.19,False
ac0fdc,United States,139.3,False
a9d390,United States,45.27,False
a78b23,United States,181.18,False
3de0be,Germany,58.41,False
4ca56d,Ireland,201.44,False
4ca56c,Ireland,112.77,False
ac5310,United States,6.17,True
a05b7e,United States,234.81,False
78022e,China,149.76,False
a768fd,United States,262.82,False
ae093c,United States,196.52,False
a05b94,United States,108.04,False
a6ce57,United States,62.26,False
4ca56b,Ireland,160.11,False
4ca56a,Ireland,229.0,False
a6ce58,United States,234.6,False
a8b39a,United States,64.98,False
a80e46,United States,249.78,False
acc955,United States,125.22,False
a622bc,United States,216.33,False
ac796b,United States,213.53,False
a7b8d7,United States,238.95,False
406dc6,United Kingdom,46.81,False
abdcb5,United States,119.91,False
760a0c,Pakistan,238.72,False
aa25a6,United States,215.51,False
abdcb7,United States,197.94,False
78023d,China,263.31,False
a875a2,United States,245.58,False
395d68,France,195.09,False
a2fe3c,United States,154.74,False
acc945,United States,59.57,False
a768ee,United States,32.09,False
780258,China,182.02,False
a9704d,United States,225.64,False
06a3b6,Qatar,207.07,False
780256,China,236.64,False
ab2018,United States,48.77,False
c05293,Canada,72.4,False
ab599b,United States,219.28,False
ac5331,United States,180.29,False
a98399,United States,85.5,False
ac5326,United States,231.95,False
ac7988,United States,228.02,False
a4f5a0,United States,256.39,False
a06db4,United States,110.64,False
3c83e2,Germany,395.09,False
acc961,United States,187.35,False
a55e2a,United States,57.12,False
3cd3a9,Germany,207.22,False
a768c2,United States,246.18,False
add645,United States,41.36,False
abdcdc,United States,235.12,False
a7b8a1,United States,229.45,False
34134d,Spain,76.13,False
3c70c4,Germany,270.12,False
3c70c8,Germany,263.89,False
adc319,United States,36.01,False
3c70c7,Germany,7.72,True
4aad03,Sweden,219.38,False
ac5349,United States,235.22,False
a9969b,United States,228.89,False
a3c2a9,United States,1.03,True
ad7344,United States,204.31,False
a85091,United States,50.82,False
a2a2e6,United States,256.77,False
a2a2e3,United States,256.27,False
a14706,United States,7.72,True
a2fe8f,United States,118.25,False
ad1cde,United States,237.24,False
4aad10,Sweden,45.99,False
acc985,United States,84.36,False
a98386,United States,0.0,True
ad864e,United States,46.44,False
a55e60,United States,57.62,False
a648e5,United States,62.11,False
a0275c,United States,238.31,False
502d10,Latvia,81.19,False
44d1ba,Belgium,238.44,False
a982cc,United States,42.38,False
a862e9,United States,28.31,False
a01448,United States,137.87,False
040065,Ethiopia,226.15,False
040062,Ethiopia,274.36,False
aca3e6,United States,5.92,True
ac40ee,United States,151.78,False
a00125,United States,228.18,False
a742ec,United States,218.12,False
a26738,United States,105.49,False
a18dd2,United States,249.46,False
a18da8,United States,85.93,False
4ba9cf,Turkey,4.37,True
44d1a7,Belgium,238.42,False
4ba9ce,Turkey,263.06,False
44d1a5,Belgium,235.07,False
ab4810,United States,35.19,False
4ba9cd,Turkey,270.92,False
4ba9cc,Turkey,201.06,False
a9e5c0,United States,49.74,False
4ba9e7,Turkey,251.12,False
06a377,Qatar,243.76,False
a5170f,United States,139.84,False
4ba9e4,Turkey,228.21,False
06a375,Qatar,5.4,True
44d1b4,Belgium,168.79,False
06a373,Qatar,257.15,False
06a374,Qatar,153.01,False
a06dd4,United States,59.66,False
04004a,Ethiopia,276.25,False
502d0c,Latvia,239.46,False
4ba9da,Turkey,253.33,False
502d0e,Latvia,0.64,False
a06dd2,United States,46.86,False
71c003,Republic of Korea,198.69,False
a9e5bf,United States,49.28,False
adb0b4,United States,224.4,False
4ba9f5,Turkey,229.63,False
502d29,Latvia,160.1,False
44d1c2,Belgium,189.39,False
c0549d,Canada,59.47,False
a6bb97,United States,205.38,False
502d27,Latvia,207.09,False
a50400,United States,0.0,True
a9e5a5,United States,48.0,False
a742c2,United States,244.71,False
a54b77,United States,93.18,False
a2a41e,United States,277.31,False
406fdb,United Kingdom,222.76,False
406fda,United Kingdom,206.73,False
a4e2ce,United States,4.89,True
a05aea,United States,0.0,True
a31de6,United States,197.03,False
a7db0b,United States,215.35,False
502d59,Latvia,198.37,False
a2b759,United States,236.57,False
47a7a8,Norway,68.54,False
a8fb12,United States,87.55,False
502d44,Latvia,252.55,False
502d45,Latvia,96.88,False
a2a40a,United States,47.65,False
ab3518,United States,2.31,True
a49409,United States,46.94,False
a66b5f,United States,51.57,False
406fd8,United Kingdom,228.69,False
44d1a1,Belgium,224.78,False
502d47,Latvia,7.46,True
89912f,Taiwan,270.36,False
89912e,Taiwan,249.2,False
a0144e,United States,93.11,False
502d79,Latvia,208.02,False
a6ce90,United States,234.36,False
a12119,United States,61.95,False
a79e97,United States,52.51,False
a6ce7d,United States,228.53,False
76e985,Singapore,0.0,True
a1ddbb,United States,135.85,False
a7ee5a,United States,81.17,False
a12126,United States,55.05,False
49d2b7,Czech Republic,6.69,True
ab4865,United States,183.59,False
a875da,United States,245.61,False
4481af,Belgium,16.46,True
502d5e,Latvia,73.85,False
502d5a,Latvia,211.67,False
502d5c,Latvia,199.76,False
502d5b,Latvia,241.65,False
a91b0c,United States,78.4,False
78031e,China,231.45,False
aa6f80,United States,236.35,False
8990a6,Taiwan,72.54,False
8990a5,Taiwan,275.85,False
a4e42b,United States,99.54,False
aa021e,United States,26.23,False
8990a4,Taiwan,261.18,False
a54aae,United States,248.71,False
a6241a,United States,219.35,False
71c078,Republic of Korea,167.5,False
c0540c,Canada,0.0,True
aba9e7,United States,235.61,False
a3b11e,United States,228.64,False
a2a466,United States,31.73,False
a79dc4,United States,226.85,False
c05416,Canada,229.23,False
a3c462,United States,92.72,False
71c077,Republic of Korea,3.09,True
a37479,United States,40.18,False
ad0c17,United States,262.88,False
ac53a1,United States,38.31,False
a36130,United States,0.06,True
3cd32a,Germany,156.91,False
a8c70f,United States,62.64,False
a62447,United States,237.07,False
abdf3f,United States,170.77,False
a31dfb,United States,245.98,False
acc9c3,United States,51.8,False
a9e701,United States,51.9,False
a49441,United States,251.11,False
a12185,United States,38.1,False
a2fdea,United States,55.34,False
a51795,United States,127.71,False
ac53b2,United States,0.0,True
a0aaf2,United States,152.44,False
c05430,Canada,228.93,False
a61120,United States,43.92,False
a66ac3,United States,210.92,False
ab7c52,United States,69.94,False
ade9d4,United States,112.63,False
a6243c,United States,64.95,False
a3b13f,United States,233.72,False
aabf80,United States,241.61,False
a2679a,United States,215.71,False
a12151,United States,51.75,False
a12167,United States,49.26,False
a36110,United States,239.28,False
a1cac9,United States,266.67,False
4241c9,United Kingdom,174.65,False
a26793,United States,6.94,True
3ce690,Germany,163.99,False
a50486,United States,44.94,False
ade9c0,United States,238.05,False
a12160,United States,43.97,False
a2a437,United States,34.99,False
a5adf1,United States,9.26,True
ab7c5c,United States,75.28,False
7801cb,China,240.5,False
3d0643,Germany,65.34,False
71c034,Republic of Korea,222.75,False
aca3a3,United States,236.83,False
ad99fc,United States,205.19,False
06a30b,Qatar,264.76,False
06a30c,Qatar,278.5,False
ac53f8,United States,241.58,False
aca3d1,United States,242.72,False
48a201,Poland,68.22,False
ac9c6d,United States,35.14,False
a3615f,United States,271.65,False
a5ada9,United States,231.55,False
ab20e6,United States,250.21,False
c0671b,Canada,203.95,False
a2eaf9,United States,73.24,False
a4e415,United States,0.39,True
040087,Ethiopia,256.8,False
a8b2f1,United States,49.28,False
a9e5ea,United States,58.21,False
c06724,Canada,9.77,True
ad60ab,United States,241.33,False
e48854,Brazil,204.94,False
c06710,Canada,33.59,False
a4945b,United States,19.09,False
abcc6e,United States,27.28,False
a63756,United States,71.93,False
a5042b,United States,233.33,False
ab20f9,United States,4.12,True
acb6ea,United States,55.26,False
a06f30,United States,82.34,False
48520b,Kingdom of the Netherlands,262.94,False
48520a,Kingdom of the Netherlands,2.06,True
48520d,Kingdom of the Netherlands,220.01,False
71c043,Republic of Korea,258.88,False
71c044,Republic of Korea,219.44,False
485207,Kingdom of the Netherlands,131.4,False
a8c796,United States,114.23,False
a61187,United States,195.89,False
424293,United Kingdom,216.48,False
a146ce,United States,233.57,False
503fc5,Lithuania,6.69,True
485206,Kingdom of the Netherlands,14.92,True
ab349c,United States,192.11,False
ac5488,United States,238.82,False
a31f2f,United States,55.74,False
a0bf3c,United States,104.13,False
a3e9c5,United States,243.41,False
479ee7,Norway,103.41,False
a9d44c,United States,2.31,True
a9c11b,United States,28.31,False
06a2e8,Qatar,264.84,False
a05c59,United States,240.63,False
48b502,Poland,33.63,False
a266b9,United States,197.57,False
06a2e4,Qatar,215.87,False
06a2e5,Qatar,249.32,False
06a2e1,Qatar,0.06,True
a8fae9,United States,32.72,False
06a2de,Qatar,236.19,False
a8faf1,United States,52.65,False
a8c79e,United States,50.17,False
a516a3,United States,77.48,False
06a2f8,Qatar,256.69,False
06a2f6,Qatar,277.95,False
06a2f3,Qatar,226.94,False
3cf8be,Germany,192.21,False
06a2f1,Qatar,271.76,False
a769a3,United States,200.56,False
06a2f0,Qatar,268.15,False
49d407,Czech Republic,2.83,True
aca498,United States,127.69,False
06a2ef,Qatar,266.19,False
46ced4,Greece,147.82,False
882da4,Thailand,240.25,False
06a2ea,Qatar,243.83,False
a026e1,United States,247.52,False
4b8df2,Turkey,240.85,False
882da2,Thailand,174.07,False
add793,United States,123.28,False
a92dfc,United States,230.37,False
a399a6,United States,52.0,False
a55f31,United States,179.24,False
a06f5d,United States,96.72,False
3532ce,Spain,70.39,False
a06f5a,United States,234.44,False
a3e9f3,United States,235.4,False
49d418,Czech Republic,222.13,False
4b8de5,Turkey,249.97,False
a8a11d,United States,234.19,False
49d414,Czech Republic,223.19,False
06a2ff,Qatar,281.23,False
aceaf9,United States,53.86,False
06a2fb,Qatar,272.96,False
a55f2a,United States,250.02,False
ac79b1,United States,225.09,False
502ccd,Latvia,0.26,True
a9974c,United States,0.0,True
a7444b,United States,53.39,False
502ccf,Latvia,4.37,False
a120af,United States,47.85,False
a0bf8c,United States,229.67,False
a373b7,United States,242.51,False
a85119,United States,188.18,False
502ce5,Latvia,232.94,False
502ce8,Latvia,0.45,True
a0bf90,United States,0.77,True
502ce7,Latvia,241.56,False
a91ab1,United States,56.39,False
a43f51,United States,120.4,False
49d421,Czech Republic,250.41,False
49d420,Czech Republic,231.63,False
a31f6a,United States,146.16,False
a5048d,United States,88.75,False
49d41e,Czech Republic,129.85,False
e48808,Brazil,223.48,False
a6bab2,United States,42.63,False
a43f3d,United States,241.91,False
a43f3c,United States,237.74,False
502cc7,Latvia,1.29,False
a05c8f,United States,68.49,False
502cd7,Latvia,214.72,False
502cd0,Latvia,161.77,False
a1cc46,United States,241.21,False
a98445,United States,0.0,True
a6379a,United States,48.92,False
405d0f,United Kingdom,223.35,False
39ae37,France,7.72,True
a013e8,United States,239.31,False
4b348f,Switzerland,56.94,False
c052ca,Canada,216.09,False
49d42b,Czech Republic,248.56,False
a2b6c7,United States,0.51,True
405d11,United Kingdom,228.33,False
c1e8ae,Canada,7.72,True
a87786,United States,35.02,False
c1e8d4,Canada,3.86,True
a9973c,United States,178.13,False
aa276a,United States,1.29,True
a87784,United States,31.93,False
a61173,United States,175.74,False
a17c65,United States,236.19,False
c052d7,Canada,216.44,False
a013ee,United States,0.0,True
a99754,United States,76.04,False
a120a6,United States,59.7,False
c1e8bf,Canada,1.54,True
a3e9b2,United States,215.39,False
a73143,United States,45.39,False
abdf22,United States,265.23,False
a399de,United States,56.63,False
a4e49c,United States,90.43,False
aaac0c,United States,54.38,False
a373ec,United States,150.22,False
502d95,Latvia,7.46,True
aa5c46,United States,71.23,False
502d96,Latvia,224.8,False
a9c18b,United States,8.04,False
4850f5,Kingdom of the Netherlands,4.37,True
c1e8a9,Canada,3.09,True
a54c52,United States,92.21,False
a876af,United States,46.09,False
a4f6dc,United States,71.82,False
a3c3e6,United States,180.43,False
a636e3,United States,71.67,False
899121,Taiwan,225.43,False
899123,Taiwan,216.92,False
502d88,Latvia,143.79,False
ab4765,United States,48.69,False
ad8712,United States,69.03,False
502d89,Latvia,241.59,False
89911c,Taiwan,245.19,False
a7ef25,United States,99.22,False
ad1da9,United States,198.97,False
a623c1,United States,69.92,False
a240dc,United States,232.94,False
899133,Taiwan,270.63,False
502d7c,Latvia,152.27,False
a8fc09,United States,249.0,False
502d7d,Latvia,84.45,False
4850e6,Kingdom of the Netherlands,231.18,False
a43f83,United States,187.51,False
a67f76,United States,243.24,False
a4e3d0,United States,97.52,False
a636f7,United States,177.77,False
e499cc,Brazil,184.09,False
aaaab0,United States,62.66,False
a78c43,United States,2.06,True
a05c9e,United States,137.22,False
ac9aa2,United States,43.38,False
a4f6fe,United States,212.03,False
899104,Taiwan,172.11,False
899106,Taiwan,130.37,False
899105,Taiwan,221.93,False
a1df9e,United States,8.75,True
a876d7,United States,49.32,False
ab3452,United States,46.37,False
a240b7,United States,36.03,False
c065ab,Canada,72.43,False
781696,China,96.42,False
a240d1,United States,41.75,False
ab7abc,United States,29.88,False
a120e8,United States,40.6,False
ab477d,United States,201.24,False
a67f8a,United States,240.25,False
406ecd,United Kingdom,253.66,False
ac4107,United States,247.52,False
a9c182,United States,73.76,False
a6bc31,United States,234.78,False
49d498,Czech Republic,222.07,False
aabdf8,United States,0.0,True
aa26b3,United States,242.9,False
7cf359,Australia,8.75,True
ad8766,United States,222.25,False
aaaad2,United States,64.31,False
ad8769,United States,84.6,False
7cf353,Australia,1.8,True
4ba9c9,Turkey,252.89,False
a516bc,United States,240.13,False
a1481b,United States,44.66,False
4ba9c5,Turkey,255.89,False
a01523,United States,143.77,False
4863db,Kingdom of the Netherlands,219.95,False
a06ec7,United States,46.47,False
c0407b,Canada,110.67,False
4ba9c1,Turkey,220.19,False
49c176,Czech Republic,35.73,False
ab2140,United States,180.73,False
ab7ae4,United States,257.19,False
a503a0,United States,199.79,False
ab2144,United States,203.38,False
a360ea,United States,252.96,False
a85188,United States,108.76,False
a67f38,United States,247.01,False
405bfe,United Kingdom,287.79,False
78037c,China,246.12,False
a636b6,United States,79.31,False
ac9abc,United States,218.58,False
46bc54,Greece,0.0,True
a7ef16,United States,269.58,False
46bc55,Greece,91.66,False
06a2b8,Qatar,204.25,False
acfdf4,United States,232.2,False
ac5470,United States,55.34,False
06a2b0,Qatar,245.27,False
aaaade,United States,44.3,False
e486c2,Brazil,232.55,False
e486c3,Brazil,254.97,False
06a2af,Qatar,254.7,False
a360f6,United States,51.54,False
46bc4e,Greece,134.58,False
a66c10,United States,56.07,False
e499db,Brazil,74.34,False
a7ef08,United States,208.35,False
a636cd,United States,72.88,False
39ae95,France,0.0,True
3d05f7,Germany,57.61,False
a503bf,United States,186.8,False
a55b7a,United States,245.41,False
a8d5bd,United States,145.1,False
a992a1,United States,87.61,False
a0372f,United States,38.06,False
a67b76,United States,47.73,False
a67b75,United States,3.34,True
a7a2b1,United States,98.55,False
a1a705,United States,84.61,False
4a12ae,Romania,246.3,False
abdc56,United States,211.85,False
a31b9b,United States,202.51,False
ade6bd,United States,209.3,False
a15736,United States,52.78,False
4b8e46,Turkey,210.35,False
a15739,United States,40.04,False
0b4177,Guatemala,5.14,True
a81e5b,United States,267.14,False
ab30e6,United States,266.53,False
a632f6,United States,213.85,False
a07dc8,United States,237.25,False
a765ec,United States,192.71,False
a80b31,United States,54.94,False
4ba8f6,Turkey,205.31,False
a43b86,United States,227.52,False
a31b9f,United States,68.94,False
0acaed,Colombia,49.8,False
a752ea,United States,176.68,False
aa10ba,United States,109.37,False
a872d6,United States,61.63,False
a7a2bf,United States,75.19,False
ac50d1,United States,212.04,False
a92b0c,United States,227.87,False
ad70ba,United States,48.87,False
a79b5d,United States,50.61,False
aa7f8d,United States,239.01,False
406d8e,United Kingdom,205.15,False
0d09a5,Mexico,6.94,True
406d92,United Kingdom,236.81,False
406d95,United Kingdom,151.02,False
407fc2,United Kingdom,227.89,False
c07754,Canada,45.41,False
add3dc,United States,186.62,False
407faf,United Kingdom,251.45,False
a68e4c,United States,238.19,False
a56e79,United States,79.14,False
407fad,United Kingdom,1.54,True
407fae,United Kingdom,235.02,False
a7c8be,United States,139.92,False
a7c8bd,United States,247.09,False
a5be3e,United States,66.05,False
407fac,United Kingdom,250.64,False
a7fe18,United States,55.77,False
407fb5,United Kingdom,0.06,True
a778e0,United States,39.67,False
391414,France,85.9,False
a512d6,United States,83.31,False
a8d5a4,United States,214.0,False
a39723,United States,3.6,True
aa36e7,United States,48.04,False
c06442,Canada,121.72,False
aa6c39,United States,38.09,False
aa7f5e,United States,250.75,False
a07dd5,United States,41.87,False
48c586,Poland,35.11,False
48c583,Poland,43.78,False
a03760,United States,58.22,False
a9d069,United States,233.61,False
c00dec,Canada,81.93,False
a27737,United States,189.75,False
c00dea,Canada,216.18,False
43e7e4,United Kingdom,180.08,False
c00dce,Canada,198.53,False
ab4508,United States,81.4,False
a03770,United States,144.41,False
a39706,United States,38.67,False
48b22b,Poland,43.14,False
a512ec,United States,79.59,False
a1a787,United States,84.96,False
486258,Kingdom of the Netherlands,280.81,False
3c9570,Germany,5.14,True
39bdab,France,78.15,False
39bdaf,France,0.0,True
ab9f38,United States,240.45,False
0b4101,Guatemala,54.8,False
a38432,United States,21.9,False
aa7ec3,United States,277.08,False
aa7ec2,United States,222.01,False
a2faa0,United States,242.12,False
a1314e,United States,233.95,False
a52768,United States,109.19,False
4b32ff,Switzerland,51.18,False
a4f414,United States,207.36,False
3e1214,Germany,68.45,False
abef16,United States,16.46,True
a2644c,United States,173.14,False
8991a4,Taiwan,231.5,False
a0cdf3,United States,247.17,False
39bda6,France,203.42,False
ac76b6,United States,183.8,False
39bda8,France,144.72,False
3e255e,Germany,163.4,False
a8c2ea,United States,31.4,False
a3973f,United States,213.8,False
4ca2c9,Ireland,225.61,False
39bda0,France,163.83,False
4ca2c1,Ireland,180.42,False
406d27,United Kingdom,238.6,False
4ca2c0,Ireland,235.71,False
a68dab,United States,87.33,False
a1dab3,United States,4.89,True
4ca2ab,Ireland,191.18,False
aa3839,United States,219.81,False
39bdb2,France,164.22,False
39bdb3,France,225.91,False
abb9df,United States,234.22,False
39bdb4,France,152.73,False
4ca2cb,Ireland,140.47,False
39bdb7,France,214.81,False
adc17b,United States,180.13,False
abef2f,United States,2.06,True
a3972d,United States,5.4,True
39bdb0,France,233.61,False
a19dff,United States,70.19,False
39bdb1,France,5.66,True
c00da8,Canada,228.25,False
a68dd1,United States,241.42,False
ad2f1a,United States,223.38,False
adc180,United States,218.9,False
4ca2bf,Ireland,228.92,False
a7fe9a,United States,0.06,True
acd9e5,United States,0.0,True
ac63a2,United States,50.78,False
ad1c18,United States,232.72,False
a049b4,United States,48.55,False
a52709,United States,239.32,False
ad1c11,United States,238.58,False
405a4a,United Kingdom,135.39,False
acfc05,United States,0.0,True
a2a151,United States,73.94,False
406d7b,United Kingdom,252.79,False
a0119b,United States,78.88,False
a40797,United States,128.75,False
a2b45b,United States,251.41,False
3c820c,Germany,8.75,True
e4875e,Brazil,226.85,False
a9e2d6,United States,46.94,False
a49124,United States,42.8,False
406d78,United Kingdom,261.2,False
405a47,United Kingdom,251.28,False
405a48,United Kingdom,120.05,False
a2fad8,United States,92.21,False
acfc00,United States,7.2,True
406d70,United Kingdom,256.19,False
abef54,United States,219.24,False
a79b91,United States,51.47,False
508191,Ukraine,157.09,False
acc6d1,United States,221.73,False
a6cb9e,United States,50.42,False
0acac0,Colombia,229.86,False
ad83b7,United States,207.06,False
ac0f6c,United States,197.49,False
503f07,Lithuania,1.03,True
3e1204,Germany,14.95,False
abef65,United States,73.85,False
a1daf3,United States,242.86,False
406d4d,United Kingdom,260.51,False
ac0f93,United States,139.4,False
a049a7,United States,36.1,False
3e383c,Germany,199.6,False
ad2f75,United States,214.27,False
a49106,United States,44.39,False
a992cf,United States,5.14,True
47a518,Norway,203.8,False
0b4116,Guatemala,77.32,False
a32dfa,United States,47.66,False
c1e5f1,Canada,13.89,True
7c19c4,Australia,4.89,True
a9942e,United States,101.79,False
a62153,United States,48.09,False
a07f46,United States,0.0,True
4ba953,Turkey,234.49,False
4ba950,Turkey,247.17,False
ab313c,United States,243.56,False
a20f18,United States,33.44,False
a8d75c,United States,57.62,False
503eb3,Lithuania,5.92,True
ab579f,United States,142.05,False
a20f15,United States,63.71,False
4ba94d,Turkey,0.0,True
a19f1c,United States,52.72,False
a7fde4,United States,189.37,False
a6cacb,United States,236.51,False
acc74e,United States,89.84,False
ab4489,United States,159.1,False
c00e6c,Canada,0.06,True
aa113d,United States,65.41,False
a023a5,United States,229.39,False
4b3305,Switzerland,60.51,False
a8c43c,United States,229.01,False
a74136,United States,98.28,False
abdad5,United States,230.59,False
a169e6,United States,155.07,False
86eea0,Japan,226.08,False
a3c192,United States,193.46,False
aa6ade,United States,217.26,False
a1b9b5,United States,87.11,False
a3c198,United States,214.49,False
a07f60,United States,4.37,True
a8d76b,United States,253.67,False
c00e9d,Canada,252.68,False
a50192,United States,227.95,False
a4e181,United States,230.67,False
ad978e,United States,44.9,False
acb468,United States,178.62,False
a79afa,United States,32.92,False
acc799,United States,236.62,False
0acb6a,Colombia,54.66,False
add42b,United States,130.7,False
503eaa,Lithuania,0.0,True
a2b47f,United States,91.59,False
4ba949,Turkey,220.16,False
4ba945,Turkey,245.58,False
aa2462,United States,57.11,False
008deb,South Africa,154.6,False
4b8cc4,Turkey,226.91,False
aa2453,United States,52.03,False
a07f44,United States,296.9,False
aa244a,United States,60.6,False
a8d720,United States,202.23,False
8990e2,Taiwan,248.33,False
ad714b,United States,83.54,False
4ba994,Turkey,246.21,False
aa7df3,United States,234.33,False
7816be,China,4.12,False
adc11f,United States,43.98,False
a6ddbe,United States,89.54,False
8990df,Taiwan,267.45,False
a5012d,United States,222.55,False
4ba99a,Turkey,65.34,False
a44f0d,United States,228.59,False
a023e9,United States,91.03,False
a88739,United States,58.03,False
ad846f,United States,233.0,False
a143c6,United States,0.0,True
a289ee,United States,53.7,False
a55ada,United States,252.66,False
44083c,Austria,142.03,False
acb46a,United States,47.67,False
a55ae8,United States,224.41,False
8990ec,Taiwan,241.11,False
a18c3d,United States,33.7,False
7c19e3,Australia,61.17,False
a276b9,United States,68.49,False
aa7dd6,United States,215.58,False
4ba976,Turkey,144.28,False
a79aae,United States,198.39,False
ac0f03,United States,6.69,True
43c208,United Kingdom,230.23,False
440870,Austria,31.95,False
a8741c,United States,122.17,False
49d327,Czech Republic,215.63,False
a32f1b,United States,221.63,False
a74128,United States,229.12,False
ab69c8,United States,43.52,False
a3c163,United States,235.0,False
7c19d5,Australia,85.93,False
a036f9,United States,29.54,False
a19f67,United States,44.43,False
a3c15d,United States,249.44,False
ad715d,United States,40.29,False
a6caa1,United States,270.72,False
7803bf,China,249.09,False
a87428,United States,214.01,False
a156d5,United States,84.03,False
4ca302,Ireland,211.36,False
a3719c,United States,55.75,False
ac518d,United States,109.05,False
a68dff,United States,75.34,False
4ca304,Ireland,230.95,False
4ca303,Ireland,239.8,False
a3e6cc,United States,99.45,False
781783,China,255.45,False
c05099,Canada,167.21,False
aa7f46,United States,236.6,False
c05095,Canada,165.52,False
4ca34e,Ireland,244.1,False
a899af,United States,116.78,False
a32f82,United States,230.7,False
a263dc,United States,230.35,False
a32f84,United States,152.82,False
3d04e8,Germany,68.73,False
a1ef8f,United States,69.04,False
a909b8,United States,72.3,False
add2fc,United States,132.0,False
781798,China,226.25,False
a406ce,United States,53.92,False
a406cf,United States,141.35,False
aa7f2b,United States,245.95,False
a20f9f,United States,55.32,False
a646bc,United States,218.93,False
c088a0,Canada,42.37,False
a5bf2f,United States,104.08,False
a1ef7d,United States,54.55,False
a67c11,United States,67.06,False
a9819b,United States,218.55,False
a646c4,United States,183.37,False
aa7f28,United States,235.42,False
aa7f27,United States,261.43,False
aa7f25,United States,237.79,False
aa7f24,United States,244.33,False
aa7f23,United States,207.01,False
c00e24,Canada,122.99,False
a81f1f,United States,112.67,False
44082c,Austria,202.37,False
44082b,Austria,88.04,False
0d08eb,Mexico,217.98,False
49d369,Czech Republic,237.78,False
49d365,Czech Republic,100.1,False
a526ed,United States,261.41,False
407eb2,United Kingdom,247.12,False
c00e17,Canada,225.93,False
440826,Austria,215.05,False
440825,Austria,215.57,False
440823,Austria,151.93,False
440821,Austria,124.33,False
440820,Austria,211.23,False
a1dc31,United States,256.51,False
a31c25,United States,254.28,False
a2d9f9,United States,44.35,False
c00e15,Canada,231.08,False
a276dd,United States,3.09,True
44081f,Austria,190.79,False
a19f8a,United States,44.14,False
44081e,Austria,213.67,False
44081d,Austria,72.97,False
48e9f6,Poland,85.52,False
a5ac1d,United States,65.56,False
48e9f5,Poland,235.73,False
a1dc2a,United States,217.42,False
48e9f3,Poland,233.29,False
48e9f2,Poland,147.04,False
48e9f1,Poland,234.17,False
48e9f0,Poland,181.54,False
a19f8e,United States,251.84,False
aa7f08,United States,225.97,False
aa7f06,United States,1.8,True
c05056,Canada,232.02,False
aa7f03,United States,249.3,False
aa7f02,United States,251.49,False
a659a2,United States,207.14,False
480c48,Kingdom of the Netherlands,238.79,False
a2a0bb,United States,56.82,False
45ac54,Denmark,184.98,False
4b8e03,Turkey,205.21,False
ab9de9,United States,219.3,False
0d08a2,Mexico,222.34,False
a7a46d,United States,63.97,False
abedc8,United States,236.86,False
a8b14f,United States,32.92,False
49d38c,Czech Republic,144.08,False
3c2d57,Germany,246.68,False
86eee4,Japan,247.88,False
ac0dd9,United States,222.48,False
a9d138,United States,50.78,False
ab3129,United States,135.69,False
48e9ba,Poland,30.88,False
aba761,United States,150.9,False
a1dc86,United States,93.38,False
aba765,United States,262.74,False
c1e666,Canada,1.54,True
aabaaf,United States,77.56,False
a98133,United States,120.48,False
406bbb,United Kingdom,225.35,False
407eec,United Kingdom,117.63,False
a68f16,United States,28.85,False
45ac30,Denmark,166.25,False
45ac32,Denmark,165.23,False
45ac33,Denmark,71.52,False
ab5793,United States,54.93,False
a32f9d,United States,202.9,False
a539f5,United States,130.58,False
a396fd,United States,4.37,True
c05067,Canada,233.03,False
aa115f,United States,3.09,True
e485b0,Brazil,221.53,False
a55c10,United States,56.92,False
c1e675,Canada,3.6,True
ac6445,United States,54.21,False
c1e65b,Canada,1.54,True
c06589,Canada,228.75,False
ad84de,United States,236.63,False
e4999d,Brazil,252.79,False
c1e884,Canada,2.31,True
abdd91,United States,0.51,True
a7ff72,United States,235.65,False
a4e0ec,United States,230.19,False
4aaa12,Sweden,40.96,False
c0523f,Canada,246.36,False
4aaa16,Sweden,0.06,True
acfd62,United States,226.69,False
a8d6bd,United States,139.26,False
a3e813,United States,30.63,False
a9f6b9,United States,208.33,False
e4997c,Brazil,171.86,False
ad1d94,United States,101.08,False
a8c3a2,United States,221.7,False
a2a0de,United States,51.74,False
a620f5,United States,24.69,True
a80c87,United States,226.66,False
71c252,Republic of Korea,215.32,False
71c251,Republic of Korea,224.5,False
39ac88,France,39.01,False
39ac8f,France,53.41,False
3d1725,Germany,41.98,False
a14507,United States,56.73,False
e4998f,Brazil,68.7,False
c06590,Canada,4.89,True
aa24ed,United States,43.8,False
a43c7a,United States,229.66,False
71c247,Republic of Korea,211.47,False
a07ebb,United States,35.0,False
acea3e,United States,209.03,False
503e44,Lithuania,250.45,False
a13227,United States,59.46,False
c06541,Canada,264.53,False
a7c9f7,United States,63.06,False
a3d3f0,United States,8.75,True
a44eb5,United States,42.23,False
a1454b,United States,110.97,False
744832,Jordan,250.3,False
c0653d,Canada,217.61,False
c0653f,Canada,225.24,False
0d0991,Mexico,110.73,False
a7ff2d,United States,55.71,False
0d0993,Mexico,234.43,False
a80c22,United States,103.78,False
a67c44,United States,52.29,False
74482f,Jordan,244.12,False
add4fb,United States,135.77,False
74482e,Jordan,245.58,False
c05218,Canada,231.3,False
74482d,Jordan,248.99,False
a646f9,United States,216.62,False
c05219,Canada,214.72,False
a500c5,United States,5.66,True
48506c,Kingdom of the Netherlands,225.45,False
4408de,Austria,71.57,False
aca1e4,United States,231.71,False
a7ff32,United States,245.2,False
a6df3c,United States,50.0,False
a7ff34,United States,240.05,False
a92c25,United States,144.29,False
a79c28,United States,275.18,False
0b4096,Guatemala,82.16,False
ad71f9,United States,62.47,False
c1e848,Canada,3.6,True
a67c4a,United States,32.2,False
a5ac3b,United States,231.39,False
a38513,United States,206.84,False
c06539,Canada,215.64,False
c1e80d,Canada,8.75,True
ac791b,United States,8.23,True
a2650f,United States,61.48,False
0c605d,Trinidad and Tobago,227.36,False
a1a849,United States,46.01,False
a7ec34,United States,78.58,False
a79c57,United States,96.17,False
a1584a,United States,1.29,True
040247,Ethiopia,231.07,False
71c210,Republic of Korea,1.29,True
71c211,Republic of Korea,151.96,False
c0522f,Canada,39.0,False
040241,Ethiopia,229.68,False
0b407e,Guatemala,54.76,False
a6cc54,United States,0.19,True
aa24d0,United States,41.3,False
a2c825,United States,43.95,False
0c6063,Trinidad and Tobago,13.89,True
c06558,Canada,269.41,False
a1a832,United States,151.47,False
744829,Jordan,252.73,False
744828,Jordan,232.83,False
4408fd,Austria,240.86,False
a81f5a,United States,224.18,False
744825,Jordan,229.56,False
a1eea6,United States,38.24,False
a06bd3,United States,219.79,False
744822,Jordan,247.24,False
744831,Jordan,253.07,False
aba91b,United States,227.73,False
a633f2,United States,47.24,False
78188a,China,234.56,False
80371f,India,6.17,True
4bca67,Turkey,252.34,False
a2c87c,United States,168.65,False
a1458b,United States,71.18,False
a81ea5,United States,89.3,False
a43bc6,United States,0.0,True
406e65,United Kingdom,245.92,False
406e69,United Kingdom,126.56,False
ab44a7,United States,244.68,False
ad97a7,United States,243.26,False
3cf774,Germany,80.02,False
a68eaa,United States,90.8,False
a43baf,United States,0.06,True
aa395b,United States,241.7,False
508003,Ukraine,194.42,False
aba7b0,United States,232.46,False
a51554,United States,65.8,False
a87511,United States,76.0,False
ac77d3,United States,219.46,False
a3e894,United States,154.72,False
a3c233,United States,224.6,False
ab44af,United States,245.53,False
ab44ae,United States,254.47,False
44d068,Belgium,213.35,False
a02592,United States,29.33,False
a6dec4,United States,42.98,False
a1eef8,United States,72.68,False
390218,France,43.08,False
a74201,United States,176.9,False
a7b832,United States,259.07,False
a52898,United States,111.03,False
a4f542,United States,122.18,False
a20eee,United States,53.01,False
44d071,Belgium,215.5,False
a13257,United States,81.54,False
a2786f,United States,66.17,False
406e2e,United Kingdom,218.23,False
aaaa11,United States,55.16,False
ab7a20,United States,194.92,False
44d076,Belgium,240.48,False
a5bee7,United States,61.89,False
0d0984,Mexico,228.02,False
c00ec2,Canada,253.47,False
c06515,Canada,231.9,False
a8881e,United States,225.93,False
c07847,Canada,206.87,False
485009,Kingdom of the Netherlands,237.42,False
0c6008,Trinidad and Tobago,218.15,False
a37279,United States,46.79,False
406e9f,United Kingdom,235.5,False
4ba919,Turkey,75.63,False
a37274,United States,133.96,False
a5281e,United States,0.0,True
479cf1,Norway,57.73,False
4ba912,Turkey,200.94,False
405b6a,United Kingdom,223.14,False
4ba90f,Turkey,223.39,False
4ba90e,Turkey,217.93,False
a740ff,United States,229.45,False
ade7b9,United States,57.36,False
abca08,United States,245.36,False
aa2607,United States,173.82,False
a037b2,United States,216.39,False
a37265,United States,246.64,False
a037b9,United States,222.07,False
aa7fa1,United States,10.8,True
ab8d76,United States,243.97,False
405b66,United Kingdom,208.6,False
405b65,United Kingdom,137.15,False
49d0e0,Czech Republic,103.12,False
405b67,United Kingdom,198.14,False
a80c93,United States,116.85,False
a3725a,United States,4.89,True
a860d6,United States,82.6,False
a80c97,United States,64.97,False
4ba91a,Turkey,203.27,False
405b64,United Kingdom,110.2,False
0d0924,Mexico,246.72,False
e48614,Brazil,260.16,False
acb4c1,United States,248.89,False
e48618,Brazil,103.13,False
acb4c0,United States,0.0,True
a2fbf1,United States,250.78,False
ac64cf,United States,212.79,False
a4f501,United States,53.57,False
4408a6,Austria,90.66,False
a3857d,United States,0.06,True
a49232,United States,223.77,False
a0129b,United States,48.68,False
4ca1cd,Ireland,229.48,False
e49956,Brazil,223.06,False
0d0939,Mexico,241.99,False
4ba902,Turkey,257.48,False
a92c86,United States,183.03,False
a993ea,United States,49.16,False
4ba901,Turkey,201.13,False
a1dbeb,United States,118.89,False
a9e3d3,United States,0.06,True
acfd40,United States,67.71,False
a76818,United States,71.67,False
aa3909,United States,156.91,False
71c285,Republic of Korea,259.07,False
78180a,China,206.38,False
a8b223,United States,41.19,False
3424d4,Spain,123.48,False
aabbef,United States,218.96,False
a92bcf,United States,49.48,False
3424d1,Spain,249.26,False
0aca5f,Colombia,167.36,False
ad2efa,United States,266.54,False
c050c4,Canada,242.75,False
c050c0,Canada,253.42,False
86dca2,Japan,232.08,False
e497fd,Brazil,83.04,False
c1e6e1,Canada,5.66,True
ab3275,United States,243.34,False
ac523c,United States,233.92,False
ac789b,United States,234.14,False
a6cbe7,United States,198.87,False
ac6596,United States,242.17,False
0aca5e,Colombia,145.11,False
a8b22f,United States,228.61,False
a05a25,United States,180.29,False
a9e540,United States,46.2,False
a024d2,United States,79.23,False
a0bd0e,United States,44.92,False
c063fe,Canada,85.08,False
a37295,United States,59.73,False
a8758b,United States,209.73,False
ad857e,United States,229.54,False
a7a587,United States,194.69,False
a98219,United States,181.47,False
86dcc4,Japan,256.01,False
7817d8,China,261.11,False
a527a1,United States,0.0,True
aca22c,United States,83.75,False
7434c1,Jordan,67.64,False
aca248,United States,200.37,False
ae088e,United States,152.02,False
3c09f2,Germany,245.87,False
a05a01,United States,267.24,False
a63562,United States,233.03,False
0d07f0,Mexico,204.83,False
a1dd2d,United States,0.0,True
a3c259,United States,238.5,False
a407c9,United States,92.29,False
7817de,China,171.63,False
a144e3,United States,55.92,False
aca278,United States,83.3,False
a76885,United States,203.59,False
a74224,United States,213.8,False
a8d83f,United States,78.21,False
acb59c,United States,247.64,False
aa7eff,United States,33.83,False
c828bb,New Zealand,115.1,False
c076c7,Canada,77.76,False
406e10,United Kingdom,205.12,False
a6488e,United States,82.03,False
406e11,United Kingdom,287.91,False
a17a39,United States,5.92,True
a0bd62,United States,56.47,False
a0aa1b,United States,106.06,False
a18d5c,United States,86.4,False
a81ebf,United States,134.59,False
a87550,United States,105.01,False
a79be3,United States,197.98,False
add59b,United States,53.91,False
ad728b,United States,202.47,False
a037ff,United States,65.58,False
a9d0fe,United States,144.06,False
0aca8a,Colombia,47.03,False
c828d4,New Zealand,164.01,False
86efb0,Japan,137.91,False
0aca87,Colombia,129.14,False
4a1265,Romania,209.87,False
ad727d,United States,0.0,True
a81ef4,United States,60.11,False
0aca80,Colombia,143.12,False
a011ac,United States,221.01,False
a7a532,United States,71.51,False
0aca7f,Colombia,141.7,False
3939e4,France,11.32,True
a81edb,United States,60.3,False
a3c291,United States,247.66,False
a05a48,United States,190.47,False
a1a7c5,United States,32.94,False
0aca89,Colombia,6.17,True
4ca243,Ireland,155.89,False
a80d09,United States,238.92,False
503e82,Lithuania,76.94,False
406cd2,United Kingdom,5.66,True
a42a29,United States,139.45,False
aa37ce,United States,235.94,False
a384f2,United States,252.82,False
a8b29d,United States,100.42,False
46ba85,Greece,119.23,False
407fea,United Kingdom,153.39,False
ab4520,United States,57.62,False
4ca251,Ireland,227.1,False
402651,United Kingdom,55.06,False
406cab,United Kingdom,257.15,False
406caa,United Kingdom,232.25,False
a4f4ae,United States,83.03,False
4ca246,Ireland,217.53,False
a31d5e,United States,56.27,False
4ca245,Ireland,237.11,False
aa37bf,United States,44.04,False
a384cf,United States,49.78,False
ab4531,United States,241.95,False
89932e,Taiwan,12.35,True
ab9eca,United States,224.45,False
c00f46,Canada,22.02,False
a29a2e,United States,49.33,False
407fcb,United Kingdom,220.1,False
ad2ea9,United States,236.47,False
407fcc,United Kingdom,126.4,False
407fcd,United Kingdom,271.35,False
4ca214,Ireland,239.82,False
503e9a,Lithuania,215.62,False
3f56e6,Germany,0.0,True
ac7849,United States,240.42,False
4ca216,Ireland,232.52,False
4ca215,Ireland,11.83,True
a30a1a,United States,84.04,False
a384ab,United States,208.26,False
503e99,Lithuania,220.38,False
406ca3,United Kingdom,217.04,False
a05a6b,United States,236.33,False
704010,Myanmar,215.08,False
34258f,Spain,91.33,False
7c4ef2,Australia,35.68,False
44093e,Austria,94.48,False
a18d7f,United States,139.3,False
407fc9,United Kingdom,201.16,False
4ca281,Ireland,263.09,False
4ca280,Ireland,239.69,False
40002f,United Kingdom,77.17,False
ab5887,United States,64.28,False
342591,Spain,2.06,True
acc83e,United States,49.74,False
a8b266,United States,247.29,False
479d66,Norway,53.42,False
ab321b,United States,116.81,False
aabbc9,United States,239.81,False
ad8514,United States,222.07,False
4ca292,Ireland,117.95,False
a9d24c,United States,49.26,False
479d6c,Norway,52.1,False
aabbd0,United States,0.0,False
4ca295,Ireland,265.31,False
a2a1db,United States,0.13,True
4ca27b,Ireland,147.02,False
a491be,United States,232.88,False
4ca27f,Ireland,140.23,False
899331,Taiwan,11.32,True
4ca27c,Ireland,175.23,False
a2fd97,United States,79.96,False
a8c59e,United States,67.35,False
49d276,Czech Republic,230.63,False
acfbb1,United States,65.8,False
a251f4,United States,202.59,False
4ca264,Ireland,165.01,False
4ca263,Ireland,179.8,False
abeeea,United States,10.8,True
4ca24f,Ireland,173.25,False
4ca24e,Ireland,227.85,False
e497b0,Brazil,0.0,True
49d26c,Czech Republic,244.56,False
aba886,United States,118.5,False
a491ab,United States,135.14,False
406cdd,United Kingdom,233.29,False
4ca24c,Ireland,75.5,False
479d40,Norway,166.23,False
a0aa87,United States,2.18,False
4ca259,Ireland,3.34,True
49d287,Czech Republic,7.46,True
ad7203,United States,47.3,False
a2b4ea,United States,248.6,False
a371c9,United States,40.52,False
a55d36,United States,52.05,False
ab324a,United States,29.32,True
ac6572,United States,44.42,False
ac6573,United States,0.06,True
a67d17,United States,159.61,False
0d07a8,Mexico,231.59,False
acc861,United States,40.25,True
a1ca5f,United States,244.93,False
aa127e,United States,232.2,False
a42a37,United States,243.53,False
acb536,United States,235.2,False
a1cdd8,United States,223.8,False
a1110d,United States,212.27,False
a28ab5,United States,212.72,False
406b7e,United Kingdom,226.85,False
aa1833,United States,48.36,False
a1cdcf,United States,0.0,True
a2a744,United States,56.03,False
ac5802,United States,0.0,True
a54da9,United States,67.66,False
406b82,United Kingdom,214.97,False
406b80,United Kingdom,231.5,False
406b87,United Kingdom,247.76,False
48607f,Kingdom of the Netherlands,200.99,False
ab3831,United States,83.39,False
3c0936,Germany,215.72,False
a7cb89,United States,0.64,True
406b6b,United Kingdom,38.06,False
406b6c,United Kingdom,0.0,True
a1244b,United States,226.15,False
a1244d,United States,239.6,False
468e45,Greece,242.03,False
a9c2de,United States,210.24,False
503d00,Lithuania,2.83,True
49d086,Czech Republic,55.48,False
880c44,Thailand,155.38,False
880c41,Thailand,236.13,False
406b5c,United Kingdom,253.33,False
406b5a,United Kingdom,246.32,False
a8b5fc,United States,217.95,False
880c45,Thailand,106.07,False
a3b41a,United States,198.92,False
a37738,United States,180.35,False
a90b6e,United States,41.98,False
a50757,United States,180.29,False
a9c2ad,United States,217.23,False
ab2520,United States,238.51,False
ab7ec8,United States,151.36,False
48605b,Kingdom of the Netherlands,71.94,False
ab3856,United States,268.02,False
407e7d,United Kingdom,251.48,False
486073,Kingdom of the Netherlands,254.48,False
486071,Kingdom of the Netherlands,266.96,False
a1242d,United States,245.1,False
a4e746,United States,164.51,False
a2440e,United States,259.24,False
a2573e,United States,99.84,False
c069ad,Canada,50.97,False
407e82,United Kingdom,124.36,False
71c361,Republic of Korea,217.98,False
ad6503,United States,223.5,False
a77b76,United States,1.29,True
ab6ba6,United States,137.74,False
a41ac1,United States,67.12,False
a972be,United States,14.4,True
a1baf1,United States,228.99,False
a865ed,United States,236.05,False
71c308,Republic of Korea,249.34,False
a48438,United States,232.48,False
ad7828,United States,202.22,False
c03140,Canada,202.99,False
a3776f,United States,233.15,False
a9d5e5,United States,245.95,False
a9d5e4,United States,198.63,False
a9c2b3,United States,232.48,False
ab120a,United States,234.4,False
a6ab92,United States,80.84,False
ab6bc6,United States,166.86,False
503d40,Lithuania,149.34,False
a16adc,United States,6.69,True
c03170,Canada,40.25,False
ad0eba,United States,164.64,False
c82ae2,New Zealand,131.77,False
e200a4,Argentina,40.77,False
a8a2a2,United States,42.63,False
a1245e,United States,236.55,False
a9e8ce,United States,99.39,False
71c338,Republic of Korea,249.89,False
06a052,Qatar,236.91,False
503d48,Lithuania,227.0,False
ac9ef7,United States,106.3,False
a7cb67,United States,241.5,False
ad650c,United States,21.7,False
06a069,Qatar,272.76,False
4405b6,Austria,197.03,False
a1bac2,United States,152.28,False
aa4c87,United States,243.96,False
406b91,United Kingdom,224.85,False
48e97c,Poland,97.37,False
48e97b,Poland,161.25,False
06a063,Qatar,259.99,False
48e97a,Poland,250.14,False
a37765,United States,0.77,True
a59143,United States,214.48,False
a4d45c,United States,53.65,False
39ceb3,France,215.45,False
39ceb5,France,207.78,False
a3a155,United States,214.05,False
3420cc,Spain,9.77,True
3420cb,Spain,14.92,True
39ceb7,France,78.63,False
47a32e,Norway,216.59,False
39ceb9,France,227.8,False
a149ad,United States,77.49,False
a9873d,United States,238.32,False
ab23e1,United States,30.91,False
39ceb0,France,167.18,False
39ceb1,France,235.21,False
aca6d6,United States,90.06,False
a4d466,United States,52.0,False
ac9f5f,United States,46.95,False
c0576b,Canada,132.41,False
39cea9,France,225.91,False
ab6c5c,United States,252.6,False
adc6b8,United States,58.73,False
a90aa8,United States,60.52,False
c04435,Canada,71.2,False
48e979,Poland,219.15,False
a59157,United States,0.0,True
7804fa,China,98.07,False
47a31a,Norway,240.74,False
48e973,Poland,225.84,False
a3514f,United States,234.69,False
a4d483,United States,219.31,False
ad63a1,United States,256.16,False
39ceab,France,117.9,False
39cead,France,237.27,False
39ceaf,France,209.5,False
48e95d,Poland,228.73,False
c03109,Canada,133.14,False
c82aff,New Zealand,190.5,False
48e95b,Poland,246.01,False
a8540b,United States,72.72,False
acb9ed,United States,205.56,False
a2dadf,United States,138.45,False
c04463,Canada,253.51,False
e07191,Argentina,201.97,False
abcf7f,United States,234.16,False
a77ae0,United States,248.58,False
add9ff,United States,50.12,False
ac8c5a,United States,57.15,False
ad63d4,United States,54.21,False
ab10d4,United States,226.27,False
a3514d,United States,54.02,False
a24493,United States,217.31,False
aaf0c3,United States,228.84,False
ad50a9,United States,241.59,False
aa1895,United States,119.34,False
a42dfb,United States,60.59,False
3e3664,Germany,230.25,False
39cea1,France,6.17,True
39cea2,France,2.83,True
a85444,United States,39.1,False
39cea4,France,223.0,False
39cea5,France,213.9,False
39cea6,France,143.0,False
ac30ac,United States,47.9,False
a77ad8,United States,227.36,False
a029bb,United States,108.96,False
acdc40,United States,212.58,False
48e93d,Poland,30.6,False
a6aaba,United States,225.38,False
47a310,Norway,107.55,False
ac30c0,United States,245.34,False
e49aa8,Brazil,260.89,False
a42ded,United States,54.43,False
aaf0ce,United States,238.58,False
ab10df,United States,205.1,False
c05732,Canada,92.49,False
aaf0cb,United States,44.38,False
a149f1,United States,255.26,False
a42f03,United States,84.21,False
a73410,United States,167.91,False
e49af4,Brazil,235.75,False
e49af8,Brazil,91.81,False
71c392,Republic of Korea,249.41,False
abbc75,United States,234.01,False
c05735,Canada,54.22,False
407e74,United Kingdom,74.95,False
71c396,Republic of Korea,250.06,False
e4a472,Brazil,176.47,False
a1cf39,United States,62.48,False
a6140a,United States,95.97,False
a3b454,United States,203.24,False
407e5f,United Kingdom,169.06,False
a4d42d,United States,193.34,False
c0570a,Canada,47.94,False
aca6fe,United States,68.84,False
a1cf26,United States,73.1,False
407e67,United Kingdom,223.37,False
407e68,United Kingdom,252.27,False
71c381,Republic of Korea,207.84,False
a78da1,United States,223.52,False
a3fad5,United States,53.88,False
407e60,United Kingdom,5.92,True
407e61,United Kingdom,2.83,True
407e4e,United Kingdom,254.55,False
c0573e,Canada,31.4,False
c0440e,Canada,240.98,False
407e54,United Kingdom,209.36,False
0d02ed,Mexico,221.73,False
a4c118,United States,75.69,False
e49adb,Brazil,61.24,False
48e913,Poland,206.14,False
384bff,France,5.4,True
780606,China,82.72,False
406b13,United Kingdom,250.38,False
407e45,United Kingdom,235.63,False
406b12,United Kingdom,253.51,False
407e46,United Kingdom,0.0,True
a3a152,United States,68.29,False
78192a,China,163.98,False
a84187,United States,51.44,False
a1bc2e,United States,53.03,False
aa5f23,United States,49.94,False
a123e0,United States,213.38,False
a123e2,United States,220.72,False
a376e1,United States,117.95,False
a1cf6b,United States,134.59,False
a8eafe,United States,62.87,False
a1cf6a,United States,65.8,False
44064a,Austria,2.31,True
adb476,United States,261.92,False
a54f41,United States,147.89,False
a256ea,United States,4.63,True
a9b152,United States,52.57,False
a496a9,United States,130.81,False
a496a5,United States,0.0,True
a389eb,United States,227.01,False
a4e6c0,United States,234.69,False
a506d1,United States,0.0,True
a506d5,United States,137.12,False
a2a6b9,United States,83.75,False
a53c24,United States,53.55,False
a003ca,United States,216.05,False
a8b79f,United States,76.57,False
a9d782,United States,45.54,False
a65c08,United States,228.38,False
a05f95,United States,218.49,False
ada167,United States,258.6,False
a123bf,United States,240.33,False
440669,Austria,144.12,False
440668,Austria,139.99,False
440667,Austria,213.34,False
440665,Austria,248.95,False
a96166,United States,55.29,False
a1bc13,United States,58.13,False
abcf10,United States,65.37,False
44065c,Austria,93.99,False
47a1ef,Norway,145.25,False
a506df,United States,179.6,False
a639f7,United States,232.08,False
44065b,Austria,256.33,False
a85476,United States,61.06,False
acef18,United States,153.7,False
a230d1,United States,240.67,False
440614,Austria,234.21,False
440612,Austria,231.4,False
440611,Austria,223.73,False
abcf1b,United States,223.81,False
a350c3,United States,227.12,False
ab6c26,United States,257.04,False
a01805,United States,188.91,False
aaaf3d,United States,81.89,False
868db5,Japan,257.23,False
440609,Austria,121.5,False
440608,Austria,237.72,False
440607,Austria,214.25,False
440606,Austria,137.89,False
440605,Austria,0.0,True
ab49fe,United States,70.6,False
a350a9,United States,74.27,False
a96144,United States,226.05,False
ab23b5,United States,217.88,False
4b441d,Switzerland,38.83,False
a519b8,United States,230.61,False
a230d6,United States,216.77,False
a0f0aa,United States,167.81,False
a376ec,United States,232.15,False
a85493,United States,236.73,False
a90aaa,United States,180.61,False
a30f85,United States,236.9,False
440631,Austria,217.52,False
440630,Austria,151.43,False
a8b760,United States,0.64,True
a90aaf,United States,100.13,False
a8b75a,United States,242.1,False
a496cb,United States,134.7,False
48c1a9,Poland,245.09,False
ab23c8,United States,213.73,False
48c1a8,Poland,225.0,False
48c1a5,Poland,237.32,False
48c1a6,Poland,0.0,True
48c1a4,Poland,240.33,False
48c1a1,Poland,114.72,False
a483a2,United States,204.34,False
440625,Austria,5.14,True
a1bc3b,United States,34.61,False
a72170,United States,233.66,False
ac69fc,United States,7.46,True
44061d,Austria,221.75,False
44061b,Austria,232.76,False
40104f,United Kingdom,219.96,False
a6aafc,United States,227.71,False
a3a0cc,United States,234.1,False
adb401,United States,213.14,False
ab1122,United States,242.1,False
c055cd,Canada,7.72,True
a973a4,United States,222.12,False
a3a0cf,United States,232.6,False
503d62,Lithuania,236.03,False
a8b6be,United States,28.83,False
45aa4f,Denmark,139.12,False
ab2457,United States,50.05,False
3d28fe,Germany,30.19,False
3949ee,France,245.81,False
4631cc,Finland,160.82,False
ac5765,United States,229.65,False
06a078,Qatar,233.45,False
a53c7f,United States,45.31,False
ab6ad7,United States,81.07,False
a7df4b,United States,36.44,False
45aa4b,Denmark,136.41,False
ad7760,United States,241.75,False
06a072,Qatar,280.62,False
06a081,Qatar,229.03,False
a7df59,United States,231.9,False
a4c0d8,United States,168.67,False
a17ea8,United States,69.94,False
ab1137,United States,48.88,False
34224e,Spain,246.88,False
c055c6,Canada,0.0,True
a9e9f1,United States,40.67,False
503d4d,Lithuania,205.22,False
a05ec9,United States,77.6,False
a7cc0b,United States,45.1,False
a89c23,United States,70.48,False
c055d2,Canada,108.97,False
a9d6b8,United States,255.78,False
a78f6b,United States,39.43,False
06a091,Qatar,241.39,False
c055eb,Canada,78.91,False
aa5f7c,United States,273.61,False
a4c0db,United States,4.89,True
39cf00,France,247.77,False
3949e0,France,247.33,False
39cf04,France,254.45,False
aa4c3e,United States,222.76,False
3949e5,France,121.93,False
06a099,Qatar,248.7,False
3949e8,France,244.53,False
06a095,Qatar,223.77,False
39cf0b,France,156.72,False
503d74,Lithuania,197.63,False
ab1158,United States,99.83,False
acdaa0,United States,41.24,False
503d75,Lithuania,0.0,True
a9d6a5,United States,47.82,False
a9d6a4,United States,55.8,False
a5f3f0,United States,126.73,False
45aa53,Denmark,208.86,False
ad0dec,United States,160.63,False
adb415,United States,46.86,False
4b448a,Switzerland,0.0,True
06a09b,Qatar,83.03,False
ad642a,United States,46.85,False
a600e4,United States,119.66,False
a8b6c1,United States,90.26,False
503d6f,Lithuania,199.56,False
39cf12,France,257.18,False
aca760,United States,199.22,False
45aa46,Denmark,131.16,False
acdaa5,United States,265.6,False
ab2496,United States,210.85,False
a0186f,United States,77.8,False
a53c41,United States,25.6,False
407ce0,United Kingdom,2.77,False
4ca14e,Ireland,150.21,False
a17ecd,United States,188.78,False
407ce4,United Kingdom,248.83,False
a01880,United States,75.17,False
a759eb,United States,212.34,False
7c806f,Australia,0.0,True
7c806d,Australia,269.71,False
a4e6cc,United States,231.45,False
a3fc58,United States,261.05,False
a7a9c5,United States,207.11,False
ad6472,United States,212.4,False
a3b3ca,United States,36.41,False
7c8065,Australia,240.3,False
aa4c1a,United States,125.01,False
ab249d,United States,249.21,False
407cd2,United Kingdom,241.91,False
a65c2c,United States,54.85,False
49d13d,Czech Republic,228.87,False
a66f5f,United States,31.59,False
a3b3e5,United States,232.9,False
ad644e,United States,95.54,False
acedf5,United States,207.32,False
342211,Spain,247.59,False
a6bf31,United States,38.07,False
aca788,United States,232.01,False
a7cc15,United States,54.65,False
a4c0a3,United States,130.68,False
aca79d,United States,7.72,True
a6bf4e,United States,184.49,False
155c00,Russian Federation,185.55,False
e4a2b8,Brazil,128.83,False
aa5f41,United States,219.75,False
3e48cd,Germany,166.74,False
a9618a,United States,89.94,False
407cb4,United Kingdom,243.84,False
a866aa,United States,133.01,False
407cb3,United Kingdom,246.95,False
a24508,United States,237.69,False
a7df36,United States,235.2,False
a7cc01,United States,40.46,False
a7cc00,United States,217.25,False
ad646e,United States,207.97,False
adb43d,United States,37.13,False
ad5151,United States,47.87,False
4010ea,United Kingdom,193.4,False
a5083b,United States,74.64,False
4010ee,United Kingdom,207.86,False
a3b529,United States,234.17,False
4010eb,United Kingdom,233.32,False
78072a,China,249.74,False
ab260a,United States,49.41,False
ac5920,United States,231.4,False
a54ec0,United States,133.76,False
0ac97e,Colombia,8.75,True
0ac97c,Colombia,48.18,False
acca88,United States,6.69,True
4010db,United Kingdom,243.12,False
a28bc9,United States,220.16,False
a24563,United States,34.85,False
0d0322,Mexico,138.27,False
4010e9,United Kingdom,219.06,False
a2a858,United States,42.8,False
a2454f,United States,235.55,False
4b9e47,Turkey,222.09,False
ab3966,United States,239.88,False
4b9e45,Turkey,267.03,False
abcfb0,United States,214.62,False
4b9e41,Turkey,262.79,False
aaafd8,United States,170.25,False
a54ee2,United States,140.11,False
a54ee1,United States,243.86,False
406c80,United Kingdom,146.26,False
0ac95a,Colombia,211.78,False
a8a3fe,United States,49.49,False
a960e3,United States,43.98,False
a3a222,United States,133.56,False
ab7fe6,United States,4.12,True
ab7fe5,United States,148.0,False
0ac956,Colombia,59.68,False
0ac959,Colombia,122.63,False
a30eae,United States,52.97,False
a65ba0,United States,224.69,False
ab3979,United States,49.22,False
a4d533,United States,97.62,False
a36516,United States,220.88,False
406c71,United Kingdom,191.85,False
406c72,United Kingdom,233.07,False
a2452a,United States,152.21,False
a53bc6,United States,36.54,False
407ea1,United Kingdom,222.29,False
ab3983,United States,221.98,False
ab3982,United States,6.94,True
a9d6f1,United States,32.16,False
a35254,United States,232.87,False
ac462d,United States,180.06,False
ab7feb,United States,67.32,False
a960b8,United States,52.3,False
ab3989,United States,209.58,False
3d13cd,Germany,28.46,False
aca950,United States,76.45,False
4b9e4b,Turkey,258.23,False
ab7fee,United States,242.42,False
a24591,United States,231.29,False
a42efc,United States,230.02,False
a960c0,United States,63.32,False
76b44b,Singapore,101.19,False
ab2663,United States,52.12,False
4b9e56,Turkey,227.61,False
c04592,Canada,48.29,False
48c474,Poland,50.46,False
a62800,United States,57.62,False
ac9ff2,United States,261.65,False
a47227,United States,198.33,False
a47221,United States,2.83,True
ab398a,United States,235.22,False
ac3315,United States,108.07,False
ab6ce3,United States,61.68,False
a3521b,United States,132.01,False
aca972,United States,89.03,False
a9e9ef,United States,179.81,False
a74804,United States,149.03,False
a50833,United States,187.31,False
aca976,United States,66.52,False
a35220,United States,247.72,False
a9d6e1,United States,231.87,False
a42ee9,United States,247.23,False
a960a9,United States,238.75,False
a3c847,United States,219.73,False
a62825,United States,248.81,False
0ac997,Colombia,104.64,False
ac8ce5,United States,227.33,False
a9d6e9,United States,40.53,False
a49860,United States,68.77,False
a62819,United States,40.33,False
abcfeb,United States,125.17,False
a3c83f,United States,55.34,False
abcfea,United States,152.77,False
4b9e5a,Turkey,223.03,False
a973e0,United States,1.03,True
a4726a,United States,67.52,False
a89bab,United States,207.24,False
acca21,United States,109.14,False
a97549,United States,45.27,False
a8553f,United States,191.42,False
a72249,United States,184.38,False
ad64aa,United States,74.7,False
a61592,United States,238.84,False
a6bef9,United States,51.45,False
c04552,Canada,64.42,False
407f43,United Kingdom,148.68,False
a137b0,United States,0.51,True
ac44f1,United States,77.72,False
acdd2e,United States,105.46,False
43c171,United Kingdom,222.48,False
a74899,United States,57.52,False
a8feb8,United States,134.27,False
407f2d,United Kingdom,247.92,False
a017a5,United States,230.83,False
407f38,United Kingdom,249.38,False
a017a8,United States,240.3,False
ac44fb,United States,40.75,False
a8688d,United States,40.98,False
3c088d,Germany,237.42,False
407f35,United Kingdom,3.86,True
a65bfe,United States,250.96,False
ab6d9e,United States,63.96,False
ab6d9d,United States,59.09,False
a9c508,United States,90.03,False
a89bd5,United States,137.8,False
407f27,United Kingdom,56.0,False
a86898,United States,48.77,False
a3524e,United States,224.34,False
aaf1f2,United States,229.34,False
a9d807,United States,231.86,False
a1bd0a,United States,51.44,False
a2a7b5,United States,255.7,False
407f8c,United Kingdom,236.73,False
407f96,United Kingdom,235.42,False
a5f52d,United States,216.86,False
a124b5,United States,249.57,False
abbd8d,United States,184.09,False
a6152a,United States,0.0,True
44079a,Austria,222.99,False
407f7d,United Kingdom,250.78,False
aaf1fa,United States,217.73,False
a257cc,United States,99.73,False
407f7c,United Kingdom,129.36,False
a377a2,United States,241.12,False
a3a23c,United States,142.41,False
c0583a,Canada,245.51,False
a004df,United States,41.69,False
adea26,United States,100.66,False
a6beaa,United States,47.01,False
a97516,United States,32.7,False
ac7a84,United States,98.27,False
a6153e,United States,222.26,False
3434c9,Spain,0.06,True
a84200,United States,6.94,True
a61565,United States,44.59,False
406c43,United Kingdom,226.96,False
a257a9,United States,76.97,False
a98813,United States,59.46,False
a8b808,United States,242.32,False
a98815,United States,152.32,False
407f5f,United Kingdom,247.33,False
407f65,United Kingdom,127.71,False
407f66,United Kingdom,241.59,False
407f63,United Kingdom,245.53,False
a9b0ed,United States,0.0,True
407f67,United Kingdom,246.52,False
51012d,Belarus,68.85,False
407f62,United Kingdom,223.52,False
407f60,United Kingdom,135.7,False
a5f551,United States,231.58,False
a1bd4d,United States,37.42,False
a364c7,United States,246.54,False
a3b4b5,United States,245.42,False
a231a6,United States,227.41,False
a16d6d,United States,79.96,False
a4d4a0,United States,75.61,False
c030fd,Canada,145.65,False
a15a60,United States,39.83,False
a9b273,United States,221.37,False
a9b279,United States,137.27,False
a53d2c,United States,238.58,False
a124cc,United States,55.87,False
ada296,United States,232.51,False
a507f5,United States,234.6,False
406ade,United Kingdom,235.46,False
406ae8,United Kingdom,222.2,False
406ae9,United Kingdom,257.69,False
ac8d16,United States,55.67,False
ab5a01,United States,235.17,False
0ac7c2,Colombia,6.94,False
ac57d2,United States,146.78,False
440732,Austria,218.63,False
abbd0a,United States,238.86,False
acdd03,United States,45.94,False
a364ea,United States,237.24,False
ac44b6,United States,19.39,False
a471a8,United States,68.43,False
a40a33,United States,218.2,False
ab5a1d,United States,205.29,False
c030ea,Canada,137.88,False
ac8d3c,United States,268.63,False
a9c52e,United States,261.95,False
a364e7,United States,228.25,False
abbd2d,United States,196.76,False
a351c1,United States,54.58,False
a03a96,United States,87.48,False
abaa02,United States,61.99,False
a16d8f,United States,231.56,False
ac31a1,United States,7.72,True
48c2af,Poland,259.78,False
48c2ad,Poland,173.65,False
48c2ae,Poland,229.93,False
a9b20d,United States,47.94,False
48c2ac,Poland,193.03,False
abaa0e,United States,208.39,False
a9d86c,United States,232.47,False
7cf6a4,Australia,4.12,True
ad77d3,United States,222.8,False
ab11c8,United States,65.4,False
48c2b7,Poland,207.63,False
a5e29a,United States,242.79,False
c030f7,Canada,232.76,False
48c2b8,Poland,113.78,False
a2a7eb,United States,243.42,False
48c2b6,Poland,235.48,False
48c2b3,Poland,220.87,False
342398,Spain,230.25,False
342397,Spain,69.97,False
c030f3,Canada,53.23,False
48c2b2,Poland,222.31,False
ab24ea,United States,76.25,False
a40a14,United States,88.18,False
a111ef,United States,23.96,True
48c2b0,Poland,175.94,False
503c46,Lithuania,63.06,False
a17fb5,United States,231.75,False
503c48,Lithuania,3.09,True
886285,Thailand,227.31,False
342396,Spain,227.02,False
a9d7d3,United States,55.03,False
ab6bda,United States,167.95,False
a89d59,United States,248.24,False
48c2a8,Poland,210.17,False
48c2a9,Poland,209.92,False
a00632,United States,91.1,False
a8a4c7,United States,223.14,False
48c2a6,Poland,205.99,False
a471eb,United States,92.92,False
a471ec,United States,90.43,False
a841a1,United States,70.22,False
a00639,United States,189.81,False
abcedd,United States,121.41,False
48c2a2,Poland,219.34,False
48c2a0,Poland,223.25,False
ac9eeb,United States,74.24,False
aaf246,United States,95.05,False
a89d3f,United States,44.09,False
a77d67,United States,121.03,False
a734e0,United States,50.04,False
ad6539,United States,106.73,False
71c507,Republic of Korea,3.86,True
a9d7e8,United States,30.97,False
a3c900,United States,79.25,False
aceebc,United States,91.08,False
a9d7e4,United States,29.12,False
c043b7,Canada,3.09,True
a9fa04,United States,251.72,False
ab124f,United States,232.5,False
a50900,United States,221.85,False
a471e0,United States,215.66,False
45ab4b,Denmark,232.31,False
aa4d77,United States,234.75,False
440713,Austria,217.53,False
aaf253,United States,172.56,False
407da5,United Kingdom,256.6,False
71c537,Republic of Korea,237.45,False
a52a99,United States,213.78,False
71c538,Republic of Korea,227.31,False
a8a4a0,United States,72.51,False
71c532,Republic of Korea,206.42,False
c030c8,Canada,148.83,False
45ab53,Denmark,214.49,False
34368c,Spain,82.84,False
a2ca5f,United States,237.51,False
49d006,Czech Republic,8.75,True
a90d2c,United States,0.06,True
a854f9,United States,58.3,False
adb52f,United States,38.58,False
a77d89,United States,214.52,False
a40a61,United States,83.34,False
adc861,United States,92.11,False
a2dd8d,United States,46.33,False
886293,Thailand,207.32,False
adc867,United States,58.1,False
a90d48,United States,116.33,False
4b3041,Switzerland,65.12,False
aaf25e,United States,232.92,False
4b3042,Switzerland,64.62,False
4b3043,Switzerland,53.51,False
ac4587,United States,64.39,False
a841b3,United States,50.94,False
a2ca64,United States,231.66,False
48d5a3,Poland,36.45,False
a2efae,United States,222.26,False
a89d0a,United States,0.0,True
acdbf4,United States,208.36,False
4632af,Finland,147.53,False
e49a59,Brazil,247.17,False
a627f3,United States,49.39,False
a734aa,United States,3.86,True
c069f0,Canada,251.9,False
a11324,United States,47.33,False
ad6595,United States,166.33,False
406ac4,United Kingdom,237.97,False
aa17f2,United States,281.51,False
45ab50,Denmark,234.72,False
406ac3,United Kingdom,252.2,False
48e8b9,Poland,38.09,False
a53d80,United States,246.86,False
a10006,United States,86.88,False
a614d7,United States,1.54,True
49d034,Czech Republic,251.48,False
a9b27c,United States,16.46,True
ab129a,United States,247.15,False
3e47b1,Germany,199.43,False
a721a4,United States,0.0,True
ad659d,United States,67.38,False
a591d5,United States,217.39,False
a3a1dd,United States,252.83,False
343650,Spain,153.1,False
acdbef,United States,209.74,False
503c92,Lithuania,94.84,False
a734c6,United States,70.46,False
45ab26,Denmark,242.19,False
a89d22,United States,202.98,False
45ab22,Denmark,233.94,False
407dbf,United Kingdom,188.25,False
45ab23,Denmark,0.0,True
45ab28,Denmark,240.75,False
4632b2,Finland,226.85,False
a78c9c,United States,35.38,False
0d065f,Mexico,142.84,False
407c6d,United Kingdom,214.68,False
a43ea3,United States,245.03,False
e4a25d,Brazil,241.79,False
a3d829,United States,235.75,False
a25522,United States,36.81,False
71c597,Republic of Korea,0.9,True
a01567,United States,147.18,False
801402,India,102.96,False
a37517,United States,216.53,False
71c593,Republic of Korea,254.21,False
47a185,Norway,210.02,False
a0288f,United States,43.66,False
a78c8f,United States,2.06,True
801408,India,239.33,False
801406,India,179.9,False
a2b81c,United States,41.47,False
801409,India,225.42,False
801410,India,236.07,False
a8a0d9,United States,0.0,True
a05bde,United States,84.63,False
a38836,United States,10.29,True
a3c514,United States,228.0,False
ad8907,United States,128.71,False
a9d3b6,United States,66.93,False
aabfa6,United States,245.8,False
aa4a90,United States,153.91,False
789213,China,232.47,False
a00217,United States,217.61,False
48c12f,Poland,248.59,False
48c12d,Poland,179.18,False
a4f825,United States,56.7,False
48c12b,Poland,237.6,False
48c12c,Poland,88.86,False
48c138,Poland,1.03,True
a7dc99,United States,45.42,False
48c135,Poland,215.0,False
48c133,Poland,210.88,False
48c134,Poland,220.09,False
48c131,Poland,235.54,False
48c132,Poland,221.68,False
a3c51a,United States,248.55,False
aabfb3,United States,182.5,False
48c128,Poland,196.45,False
ab3623,United States,0.0,True
a863ba,United States,46.85,False
48c126,Poland,246.09,False
add905,United States,47.74,False
48c124,Poland,219.31,False
48c125,Poland,245.95,False
48c122,Poland,173.28,False
48c123,Poland,244.22,False
a43ee5,United States,212.21,False
a3b0f3,United States,193.44,False
48c121,Poland,229.46,False
71c553,Republic of Korea,232.46,False
aa01de,United States,187.72,False
a25563,United States,80.99,False
801444,India,224.32,False
a2fee9,United States,9.26,True
801442,India,138.9,False
ab8fcb,United States,261.55,False
a17bfe,United States,216.84,False
a6bc3c,United States,227.41,False
801454,India,227.94,False
789244,China,12.86,True
789243,China,4.89,False
a743ca,United States,35.0,False
ab362c,United States,229.97,False
789246,China,281.06,False
a36219,United States,138.33,False
3d25f6,Germany,64.39,False
a2a536,United States,6.69,False
789241,China,7.72,True
a3b0fe,United States,212.82,False
0d0648,Mexico,214.61,False
ac694f,United States,247.61,False
489789,Poland,69.06,False
aabfca,United States,92.3,False
489788,Poland,145.01,False
a78c89,United States,236.0,False
a49510,United States,216.19,False
789254,China,142.6,False
71c579,Republic of Korea,46.81,False
801424,India,225.54,False
a17bd2,United States,38.29,False
80140e,India,228.61,False
789251,China,188.44,False
71c572,Republic of Korea,268.09,False
acffb7,United States,237.23,False
71c570,Republic of Korea,269.66,False
ab4989,United States,87.04,False
80141d,India,97.13,False
ac9cb1,United States,41.83,False
801431,India,0.0,True
ac9ca6,United States,118.69,False
a78c86,United States,36.19,False
a78c6e,United States,64.51,False
aaacc3,United States,231.57,False
504e27,Republic of Moldova,287.67,False
aaad49,United States,7.72,True
c0685e,Canada,41.39,False
a67ef0,United States,29.84,False
a12295,United States,59.94,False
3444da,Spain,228.87,False
ad0d35,United States,218.02,False
a2b89e,United States,252.66,False
a5f208,United States,38.07,True
600bca,Azerbaijan,272.72,False
440488,Austria,1.54,True
440484,Austria,215.32,False
adb29f,United States,195.71,False
a2a576,United States,81.07,False
a74535,United States,113.91,False
3444cc,Spain,222.87,False
801493,India,236.62,False
3444ca,Spain,232.34,False
a8c811,United States,262.92,False
a3b268,United States,232.63,False
ab7d78,United States,54.93,False
a66be6,United States,34.34,False
ab34f3,United States,251.06,False
600bbe,Azerbaijan,271.94,False
a8785b,United States,247.77,False
3444d1,Spain,215.97,False
a43eec,United States,240.27,False
add7c9,United States,222.74,False
a43eea,United States,6.94,True
abcd45,United States,32.54,False
a92ea0,United States,195.63,False
a12275,United States,39.64,False
a43eed,United States,248.14,False
80145d,India,231.13,False
402195,United Kingdom,6.94,True
a12288,United States,35.66,False
aced29,United States,217.01,False
a80ee4,United States,43.52,False
aced23,United States,222.81,False
3444c8,Spain,235.88,False
3444c9,Spain,89.41,False
a7eebc,United States,0.39,True
a3621e,United States,242.56,False
c0685f,Canada,50.39,False
aaad78,United States,0.0,False
a73220,United States,246.11,False
aaad6d,United States,137.18,False
aced1c,United States,126.97,False
ab6a4c,United States,73.12,False
ab6a4b,United States,82.47,False
abba43,United States,240.37,False
a62516,United States,68.16,False
c0680b,Canada,57.62,False
ac41ab,United States,236.03,False
a79ea8,United States,256.35,False
aa1635,United States,232.98,False
a147b5,United States,2.57,True
a74505,United States,1.54,True
a79ea0,United States,71.75,False
aa6fca,United States,228.95,False
a04a01,United States,131.81,False
00b7d4,South Africa,76.39,False
778568,Syrian Arab Republic,245.29,False
a5aeab,United States,93.72,False
ad0d77,United States,155.43,False
a63855,United States,202.6,False
407c26,United Kingdom,157.3,False
a50549,United States,242.64,False
aaad8f,United States,196.3,False
ac41d3,United States,53.86,False
407c0b,United Kingdom,263.91,False
407c0a,United Kingdom,232.95,False
80148f,India,230.2,False
e4a207,Brazil,143.65,False
abcd7e,United States,254.3,False
a54bac,United States,83.78,False
a62533,United States,0.0,True
a3c54f,United States,196.32,False
a3627d,United States,235.87,False
a5aec4,United States,52.71,False
a4e538,United States,238.27,False
44046d,Austria,136.35,False
a3d890,United States,215.32,False
ac8a66,United States,184.98,False
a36272,United States,77.89,False
440469,Austria,166.07,False
a63879,United States,58.25,False
a05d0b,United States,128.94,False
acda2c,United States,198.75,False
06a1b9,Qatar,71.83,False
3feac3,Germany,46.72,False
a014db,United States,33.07,False
ac559f,United States,271.7,False
76ea13,Singapore,0.0,True
a54d06,United States,44.56,False
a04a49,United States,235.48,False
a0ad57,United States,45.05,False
c040e8,Canada,0.77,True
a134d5,United States,183.62,False
407ac6,United Kingdom,225.99,False
a30d04,United States,153.41,False
440437,Austria,31.7,False
a014c9,United States,217.32,False
a05d3b,United States,48.34,False
407ac3,United Kingdom,236.37,False
a014bc,United States,44.47,False
06a1cf,Qatar,277.52,False
06a1cc,Qatar,263.4,False
a17d1c,United States,9.26,True
76ea36,Singapore,2.06,True
a54d0a,United States,37.68,False
440429,Austria,42.29,False
06a1e8,Qatar,103.94,False
a97251,United States,157.95,False
a54d23,United States,0.06,True
ac429b,United States,233.01,False
a0ad1b,United States,235.42,False
a0ad1d,United States,216.27,False
a374cc,United States,88.07,False
c066fb,Canada,0.0,True
4bb846,Turkey,2.31,True
4bb847,Turkey,247.17,False
4bb844,Turkey,235.98,False
a254da,United States,266.72,False
aa1597,United States,77.37,False
a29d80,United States,72.06,False
a7eef4,United States,87.64,False
a28a53,United States,218.37,False
06a1ea,Qatar,113.61,False
a41a14,United States,22.66,False
a29d89,United States,3.09,True
a9854e,United States,252.28,False
a1cd4e,United States,242.71,False
4bb859,Turkey,225.47,False
c053ba,Canada,3.09,False
a7dbaa,United States,0.0,True
4bb855,Turkey,87.49,False
a28a2c,United States,252.87,False
4bb853,Turkey,123.43,False
c053c8,Canada,141.77,False
4bb854,Turkey,68.78,False
4bb861,Turkey,240.31,False
c1e9fd,Canada,5.92,True
ab34a6,United States,93.01,False
a91be1,United States,59.04,False
ab34a7,United States,203.2,False
4bb84c,Turkey,252.68,False
a254f7,United States,246.86,False
a001d4,United States,133.56,False
343386,Spain,224.69,False
a8c855,United States,47.16,False
adb29c,United States,206.36,False
a014ff,United States,0.0,True
a001ce,United States,47.1,False
a98539,United States,238.46,False
0d04ae,Mexico,226.03,False
0d04af,Mexico,245.73,False
c1e9e2,Canada,0.0,True
a8b534,United States,2.83,True
ac67d7,United States,30.94,False
a001e9,United States,178.98,False
ac54a4,United States,42.3,False
407af1,United Kingdom,174.19,False
a73263,United States,52.27,False
344696,Spain,223.99,False
a254d7,United States,266.32,False
aa6efa,United States,181.47,False
a4d28c,United States,48.1,False
344699,Spain,2.06,True
344692,Spain,226.91,False
4bb87a,Turkey,223.95,False
344693,Spain,230.68,False
aa01b2,United States,106.19,False
46a5e4,Greece,71.66,False
46a5e3,Greece,217.15,False
a8c7ae,United States,79.09,False
344691,Spain,6.17,True
a54d73,United States,53.11,False
4bb886,Turkey,251.49,False
4cc52c,Iceland,226.98,False
4bb885,Turkey,221.65,False
4cc52d,Iceland,223.27,False
acb82c,United States,5.92,True
ac5522,United States,210.08,False
789275,China,223.08,False
a877d3,United States,193.79,False
a494eb,United States,9.26,True
aaabb7,United States,45.0,False
a2da60,United States,239.8,False
a241f8,United States,45.1,False
aa01a2,United States,251.43,False
c1e9d2,Canada,0.0,True
a744b3,United States,240.19,False
4402f1,Austria,220.17,False
78926d,China,125.02,False
4402f0,Austria,151.44,False
ad8835,United States,253.31,False
aa14d2,United States,60.42,False
ad8836,United States,227.92,False
c066b6,Canada,232.88,False
4402db,Austria,232.43,False
a997cc,United States,241.73,False
a1490a,United States,67.46,False
a6bd33,United States,82.2,False
4bb88f,Turkey,240.96,False
c066dd,Canada,231.52,False
4cc50e,Iceland,212.44,False
a997a9,United States,65.66,False
4bb867,Turkey,248.85,False
a254ff,United States,247.05,False
4bb863,Turkey,255.98,False
ab355c,United States,236.11,False
a91d07,United States,49.7,False
a4d1bf,United States,48.15,False
c066f4,Canada,264.83,False
a78d73,United States,220.69,False
a65a45,United States,38.88,False
789296,China,93.52,False
789293,China,242.73,False
4bb85a,Turkey,226.95,False
ad8872,United States,235.04,False
78928f,China,87.36,False
504e65,Republic of Moldova,224.55,False
4bb879,Turkey,134.84,False
504e61,Republic of Moldova,252.96,False
4bb873,Turkey,187.01,False
c053b4,Canada,4.63,True
a1ba59,United States,218.15,False
a77a32,United States,239.69,False
4bb86f,Turkey,246.13,False
4bb86d,Turkey,207.39,False
3cf3a9,Germany,200.86,False
a4d1e2,United States,107.15,False
4bb86e,Turkey,224.58,False
a494c5,United States,229.41,False
a30d6b,United States,3.34,True
adc532,United States,232.2,False
a4e4a3,United States,215.01,False
aa5d23,United States,79.74,False
adc531,United States,256.49,False
4402ae,Austria,230.86,False
4402ac,Austria,176.49,False
78929c,China,247.9,False
a517dc,United States,212.71,False
00b95f,South Africa,56.58,False
ac4237,United States,243.91,False
a6bd01,United States,240.25,False
ac5569,United States,80.78,False
a41a99,United States,43.54,False
abdeec,United States,218.63,False
ad8895,United States,236.52,False
469e45,Greece,261.59,False
344644,Spain,163.1,False
4b426c,Switzerland,40.07,False
504e88,Republic of Moldova,225.64,False
504e87,Republic of Moldova,206.61,False
a2da8f,United States,235.98,False
a3c4d0,United States,250.86,False
a4f7cb,United States,211.92,False
4cc57e,Iceland,165.75,False
a05cc7,United States,198.23,False
a624a6,United States,239.75,False
a504bd,United States,102.03,False
a54d3c,United States,44.48,False
47a097,Norway,174.1,False
a13608,United States,281.02,False
a624ac,United States,179.06,False
4402ca,Austria,51.44,False
c066b0,Canada,228.51,False
a54d4b,United States,52.18,False
46b8ad,Greece,217.19,False
4402e8,Austria,0.77,True
a66d33,United States,196.52,False
4402e6,Austria,47.51,False
a54d4d,United States,52.79,False
a54d4e,United States,62.16,False
a9c25e,United States,130.7,False
4cc574,Iceland,228.44,False
4cc570,Iceland,210.51,False
a1ba96,United States,80.6,False
46b8a2,Greece,0.0,True
47a05e,Norway,204.55,False
a54d69,United States,50.31,False
7807bb,China,236.34,False
a4e4ba,United States,117.11,False
46b8a9,Greece,232.14,False
a06fd7,United States,62.68,False
acb892,United States,5.66,True
a13668,United States,0.06,True
a1dfe4,United States,89.55,False
a9c1ab,United States,101.78,False
801520,India,119.19,False
a55fb9,United States,44.86,False
a851f6,United States,227.67,False
06a111,Qatar,275.18,False
406a62,United Kingdom,246.15,False
06a112,Qatar,278.25,False
a38969,United States,120.56,False
a2562e,United States,84.04,False
407d90,United Kingdom,0.0,True
a3c60d,United States,222.99,False
a29cbf,United States,0.0,True
406a63,United Kingdom,243.78,False
adc5ff,United States,227.85,False
a2b93a,United States,162.01,False
06a10b,Qatar,0.06,True
06a10c,Qatar,271.28,False
a6aa6e,United States,246.34,False
06a10a,Qatar,272.65,False
a63936,United States,246.35,False
a30ca8,United States,59.29,False
406a59,United Kingdom,228.7,False
06a128,Qatar,252.68,False
06a129,Qatar,266.09,False
a851e2,United States,56.81,False
06a126,Qatar,7.46,True
06a127,Qatar,2.06,True
a51958,United States,0.0,True
a4e604,United States,33.47,False
a31fd2,United States,175.5,False
a2563f,United States,146.94,False
406a3d,United Kingdom,222.34,False
406a3e,United Kingdom,223.83,False
a4e60a,United States,49.91,False
a25627,United States,87.2,False
8850b7,Thailand,258.89,False
3d11eb,Germany,69.88,False
a29ca9,United States,87.33,False
a51968,United States,225.99,False
e4a11f,Brazil,92.21,False
4404e6,Austria,212.28,False
3ffd20,Germany,59.27,False
a2560b,United States,159.95,False
a4e619,United States,64.51,False
407d75,United Kingdom,221.9,False
e4a131,Brazil,225.33,False
a0298e,United States,46.21,False
06a12f,Qatar,137.82,False
3e31d8,Germany,170.26,False
ac570d,United States,40.51,False
407d5b,United Kingdom,193.89,False
407d5c,United Kingdom,252.73,False
a31fb8,United States,51.29,False
a55fe9,United States,250.41,False
06a149,Qatar,257.23,False
c0307a,Canada,250.73,False
a4f959,United States,78.3,False
407d60,United Kingdom,115.19,False
48e89e,Poland,45.67,False
a0acb6,United States,164.05,False
a36343,United States,45.51,False
c03036,Canada,74.59,False
a12378,United States,247.9,False
e4a189,Brazil,7.2,True
a611db,United States,137.95,False
ab7db7,United States,28.92,False
a984d4,United States,149.11,False
a1ccec,United States,3.09,True
ab3748,United States,52.41,False
406a9c,United Kingdom,229.66,False
a9d4b5,United States,220.71,False
a48321,United States,0.0,True
a3899d,United States,215.94,False
a3899a,United States,225.35,False
801569,India,221.09,False
ac5723,United States,249.35,False
aaadb2,United States,9.26,True
48c22c,Poland,212.72,False
48c22d,Poland,189.05,False
a4d1f2,United States,79.31,False
80155c,India,0.0,True
48c238,Poland,220.37,False
80155f,India,240.2,False
48c239,Poland,232.52,False
48e899,Poland,246.81,False
06a14b,Qatar,260.46,False
48c235,Poland,220.44,False
48c232,Poland,215.25,False
06a14a,Qatar,266.56,False
a91d78,United States,0.0,True
48c233,Poland,0.32,True
48c230,Poland,114.24,False
48e893,Poland,216.05,False
48c231,Poland,1430.62,False
a48315,United States,226.78,False
a851a2,United States,100.54,False
a23030,United States,153.89,False
406a95,United Kingdom,226.09,False
a3d90a,United States,7.72,True
406a93,United Kingdom,232.99,False
48e87d,Poland,43.33,False
a5f1ca,United States,109.34,False
abcdb8,United States,0.0,True
a997e5,United States,234.43,False
48c229,Poland,240.93,False
80152d,India,239.29,False
406a91,United Kingdom,97.66,False
48c227,Poland,241.99,False
090150,Angola,215.94,False
80152c,India,166.1,False
4b9c47,Turkey,223.45,False
48c225,Poland,206.69,False
a1cccb,United States,61.95,False
48c226,Poland,219.04,False
48c223,Poland,255.49,False
a6bd8b,United States,252.24,False
48c221,Poland,2.57,True
a3897c,United States,49.11,False
a23000,United States,53.78,False
ac9db6,United States,65.13,False
ac9db8,United States,90.57,False
4404a4,Austria,216.88,False
43f7b3,United Kingdom,73.88,False
406a84,United Kingdom,237.62,False
a997f4,United States,230.74,False
a984c1,United States,0.06,True
a1dff7,United States,82.67,False
a51928,United States,42.03,False
a8fd2c,United States,157.49,False
a1235b,United States,242.27,False
ab110a,United States,49.39,False
a8b4c6,United States,146.31,False
ad0db5,United States,165.38,False
a1dfed,United States,3.09,True
a851c3,United States,223.46,False
a50603,United States,62.2,False
a0acf8,United States,237.27,False
a0acf9,United States,267.56,False
a4960c,United States,215.94,False
a4835c,United States,197.76,False
ac9e4e,United States,66.88,False
c0430e,Canada,50.81,False
a3c68f,United States,55.32,False
407d10,United Kingdom,248.63,False
a9d605,United States,123.88,False
a2a68c,United States,79.98,False
ad88cb,United States,239.23,False
a92fdc,United States,182.54,False
acee23,United States,47.65,False
aaae79,United States,8.75,True
aa4ad2,United States,101.37,False
80159b,India,71.51,False
a80fe5,United States,59.66,False
a97310,United States,235.49,False
00a3b9,South Africa,223.44,False
a48356,United States,238.83,False
a3636c,United States,38.61,False
407d00,United Kingdom,236.94,False
abbb24,United States,263.96,False
a5e003,United States,149.98,False
c05678,Canada,48.83,False
acdb25,United States,54.91,False
a62698,United States,94.25,False
a24370,United States,71.57,False
aa5de7,United States,56.1,False
505ef4,Slovakia,47.02,False
a2a686,United States,235.89,False
50053f,San Marino,247.39,False
a12392,United States,5.14,True
ac9e77,United States,246.42,False
a2ecec,United States,233.69,False
ac8b43,United States,229.96,False
a3b398,United States,239.41,False
c03001,Canada,180.61,False
3d1327,Germany,62.66,False
780926,China,234.33,False
a1239d,United States,250.42,False
801595,India,134.63,False
acee50,United States,226.71,False
a98622,United States,79.22,False
a6cffc,United States,247.15,False
a148cc,United States,70.66,False
a61305,United States,66.37,False
a80fb4,United States,42.8,False
440582,Austria,224.22,False
a1ce16,United States,1.03,True
adb2a4,United States,211.42,False
aa5dc5,United States,194.35,False
407d52,United Kingdom,232.33,False
adc5bb,United States,108.92,False
a3c662,United States,116.36,False
ad0e97,United States,226.13,False
a002a8,United States,46.82,False
39cde5,France,91.36,False
407d45,United Kingdom,2.31,True
407d46,United Kingdom,156.24,False
adfb16,United States,0.0,False
ac42df,United States,260.95,False
a5198f,United States,9.88,False
a0ae09,United States,257.78,False
a90a8a,United States,57.53,False
406a02,United Kingdom,219.38,False
a5afe6,United States,55.24,False
406a05,United Kingdom,222.16,False
a1109b,United States,248.34,False
407d30,United Kingdom,108.7,False
44058f,Austria,59.66,False
adb2c9,United States,236.93,False
a04b00,United States,60.82,False
a17e0e,United States,9.77,True
a63993,United States,243.05,False
a60008,United States,127.93,False
a80fc1,United States,48.26,False
a7461c,United States,32.93,False
06a108,Qatar,250.22,False
06a109,Qatar,186.06,False
06a106,Qatar,225.62,False
c0561b,Canada,55.58,False
06a104,Qatar,271.91,False
06a103,Qatar,240.16,False
a54cf9,United States,40.01,False
3ffd70,Germany,31.9,False
a66cbf,United States,114.54,False
adc694,United States,182.06,False
ad504a,United States,103.86,False
a16b46,United States,51.3,False
a3d8d1,United States,166.58,False
a3c5a3,United States,129.55,False
885104,Thailand,282.78,False
7808fc,China,150.47,False
06a0a8,Qatar,3.86,True
a7338c,United States,66.22,False
7892a4,China,225.45,False
06a0a5,Qatar,260.82,False
a9d696,United States,52.85,False
407bde,United Kingdom,144.25,False
a42e13,United States,5.4,True
ab48b8,United States,254.14,False
407bdd,United Kingdom,122.4,False
a66e03,United States,187.82,False
a78e09,United States,221.92,False
06a0b5,Qatar,271.17,False
ab48aa,United States,223.3,False
aaf094,United States,49.66,False
06a0b1,Qatar,270.29,False
ad639e,United States,249.12,False
a2b8c4,United States,253.48,False
a2b8c5,United States,84.88,False
06a0ad,Qatar,269.01,False
06a0ae,Qatar,246.07,False
06a0ac,Qatar,96.83,False
a9b007,United States,216.09,False
3ffca9,Germany,42.7,False
a66e11,United States,55.05,False
440549,Austria,199.59,False
a8539b,United States,49.97,False
06a0c0,Qatar,281.2,False
06a0c1,Qatar,262.4,False
adb35c,United States,236.03,False
06a0be,Qatar,268.95,False
06a0bf,Qatar,277.22,False
a388af,United States,249.83,False
a3c5d9,United States,69.21,False
885116,Thailand,222.66,False
8013c3,India,232.52,False
e1040d,Argentina,219.44,False
ab7e1e,United States,124.24,False
c041bc,Canada,243.12,False
a78cfe,United States,103.68,False
a28b5b,United States,2.83,True
ab6b02,United States,232.62,False
a9d640,United States,256.74,False
a97341,United States,48.97,False
a1ce99,United States,0.0,True
342189,Spain,223.94,False
342188,Spain,215.59,False
a3a084,United States,252.37,False
a3a086,United States,235.48,False
a86674,United States,242.31,False
ada069,United States,60.56,False
ac9e26,United States,117.79,False
06a0e6,Qatar,244.15,False
06a0e7,Qatar,259.3,False
06a0e4,Qatar,8.75,True
8013cc,India,247.03,False
155bcc,Russian Federation,196.62,False
a2b8fe,United States,82.16,False
a3d8a2,United States,175.89,False
a78cfc,United States,0.0,True
06a0df,Qatar,78.72,False
4acaa1,Sweden,247.08,False
155be1,Russian Federation,155.72,False
4acaa2,Sweden,259.75,False
4acaa4,Sweden,253.95,False
a242c3,United States,185.7,False
a8c973,United States,81.09,False
ad0e29,United States,172.39,False
a30e67,United States,49.77,False
8013a4,India,107.49,False
ab6b21,United States,183.32,False
ab35d3,United States,240.63,False
a42e48,United States,0.0,True
a04b82,United States,71.49,False
a1bb45,United States,248.87,False
ab7e4b,United States,47.67,False
a9d626,United States,5.14,True
a42e43,United States,54.2,False
06a0ea,Qatar,71.84,False
a2ee48,United States,58.46,False
a1bb1f,United States,48.4,False
ac9e47,United States,47.82,False
a29e5c,United States,66.88,False
aaae52,United States,232.43,False
aa0361,United States,49.28,False
a2b8db,United States,237.23,False
a04b92,United States,226.66,False
aaae4b,United States,250.93,False
a9d637,United States,46.37,False
06a0fd,Qatar,228.26,False
a495a2,United States,55.07,False
06a0fa,Qatar,110.05,False
06a0fb,Qatar,278.21,False
ad7631,United States,253.06,False
a7de46,United States,240.44,False
a6be4c,United States,38.8,False
ab7ccd,United States,36.82,False
a53b69,United States,201.42,False
a745db,United States,227.55,False
a8b5b2,United States,217.75,False
0ac9b9,Colombia,81.49,False
ac4317,United States,207.83,False
88517a,Thailand,225.1,False
a732ae,United States,234.96,False
8013fb,India,66.93,False
a865c8,United States,218.96,False
a90b0e,United States,202.22,False
a7de30,United States,48.04,False
71c746,Republic of Korea,207.85,False
a41b5b,United States,90.17,False
3935ab,France,39.04,False
a13718,United States,85.55,False
aa02ab,United States,234.75,False
acb953,United States,85.34,False
4acaa6,Sweden,224.68,False
a4d2f8,United States,143.1,False
ab1028,United States,53.54,False
47c6ba,Norway,56.14,False
4b413f,Switzerland,75.16,False
ad1fee,United States,59.93,False
a7cb30,United States,103.75,False
abccd8,United States,271.75,False
a9b088,United States,71.08,False
a4d2df,United States,40.98,False
a8c8c1,United States,152.78,False
ad631e,United States,79.78,False
a65b64,United States,1.03,True
4acab0,Sweden,250.07,False
4acab2,Sweden,127.28,False
aa4b32,United States,68.57,False
acb989,United States,220.78,False
ac300d,United States,240.25,False
a7de53,United States,90.0,False
a7a8ed,United States,230.99,False
a65b76,United States,242.74,False
a7cb0b,United States,235.75,False
8013ea,India,219.84,False
a495e9,United States,225.03,False
add93f,United States,43.84,False
ab2372,United States,234.28,False
885156,Thailand,216.17,False
4a2184,Romania,67.38,False
4a2185,Romania,232.5,False
a13748,United States,248.24,False
71c719,Republic of Korea,202.24,False
ac3030,United States,0.0,True
7808ac,China,254.56,False
ab236a,United States,250.8,False
adb329,United States,110.74,False
a37713,United States,135.15,False
a638e4,United States,203.75,False
4cc475,Iceland,27.95,False
ad7667,United States,47.89,False
71c708,Republic of Korea,4.37,True
a91e11,United States,5.4,True
a3b2c0,United States,67.38,False
aca64f,United States,77.68,False
39bb24,France,201.78,False
acb997,United States,49.28,False
39bb26,France,12.35,True
ac5697,United States,137.14,False
39bb27,France,217.73,False
a3c5f3,United States,35.35,False
3ce078,Germany,235.82,False
a1373d,United States,215.75,False
5004dc,San Marino,242.07,False
ac4369,United States,61.77,False
a4e5be,United States,57.81,False
a3fb3a,United States,134.1,False
a05ddc,United States,230.47,False
a37705,United States,68.63,False
a53b2b,United States,0.0,True
7808d8,China,246.3,False
39bb20,France,223.04,False
adc62d,United States,245.15,False
39bb22,France,147.58,False
a3c5ea,United States,165.85,False
885171,Thailand,87.25,False
ac3053,United States,238.82,False
a4f8fc,United States,48.49,False
adc65e,United States,148.19,False
71c733,Republic of Korea,230.59,False
a482fc,United States,113.55,False
3ffce8,Germany,26.22,False
3ffcda,Germany,47.69,False
a612a6,United States,227.94,False
4403f0,Austria,212.31,False
a9739f,United States,59.32,False
710dc6,Saudi Arabia,234.72,False
a12403,United States,265.71,False
0ac9ad,Colombia,8.23,True
a54e87,United States,51.67,False
a78e2a,United States,125.28,False
a41b89,United States,227.0,False
4b1815,Switzerland,0.0,True
a7b08d,United States,220.62,False
aa56db,United States,0.0,True
4b1812,Switzerland,217.19,False
a808bb,United States,50.97,False
4b1813,Switzerland,229.35,False
ade191,United States,229.56,False
a665b9,United States,239.63,False
440da5,Austria,156.61,False
a57b1e,United States,222.68,False
a2e5f1,United States,69.63,False
ade199,United States,81.6,False
a305ff,United States,25.23,False
a305fd,United States,218.64,False
4b1803,Switzerland,0.0,True
4b1804,Switzerland,206.09,False
a21b85,United States,47.85,False
408114,United Kingdom,40.13,False
a34e6a,United States,80.33,False
4b1808,Switzerland,168.33,False
4b1809,Switzerland,212.62,False
aa56d5,United States,247.08,False
4b1800,Switzerland,5.4,True
4b1801,Switzerland,205.67,False
a21b6a,United States,66.57,False
ab63b4,United States,84.31,False
a9f06b,United States,258.35,False
aaef60,United States,232.86,False
a1b2d6,United States,39.3,False
4952cd,Portugal,220.81,False
a282e5,United States,209.88,False
4952ce,Portugal,248.73,False
a665c5,United States,203.66,False
a10e8b,United States,246.89,False
0d0c14,Mexico,111.09,False
ace6b9,United States,148.77,False
a70b23,United States,6.17,True
a46e3c,United States,181.54,False
a282bf,United States,65.97,False
4b181d,Switzerland,243.12,False
ac96be,United States,251.29,False
4952d1,Portugal,228.3,False
aa69db,United States,245.02,False
440dc7,Austria,54.53,False
abc6c1,United States,267.04,False
ae26b0,United States,41.57,False
a21b44,United States,218.54,False
a08b88,United States,86.92,False
aa56b6,United States,72.06,False
a798e7,United States,5.14,True
a1fb33,United States,0.0,True
a1d8fd,United States,266.59,False
aa56b4,United States,225.04,False
a6c8cd,United States,257.66,False
aa56b3,United States,229.33,False
4952c1,Portugal,224.28,False
440daf,Austria,74.42,False
4952c4,Portugal,230.04,False
a5de64,United States,42.38,False
4952c6,Portugal,231.03,False
440db0,Austria,226.97,False
ac2f5a,United States,7.72,True
ac1c2c,United States,72.74,False
a33b1e,United States,9.26,True
a665e6,United States,211.58,False
4952ae,Portugal,233.37,False
4b180a,Switzerland,214.37,False
4b180b,Switzerland,16.98,True
3c6669,Germany,216.08,False
3c6668,Germany,135.18,False
3c6667,Germany,186.62,False
4952b1,Portugal,0.0,True
4952b3,Portugal,0.64,True
e4943f,Brazil,187.26,False
aaef89,United States,199.53,False
3c664f,Germany,0.0,True
ad3c1f,United States,221.45,False
e49443,Brazil,156.13,False
ac96f1,United States,44.17,False
e49444,Brazil,153.1,False
a7b057,United States,149.31,False
3c6664,Germany,219.29,False
3c6663,Germany,134.4,False
3c6678,Germany,241.33,False
a2d2eb,United States,10.29,True
7101e3,Saudi Arabia,232.47,False
4952a2,Portugal,217.01,False
4952a3,Portugal,232.73,False
3c666e,Germany,170.99,False
4952a4,Portugal,228.97,False
ac96fe,United States,162.09,False
abb3be,United States,243.92,False
3c666c,Germany,236.29,False
3c666b,Germany,217.22,False
0a00c4,Algeria,253.98,False
e48120,Brazil,148.04,False
3c6672,Germany,183.46,False
48cb15,Poland,0.0,True
3c6671,Germany,224.32,False
3c6670,Germany,230.09,False
ac83d5,United States,224.12,False
ac70a3,United States,261.13,False
a558e7,United States,51.86,False
a34e9d,United States,235.93,False
a1b2ee,United States,233.15,False
ad90a3,United States,222.5,False
a412d8,United States,41.18,False
40812e,United Kingdom,14.4,True
40812d,United Kingdom,243.08,False
aadc7a,United States,54.3,False
abfc71,United States,260.88,False
ac1c87,United States,136.56,False
a4ab16,United States,50.94,False
a34e97,United States,220.21,False
a88075,United States,193.3,False
ac70c2,United States,0.0,True
a9acf6,United States,43.01,False
0d0aca,Mexico,234.25,False
a94b50,United States,248.43,False
c02e9b,Canada,202.89,False
3c65a2,Germany,217.04,False
a94b4d,United States,88.52,False
0d0ae5,Mexico,120.1,False
3c65a8,Germany,288.67,False
0d0ae8,Mexico,217.61,False
4b187d,Switzerland,227.19,False
ade106,United States,48.36,False
716ffc,Saudi Arabia,239.19,False
ae0116,United States,177.08,False
a17755,United States,77.76,False
c02e8f,Canada,198.38,False
a0a73b,United States,210.62,False
ade101,United States,40.97,False
acd43b,United States,84.38,False
ae2779,United States,59.99,False
4b1883,Switzerland,245.99,False
4b1884,Switzerland,208.87,False
4b1886,Switzerland,220.35,False
3c65c1,Germany,236.11,False
a05776,United States,5.66,True
a83e86,United States,69.97,False
4b1880,Switzerland,227.85,False
0d0af7,Mexico,238.87,False
4b1882,Switzerland,246.43,False
3b7b38,France,63.3,False
ac1afa,United States,267.16,False
a0443c,United States,128.53,False
a8e2d6,United States,245.7,False
ad9136,United States,41.54,False
3b7b39,France,78.3,False
acd481,United States,225.97,False
3c65d2,Germany,248.37,False
a8f5ba,United States,46.22,False
3c65c7,Germany,231.92,False
3b7b40,France,105.89,False
3c65c6,Germany,89.35,False
3c65c5,Germany,236.33,False
a94b2b,United States,215.67,False
3d1e3c,Germany,53.1,False
3c65c9,Germany,254.3,False
acd486,United States,238.41,False
a8f5d1,United States,91.09,False
abb47f,United States,131.9,False
a45b96,United States,240.36,False
3c65ce,Germany,138.81,False
3c65cd,Germany,206.89,False
3c65e1,Germany,244.09,False
a412fe,United States,38.4,False
3c65e4,Germany,220.75,False
ac7188,United States,166.26,False
a7c2e4,United States,45.56,False
3c65e2,Germany,254.14,False
3c65d8,Germany,258.7,False
3c65d7,Germany,136.31,False
3c65d6,Germany,161.23,False
3c65d5,Germany,193.31,False
86d6a4,Japan,204.21,False
e492cf,Brazil,252.96,False
3c65cc,Germany,87.49,False
a10db1,United States,3.34,True
3c65ca,Germany,230.0,False
a41412,United States,0.0,True
a6a2b5,United States,55.0,False
a785dc,United States,59.82,False
7c6b07,Australia,259.91,False
a0579b,United States,50.43,False
a94b0b,United States,221.12,False
a0579a,United States,104.83,False
0c4186,Dominican Republic,236.49,False
a1a110,United States,239.91,False
a928ea,United States,227.0,False
391a14,France,47.69,False
a33aa7,United States,198.64,False
aa30ab,United States,67.21,False
a532f5,United States,74.36,False
ac2f18,United States,232.88,False
a94b29,United States,244.96,False
a03159,United States,238.7,False
a83e49,United States,106.61,False
0d0aaf,Mexico,248.3,False
aaef21,United States,98.69,False
a28423,United States,230.54,False
a03122,United States,72.51,False
c02e91,Canada,238.48,False
c02e92,Canada,0.45,True
aa30a1,United States,102.01,False
a69b82,United States,140.43,False
a0311d,United States,253.05,False
aa43c4,United States,213.78,False
0d0abd,Mexico,239.59,False
a94b05,United States,253.79,False
a94b02,United States,267.49,False
3994a5,France,56.67,False
a1775f,United States,241.56,False
861f22,Japan,91.92,False
0d0ad1,Mexico,186.42,False
ad9192,United States,52.27,False
ae149f,United States,95.07,False
716ff9,Saudi Arabia,259.39,False
716ff7,Saudi Arabia,180.64,False
a58de0,United States,1.29,True
3b7b8a,France,20.17,False
a3f43c,United States,188.07,False
a7d717,United States,202.34,False
a2e77a,United States,44.48,False
a2d44b,United States,65.24,False
aaedb4,United States,58.14,False
a41447,United States,7.72,True
7c7cc4,Australia,34.65,False
a4aaad,United States,57.45,False
a03197,United States,74.66,False
ab774b,United States,3.34,True
ad0725,United States,245.11,False
ab0dcb,United States,113.09,False
a71db6,United States,245.3,False
aaa754,United States,34.26,False
a0dae2,United States,66.36,False
43ee32,United Kingdom,174.99,False
ad072a,United States,248.02,False
a1fabc,United States,48.29,False
ad4db3,United States,45.82,False
a1512f,United States,5.66,True
aaedcb,United States,48.38,False
7c496c,Australia,6.69,True
a2845b,United States,75.93,False
a5ddd5,United States,61.64,False
a30785,United States,46.3,False
a34de0,United States,66.9,False
a1a115,United States,106.52,False
a1b449,United States,230.58,False
a65454,United States,256.17,False
516042,Montenegro,141.91,False
a03179,United States,234.78,False
abb40e,United States,133.44,False
aaeddb,United States,158.02,False
a3f401,United States,240.55,False
a069d9,United States,30.37,False
14fc06,Russian Federation,3.6,False
c07071,Canada,129.3,False
e492b7,Brazil,112.76,False
3b7b63,France,129.5,False
ad0750,United States,225.42,False
ac2dea,United States,222.0,False
a82b8e,United States,30.26,False
49530c,Portugal,236.65,False
a82b94,United States,68.03,False
ac7115,United States,225.91,False
e492aa,Brazil,221.95,False
a22f01,United States,97.89,False
a3915a,United States,248.06,False
a2717f,United States,208.29,False
a94b72,United States,211.35,False
a27175,United States,68.34,False
a2c151,United States,67.16,False
a94b6b,United States,249.53,False
495307,Portugal,231.01,False
aba10d,United States,64.58,False
a33afd,United States,255.8,False
495308,Portugal,237.76,False
abfac6,United States,1.03,True
86d5d8,Japan,259.37,False
ac1ad7,United States,0.0,True
a4bdb9,United States,89.84,False
495302,Portugal,136.13,False
495303,Portugal,141.63,False
a4278e,United States,256.14,False
a4bdbb,United States,64.79,False
a58dd1,United States,42.71,False
a1a14b,United States,50.42,False
e492a6,Brazil,232.45,False
a42795,United States,68.38,False
adf418,United States,47.29,False
a53436,United States,189.36,False
3b7b94,France,48.75,False
c0707b,Canada,240.19,False
ad3ac5,United States,115.09,False
ab6493,United States,47.34,False
440cfe,Austria,91.43,False
3c6743,Germany,0.0,True
aaee9c,United States,67.41,False
3c6748,Germany,0.0,True
408086,United Kingdom,246.23,False
a9178d,United States,149.02,False
408084,United Kingdom,45.58,False
a043ac,United States,243.37,False
acd2be,United States,110.0,False
0d0b4b,Mexico,109.75,False
44a015,Belgium,31.48,False
a94ae5,United States,260.35,False
abb2d5,United States,242.71,False
a176ba,United States,44.67,False
3c6741,Germany,95.79,False
a8f77c,United States,165.65,False
a70aed,United States,230.45,False
a559b4,United States,48.53,False
3c6759,Germany,232.45,False
e4803d,Brazil,175.21,False
a6417c,United States,90.34,False
3c674a,Germany,215.61,False
a9f118,United States,0.0,True
408071,United Kingdom,73.0,False
440cf8,Austria,226.49,False
a76154,United States,226.47,False
e48044,Brazil,89.59,False
c02cfc,Canada,213.92,False
40805d,United Kingdom,214.58,False
abb2e7,United States,5.4,True
a1c6a8,United States,233.38,False
3c5422,Germany,0.0,True
a21c10,United States,118.32,False
a22f42,United States,203.67,False
3c6752,Germany,0.0,True
ac82f8,United States,5.92,True
3c6750,Germany,230.46,False
408064,United Kingdom,235.01,False
a559c1,United States,228.76,False
40804d,United Kingdom,239.82,False
408059,United Kingdom,237.9,False
abfb98,United States,188.96,False
abb2fe,United States,224.64,False
408051,United Kingdom,228.74,False
3d0aa3,Germany,35.0,False
48ca8d,Poland,43.69,False
c0703b,Canada,53.7,False
40803c,United Kingdom,228.52,False
0d0b92,Mexico,217.61,False
0d0b91,Mexico,210.42,False
a7743b,United States,124.48,False
440cbd,Austria,21.61,True
a0ef7f,United States,69.71,False
440cbe,Austria,236.09,False
3c6704,Germany,286.22,False
3c6703,Germany,117.41,False
a9ada7,United States,40.64,False
3c6709,Germany,264.13,False
0d0b13,Mexico,232.15,False
3c6708,Germany,262.68,False
485920,Kingdom of the Netherlands,195.71,False
a2f9ee,United States,37.55,False
440cc1,Austria,190.38,False
aaa705,United States,228.16,False
a7d754,United States,244.38,False
44b301,Belgium,222.52,False
a57af9,United States,242.72,False
3c6713,Germany,192.56,False
3c6710,Germany,245.55,False
440cab,Austria,254.77,False
a7742a,United States,98.94,False
0d0b20,Mexico,208.49,False
a8e428,United States,57.0,False
440cac,Austria,103.5,False
3c6715,Germany,238.41,False
3c6714,Germany,220.39,False
a83dd0,United States,51.86,False
a163f2,United States,235.84,False
a0ef99,United States,53.19,False
3c6718,Germany,233.7,False
a8e420,United States,57.26,False
a46f2a,United States,55.34,False
a1fc36,United States,42.75,False
4951ee,Portugal,226.49,False
4951ef,Portugal,241.03,False
a52168,United States,135.35,False
a6fdfb,United States,49.07,False
abc704,United States,112.29,False
a030a8,United States,184.43,False
a1fc21,United States,88.02,False
4008ad,United Kingdom,256.58,False
3c670a,Germany,5.14,True
a426a5,United States,243.32,False
a0a6ce,United States,85.42,False
a6a45e,United States,224.56,False
e48053,Brazil,256.91,False
a8943d,United States,215.18,False
3c670c,Germany,81.36,True
a296e5,United States,42.6,False
4008b3,United Kingdom,162.08,False
4008b2,United Kingdom,224.2,False
4008b1,United Kingdom,212.24,False
40808b,United Kingdom,195.68,False
a89442,United States,236.15,False
aa9de7,United States,183.84,False
408095,United Kingdom,63.69,False
4951cd,Portugal,223.72,False
ab64af,United States,49.14,False
3c6589,Germany,198.55,False
a34f9c,United States,55.24,False
a7d6a8,United States,222.64,False
aa7a1f,United States,239.2,False
a69c1c,United States,163.24,False
a666cd,United States,168.28,False
a929d4,United States,58.55,False
a5a9ee,United States,67.76,False
40822e,United Kingdom,115.02,False
ac1d1b,United States,59.86,False
a6c9f6,United States,41.17,False
3c6584,Germany,254.24,False
c02ed9,Canada,210.75,False
3c6583,Germany,212.34,False
a2c0b3,United States,93.58,False
a69c29,United States,205.62,False
a533bd,United States,246.91,False
3c6586,Germany,194.31,False
3c6585,Germany,214.55,False
c02ec1,Canada,247.36,False
a5cc35,United States,236.83,False
3c658b,Germany,224.36,False
a283ed,United States,192.41,False
3c658e,Germany,0.0,True
aa57df,United States,214.59,False
ac97ce,United States,51.78,False
02a1a6,Tunisia,203.89,False
02a1a1,Tunisia,229.37,False
02a1a2,Tunisia,231.77,False
a7b19a,United States,52.07,False
3c6595,Germany,276.94,False
a69c36,United States,33.85,False
a1a0ba,United States,57.8,False
02a1a9,Tunisia,55.46,False
a3f3dc,United States,220.23,False
02a1a8,Tunisia,233.56,False
39d314,France,0.0,True
39d315,France,147.06,False
408227,United Kingdom,234.14,False
39d317,France,147.06,False
a4ac65,United States,233.13,False
39d319,France,239.43,False
408229,United Kingdom,112.94,False
abea11,United States,129.4,False
39d310,France,229.35,False
39d311,France,214.93,False
39d312,France,191.55,False
ab9a32,United States,7.72,True
39d313,France,236.73,False
c0853f,Canada,230.03,False
40820f,United Kingdom,242.0,False
a2e6dd,United States,41.15,False
a83f56,United States,235.44,False
a283f4,United States,224.54,False
4690fa,Greece,8.23,True
a3f3ed,United States,51.35,False
abfd39,United States,245.69,False
c08537,Canada,86.98,False
a773a6,United States,165.79,False
c08536,Canada,231.21,False
a809f8,United States,191.05,False
a6c9eb,United States,56.9,False
a2d3b3,United States,146.67,False
a7e9e7,United States,219.9,False
0d0b07,Mexico,216.85,False
408210,United Kingdom,252.09,False
39d30e,France,225.44,False
39d30f,France,208.6,False
ab64ee,United States,247.36,False
39d30b,France,1.03,True
3c6548,Germany,257.83,False
e49329,Brazil,185.05,False
4690e9,Greece,5.92,True
4690e4,Greece,172.73,False
a390ed,United States,236.71,False
a4ac03,United States,119.05,False
4690e2,Greece,211.82,False
4b5da5,Switzerland,1.54,True
a559df,United States,46.72,False
aadd86,United States,121.42,False
408281,United Kingdom,130.28,False
a1780c,United States,41.68,False
aba1a0,United States,200.02,False
39e68a,France,214.3,False
39e68d,France,222.61,False
3c6543,Germany,221.42,False
4690f9,Greece,2.31,True
a4bf41,United States,243.7,False
ac0a58,United States,238.49,False
a7c48c,United States,64.31,False
a4bf48,United States,70.94,False
a5df20,United States,33.1,False
ad3d63,United States,227.13,False
3c787a,Germany,221.08,False
3c654a,Germany,229.22,False
ab9a5b,United States,100.19,False
3c6551,Germany,235.42,False
a7618f,United States,220.36,False
4690ea,Greece,212.6,False
ad3d4e,United States,6.43,True
e48004,Brazil,141.37,False
40825f,United Kingdom,225.24,False
3c6552,Germany,228.42,False
408268,United Kingdom,56.53,False
408262,United Kingdom,233.39,False
39e681,France,0.0,True
39e684,France,221.92,False
408260,United Kingdom,246.17,False
39e683,France,3.34,True
39e686,France,154.23,False
ac71cf,United States,39.74,False
39e687,France,135.71,False
3c654e,Germany,0.0,True
a05827,United States,226.78,False
abb4ea,United States,217.93,False
abea47,United States,145.94,False
c02eb9,Canada,263.55,False
3c6566,Germany,256.62,False
a559fb,United States,987.02,False
ac0a75,United States,217.26,False
a5cc19,United States,233.41,False
acd4d4,United States,147.77,False
3d1baf,Germany,41.16,False
39e693,France,249.71,False
a5cc12,United States,224.59,False
39e697,France,0.0,True
39e699,France,208.59,False
ac1d9b,United States,55.96,False
408253,United Kingdom,46.23,False
3d1bc5,Germany,28.96,False
39e691,France,223.66,False
39e690,France,225.82,False
3c6573,Germany,211.31,False
a9f130,United States,81.17,False
e49311,Brazil,194.68,False
e49312,Brazil,191.72,False
ac71e7,United States,0.0,True
a6ec95,United States,234.47,False
758403,Philippines,235.42,False
a2983e,United States,61.06,False
782078,China,279.38,False
0a004a,Algeria,232.32,False
0a004b,Algeria,235.24,False
a1b519,United States,231.6,False
a70c9d,United States,153.97,False
a8d0b9,United States,60.74,False
a4280e,United States,56.07,False
ac858a,United States,243.05,False
c01c7c,Canada,76.62,False
a903cd,United States,57.38,False
a94c7b,United States,0.64,True
a03235,United States,229.72,False
a34ea0,United States,0.51,True
a3f500,United States,234.65,False
a16519,United States,59.8,False
a42804,United States,2.06,True
3c64b1,Germany,230.69,False
a29831,United States,96.47,False
3c64a6,Germany,215.35,False
3c64a5,Germany,255.68,False
3c64a4,Germany,248.2,False
3c64a3,Germany,107.35,False
0a001a,Algeria,229.21,False
3c64a7,Germany,166.4,False
ade252,United States,229.45,False
a916fa,United States,55.68,False
3c64af,Germany,228.18,False
a0452e,United States,56.1,False
3c64ae,Germany,227.03,False
3c64ac,Germany,247.93,False
a390ff,United States,262.38,False
0a0044,Algeria,233.17,False
aa31ed,United States,242.53,False
4080ea,United Kingdom,241.7,False
a08bb9,United States,64.85,False
3c64ab,Germany,219.44,False
a54841,United States,64.65,False
3c64aa,Germany,225.49,False
4080f6,United Kingdom,243.76,False
4080f7,United Kingdom,238.77,False
a4ac88,United States,228.35,False
ad928b,United States,249.62,False
ad928e,United States,232.61,False
adf59e,United States,126.66,False
0a008a,Algeria,134.91,False
a45ba2,United States,213.19,False
a70c67,United States,236.93,False
a4ac6b,United States,82.86,False
a1fbd2,United States,82.51,False
a1a21f,United States,178.08,False
c083d6,Canada,88.23,False
ac729c,United States,250.29,False
a6ec56,United States,203.51,False
c02f6a,Canada,205.14,False
ab77ac,United States,183.02,False
a1a212,United States,56.48,False
a773bc,United States,66.86,False
a94c3a,United States,72.24,False
ad9293,United States,232.45,False
a9af3e,United States,210.26,False
451c0d,Bulgaria,239.89,False
a69c79,United States,187.86,False
a0326e,United States,233.61,False
a1c868,United States,267.39,False
0a0078,Algeria,208.55,False
02a1aa,Tunisia,216.31,False
02a1ab,Tunisia,235.17,False
0a0077,Algeria,237.4,False
a880b0,United States,11.32,True
aa7a3c,United States,241.28,False
a903c5,United States,268.1,False
0a0074,Algeria,194.16,False
0a0075,Algeria,239.76,False
abc7a3,United States,234.6,False
ac97c3,United States,107.02,False
0a007d,Algeria,218.02,False
a34eab,United States,98.01,False
0a007a,Algeria,254.84,False
a1655b,United States,53.07,False
ab64b8,United States,207.05,False
c083e8,Canada,43.73,False
0a0084,Algeria,275.8,False
a916cc,United States,36.26,False
3cea41,Germany,229.59,False
a66878,United States,49.94,False
c82337,New Zealand,247.71,False
ad4eb5,United States,144.88,False
ab652a,United States,46.84,False
ace81d,United States,1.29,True
3c64fa,Germany,226.13,False
4080a4,United Kingdom,254.32,False
a2d573,United States,251.46,False
a45bd7,United States,0.06,True
a33bea,United States,56.04,False
a6b83e,United States,265.75,False
ac1ba1,United States,46.58,False
a6553a,United States,190.38,False
494143,Portugal,11.32,True
a69bc1,United States,131.47,False
a70ba6,United States,83.13,False
ab6552,United States,0.0,True
a5dee3,United States,228.93,False
a21bea,United States,207.99,False
a69bcd,United States,235.63,False
a5489b,United States,43.85,False
aaa86a,United States,64.13,False
a7c522,United States,227.66,False
a2c224,United States,108.74,False
a69bd3,United States,190.99,False
ac1bb6,United States,116.06,False
a45baf,United States,34.2,False
ad0851,United States,234.35,False
a52258,United States,7.72,True
782144,China,239.52,False
a1fbd9,United States,142.62,False
a5224d,United States,146.09,False
39e4ac,France,249.07,False
a8950b,United States,203.23,False
ad4eba,United States,208.68,False
ac7218,United States,233.48,False
aaa893,United States,200.35,False
a1b573,United States,7.72,True
a15275,United States,52.0,False
abb52c,United States,240.96,False
a0a7a0,United States,92.59,False
0d0a77,Mexico,196.16,False
aaa88b,United States,223.87,False
4080db,United Kingdom,197.9,False
4080df,United Kingdom,198.14,False
0a0019,Algeria,157.35,False
4080e9,United Kingdom,229.59,False
494110,Portugal,202.03,False
4080e4,United Kingdom,81.8,False
a2c27e,United States,245.7,False
4080e1,United Kingdom,244.61,False
a880ff,United States,245.57,False
4080e2,United Kingdom,239.8,False
494118,Portugal,228.55,False
a057d0,United States,3.86,True
ab5257,United States,253.46,False
4080e0,United Kingdom,251.12,False
0a0022,Algeria,234.93,False
e491a1,Brazil,226.49,False
ac8577,United States,1.03,True
a5351b,United States,71.54,False
494105,Portugal,125.85,False
a057cc,United States,238.21,False
a78810,United States,41.49,False
abfbd0,United States,80.25,False
aa5820,United States,89.64,False
0d0a90,Mexico,116.85,False
494107,Portugal,219.02,False
494106,Portugal,202.24,False
46912d,Greece,76.2,False
a6b833,United States,224.57,False
acc21a,United States,6.69,True
3c64f3,Germany,211.65,False
3c64f0,Germany,231.3,False
ac7256,United States,216.71,False
abb579,United States,0.0,True
3c64f4,Germany,200.87,False
0d0a8e,Mexico,80.77,False
4080c1,United Kingdom,243.32,False
ad9242,United States,64.38,False
a057b3,United States,148.33,False
a057b6,United States,52.97,False
ac7261,United States,250.04,False
a64208,United States,74.22,False
0d0a9b,Mexico,261.37,False
4080b6,United Kingdom,223.48,False
4a08ea,Romania,233.95,False
3981eb,France,154.43,False
ac857b,United States,82.43,False
3c64ee,Germany,243.88,False
4a08ed,Romania,74.48,False
782191,China,239.12,False
4009c5,United Kingdom,101.74,False
acc0b7,United States,67.64,False
a89597,United States,69.12,False
a1fd0b,United States,49.09,False
ac1c8a,United States,117.54,False
4009c7,United Kingdom,222.12,False
ad3c75,United States,52.64,False
a7c57d,United States,32.92,False
4009c6,United Kingdom,208.08,False
e49246,Brazil,204.31,False
3c6634,Germany,74.59,False
a94bff,United States,219.33,False
e4924a,Brazil,242.73,False
0d0a46,Mexico,235.0,False
3c6637,Germany,6.69,True
ace6fa,United States,145.21,False
ac70da,United States,245.99,False
4b28ed,Switzerland,131.63,False
ac70e2,United States,219.97,False
4b15ed,Switzerland,216.39,False
408183,United Kingdom,246.17,False
4b15ef,Switzerland,239.36,False
408184,United Kingdom,214.63,False
3c6641,Germany,252.76,False
3c6658,Germany,232.8,False
0d0a64,Mexico,133.68,False
3c6655,Germany,232.18,False
3c7989,Germany,241.93,False
c08497,Canada,202.23,False
a8d231,United States,242.59,False
408170,United Kingdom,109.32,False
a76298,United States,149.49,False
aa325b,United States,71.03,False
3c7982,Germany,236.96,False
40815b,United Kingdom,247.37,False
40815c,United Kingdom,247.14,False
3c7983,Germany,221.47,False
3c7984,Germany,227.62,False
3c6653,Germany,79.19,False
c0848b,Canada,78.33,False
a667a0,United States,38.24,False
3c6652,Germany,187.6,False
a9aebc,United States,0.0,True
a3f59e,United States,125.75,False
c0710e,Canada,58.13,False
a33d62,United States,237.38,False
a9aec5,United States,216.96,False
a427e3,United States,138.94,False
a9aec2,United States,210.62,False
a71efa,United States,240.38,False
a89545,United States,224.05,False
440dca,Austria,57.21,False
a65598,United States,1.54,True
39d308,France,168.09,False
39d309,France,232.6,False
a6fef8,United States,41.78,False
a83ef5,United States,79.7,False
a6ebc6,United States,180.17,False
0d0a08,Mexico,230.12,False
a21d6e,United States,49.6,False
39d300,France,145.38,False
39d302,France,74.32,False
a6a54e,United States,56.1,False
44b438,Belgium,240.89,False
a76235,United States,129.64,False
e49294,Brazil,227.9,False
4009db,United Kingdom,263.09,False
4009da,United Kingdom,192.8,False
aa589c,United States,0.0,True
a271b0,United States,184.7,False
a5cbf3,United States,100.35,False
abc824,United States,50.86,False
a88247,United States,40.02,False
ac981a,United States,184.88,False
a0ca25,United States,79.92,False
7103d6,Saudi Arabia,271.89,False
ab6519,United States,178.84,False
a70bff,United States,215.41,False
abc80c,United States,105.67,False
7103d7,Saudi Arabia,246.15,False
3d0a9b,Germany,35.5,False
c0712e,Canada,128.62,False
0d0a0f,Mexico,216.45,False
aaeeb4,United States,5.14,True
abb507,United States,231.01,False
ac2eaa,United States,266.57,False
a9aeb8,United States,62.35,False
ab0ed6,United States,249.41,False
ac9842,United States,79.06,False
4009d9,United Kingdom,90.55,False
a19a48,United States,2.83,True
a8e51b,United States,114.6,False
a8f84d,United States,43.54,False
aa9eef,United States,261.86,False
a1b4b2,United States,225.46,False
a1c7e9,United States,3.6,True
3c6469,Germany,207.43,False
ab87ad,United States,85.9,False
0d0e30,Mexico,226.07,False
0d0e33,Mexico,43.3,False
400880,United Kingdom,135.77,False
a72f22,United States,216.13,False
400879,United Kingdom,233.7,False
400877,United Kingdom,157.38,False
890031,Yemen,153.8,False
a0ec67,United States,249.19,False
a6d9c3,United States,240.26,False
a1c3ab,United States,55.31,False
acd296,United States,217.23,False
a46c0f,United States,52.0,False
0d0e46,Mexico,91.07,False
a58c29,United States,230.86,False
a5ef25,United States,34.99,False
a689e0,United States,39.69,False
0d0e3b,Mexico,227.56,False
a280a4,United States,238.2,False
4b5d9b,Switzerland,0.0,True
4b5d9c,Switzerland,0.77,True
a8e153,United States,141.06,False
a5a6c1,United States,94.14,False
ab0d2e,United States,147.68,False
a689f8,United States,225.47,False
3c6481,Germany,162.34,False
0d0e4b,Mexico,245.13,False
a6d9e0,United States,3.34,True
a689f0,United States,49.02,False
3c6484,Germany,49.39,True
7583e2,Philippines,212.53,False
3c6482,Germany,231.63,False
3c6489,Germany,222.51,False
a676c4,United States,214.05,False
3c6488,Germany,229.67,False
abd7b4,United States,0.0,True
3c6486,Germany,100.44,False
a2f6b3,United States,205.1,False
3c648e,Germany,1.54,True
a34c14,United States,99.12,False
3c648d,Germany,233.83,False
3c648c,Germany,236.94,False
0d0e68,Mexico,222.86,False
aaa4b3,United States,232.14,False
4856ed,Kingdom of the Netherlands,160.29,False
390988,France,48.81,False
3c648f,Germany,217.2,False
0d0e5b,Mexico,181.51,False
3c6496,Germany,212.1,False
a186fb,United States,28.81,False
3c6495,Germany,151.16,False
3c6494,Germany,233.46,False
4c21f2,Serbia,223.94,False
3c6498,Germany,235.94,False
3c6497,Germany,183.78,False
4b1618,Switzerland,4.89,True
398035,France,54.41,False
c080dc,Canada,249.92,False
a8e132,United States,154.1,False
440c8e,Austria,226.11,False
ab0d62,United States,127.28,False
151dda,Russian Federation,214.13,False
a65186,United States,56.02,False
abd7d1,United States,1.29,True
a6b48f,United States,215.36,False
a89155,United States,57.27,False
aa429c,United States,82.47,False
3c6421,Germany,237.43,False
a2e3f1,United States,69.85,False
151dd3,Russian Federation,181.44,False
abd7f1,United States,51.35,False
c080ce,Canada,69.62,False
0d0e01,Mexico,0.45,True
a436ff,United States,51.91,False
440c8c,Austria,265.61,False
440c8d,Austria,222.54,False
0d0e05,Mexico,238.99,False
a9011e,United States,145.4,False
a2d0b2,United States,52.29,False
3c6433,Germany,237.15,False
c080e0,Canada,219.47,False
a569d7,United States,270.47,False
3c6448,Germany,212.23,False
3c6447,Germany,192.43,False
aaed5a,United States,250.69,False
0d0e11,Mexico,4.89,True
a4cf26,United States,252.13,False
abc4be,United States,239.02,False
a280bf,United States,61.54,False
a34c68,United States,66.37,False
aaed76,United States,60.33,False
3d1ab9,Germany,51.08,False
0d0e0b,Mexico,3.34,True
4b161a,Switzerland,18.52,True
4b161e,Switzerland,226.45,False
3c6442,Germany,114.42,False
ac1a44,United States,260.0,False
151df2,Russian Federation,357.76,False
c820f2,New Zealand,163.42,False
42482b,United Kingdom,261.89,False
4b1620,Switzerland,216.44,False
ad04d0,United States,144.25,False
a34c57,United States,3.09,True
a22c7c,United States,45.19,False
4856c9,Kingdom of the Netherlands,54.7,False
a47f5b,United States,45.48,False
151ded,Russian Federation,3.64,False
40087a,United Kingdom,249.61,False
ad3a0d,United States,39.74,False
0d0e1d,Mexico,226.25,False
abc4d8,United States,199.71,False
a96f71,United States,60.44,False
a1d811,United States,234.0,False
86d8cc,Japan,257.78,False
a11eb7,United States,211.88,False
ac8247,United States,129.21,False
a05521,United States,266.72,False
a0b81e,United States,220.3,False
a0b823,United States,266.54,False
ac2be9,United States,157.15,False
4869be,Kingdom of the Netherlands,230.8,False
4869bf,Kingdom of the Netherlands,255.71,False
aaa590,United States,212.35,False
4869bd,Kingdom of the Netherlands,145.51,False
a0b82a,United States,58.16,False
a770a2,United States,149.54,False
e490c3,Brazil,108.05,False
a72f91,United States,236.31,False
a23ea5,United States,56.13,False
a650d9,United States,2.06,True
c080a4,Canada,0.9,True
abc573,United States,232.45,False
aaa58b,United States,87.99,False
ad0562,United States,234.71,False
a0fea6,United States,193.86,False
a9bf4b,United States,256.09,False
acd22c,United States,229.95,False
a280fe,United States,205.8,False
aa54fd,United States,60.37,False
a0b801,United States,269.89,False
4869c4,Kingdom of the Netherlands,223.38,False
440c6f,Austria,194.08,False
c080d9,Canada,220.84,False
a9bf27,United States,228.72,False
440c83,Austria,7.2,True
a1b0fb,United States,248.59,False
a0b803,United States,199.47,False
adf219,United States,217.31,False
aa9d6e,United States,269.18,False
a46c86,United States,70.29,False
c080ad,Canada,239.45,False
c080ae,Canada,207.37,False
a913b1,United States,47.51,False
0c434a,Dominican Republic,224.47,False
c080aa,Canada,236.34,False
adaef7,United States,36.01,False
a7d3d3,United States,198.77,False
abc591,United States,217.86,False
a2d0d5,United States,42.95,False
a0b85c,United States,61.39,False
0d0cce,Mexico,221.18,False
4b1699,Switzerland,224.05,False
a939e8,United States,124.58,False
a0b866,United States,246.22,False
abb271,United States,219.05,False
a6c6d0,United States,121.42,False
495168,Portugal,0.0,True
a0422d,United States,26.95,False
a806b8,United States,163.49,False
a16229,United States,143.56,False
a0b86c,United States,239.84,False
4499e9,Belgium,60.77,False
abb27e,United States,37.04,False
49514c,Portugal,230.99,False
49514e,Portugal,241.55,False
49514f,Portugal,140.2,False
a72f56,United States,189.77,False
a5ef60,United States,74.0,False
a6c6c8,United States,214.37,False
a4cf7f,United States,74.44,False
a0ebab,United States,242.7,False
a1d83b,United States,0.0,True
a4380d,United States,250.16,False
49514a,Portugal,234.41,False
e490ee,Brazil,119.67,False
495154,Portugal,248.1,False
0d0cf8,Mexico,133.32,False
a96f3e,United States,87.74,False
495155,Portugal,233.48,False
aa8a26,United States,244.47,False
a16221,United States,125.53,False
c009ee,Canada,44.03,False
a18858,United States,37.14,False
a17527,United States,206.2,False
495152,Portugal,228.34,False
48448c,Kingdom of the Netherlands,259.69,False
495153,Portugal,235.25,False
00bfc0,South Africa,243.56,False
a31829,United States,207.78,False
151f0c,Russian Federation,4.12,False
a0b846,United States,224.26,False
c03f85,Canada,226.43,False
a0b845,United States,213.47,False
a0b844,United States,246.6,False
a0b840,United States,212.59,False
ac828f,United States,123.73,False
a83c36,United States,70.22,False
495145,Portugal,1.29,True
495146,Portugal,235.83,False
a5ef8b,United States,52.08,False
440c32,Austria,239.66,False
4b169a,Switzerland,75.41,False
440c33,Austria,138.69,False
440c35,Austria,232.56,False
0d0cff,Mexico,117.97,False
440c36,Austria,224.93,False
440c38,Austria,178.71,False
a410fd,United States,4.12,True
a7f9f4,United States,0.0,True
a05559,United States,74.08,False
a04226,United States,80.47,False
a04229,United States,55.07,False
4b168f,Switzerland,83.53,False
4246b3,United Kingdom,238.52,False
a58ba0,United States,40.06,False
4b027f,Switzerland,218.91,False
4b027d,Switzerland,235.68,False
a5451a,United States,2.31,True
a5584d,United States,46.23,False
a29578,United States,140.04,False
a53207,United States,228.15,False
4b0281,Switzerland,197.89,False
a54535,United States,227.6,False
a23efc,United States,44.77,False
4b0280,Switzerland,227.21,False
a67858,United States,71.91,False
a35ef1,United States,231.6,False
a3aef1,United States,97.78,False
4246ba,United Kingdom,207.57,False
c08195,Canada,60.02,False
c03f02,Canada,229.43,False
ad1813,United States,64.51,False
a900f8,United States,76.07,False
ac3ea3,United States,200.63,False
a34bc8,United States,257.74,False
a58bb5,United States,53.29,False
a8082d,United States,35.89,False
a1b212,United States,78.22,False
e4917d,Brazil,94.88,False
ab7526,United States,31.59,False
c03f37,Canada,204.32,False
a29551,United States,247.57,False
484456,Kingdom of the Netherlands,59.09,False
a5320b,United States,2.57,True
a59eeb,United States,0.0,True
a4bbb3,United States,191.93,False
4006c0,United Kingdom,93.64,False
a34bb6,United States,257.66,False
a6784c,United States,262.11,False
a23edc,United States,57.29,False
a59ef7,United States,199.37,False
a3f231,United States,52.89,False
485779,Kingdom of the Netherlands,154.12,False
a7e80f,United States,41.2,False
a0b88d,United States,262.42,False
4b028f,Switzerland,229.53,False
4b028e,Switzerland,221.27,False
4b028d,Switzerland,213.74,False
a66545,United States,88.61,False
485778,Kingdom of the Netherlands,184.91,False
404f39,United Kingdom,21.1,False
a1623f,United States,155.8,False
4246cd,United Kingdom,166.41,False
e49196,Brazil,154.99,False
7c1216,Australia,57.8,False
4b0295,Switzerland,117.36,False
4b0293,Switzerland,220.13,False
a23eed,United States,53.42,False
4b0292,Switzerland,119.69,False
4b0291,Switzerland,222.29,False
a67805,United States,226.49,False
a6a0f1,United States,48.48,False
a95c89,United States,122.96,False
3d1c25,Germany,50.67,False
ab0bc5,United States,25.4,False
ac2ba0,United States,237.0,False
acf849,United States,200.95,False
151e62,Russian Federation,242.75,False
151e63,Russian Federation,259.34,False
acf841,United States,130.93,False
a2e57e,United States,230.86,False
782282,China,255.26,False
ad5ed0,United States,65.54,False
a6a0f6,United States,126.95,False
ab6229,United States,223.37,False
3991e3,France,218.42,False
3991e5,France,219.21,False
78227a,China,135.1,False
3991e8,France,197.2,False
ac2bb7,United States,204.11,False
151e54,Russian Federation,4.12,False
ac952b,United States,120.82,False
aaa555,United States,183.94,False
484415,Kingdom of the Netherlands,275.46,False
3c76ef,Germany,170.69,False
ad185a,United States,171.07,False
c08190,Canada,40.02,False
ac2bc6,United States,247.83,False
a4cea3,United States,255.23,False
a1c57e,United States,194.03,False
ac2bc9,United States,76.17,False
ad1861,United States,8.23,True
a9ac2a,United States,53.54,False
758558,Philippines,227.9,False
ab6247,United States,198.01,False
a2f87e,United States,57.95,False
c08179,Canada,241.08,False
a1b247,United States,38.67,False
4006eb,United Kingdom,214.93,False
abc556,United States,0.0,True
ac8233,United States,50.42,False
ac2bd4,United States,98.67,False
a1b23f,United States,52.08,False
ac2bd9,United States,143.44,False
a96f9e,United States,108.41,False
a890de,United States,250.6,False
a54520,United States,0.06,True
a1c581,United States,178.6,False
ab1f9e,United States,58.41,False
ace3b9,United States,40.75,False
a067d6,United States,82.04,False
a95bbc,United States,50.43,False
151da2,Russian Federation,247.36,False
ab73f5,United States,172.21,False
151da5,Russian Federation,258.22,False
151da6,Russian Federation,242.94,False
a0b7b7,United States,0.0,True
151da8,Russian Federation,250.0,False
a9020f,United States,144.65,False
7584a7,Philippines,216.98,False
151da9,Russian Federation,209.53,False
ac3f7f,United States,240.75,False
0d0d8d,Mexico,217.81,False
a4127f,United States,81.54,False
ac3f91,United States,95.14,False
abc3c6,United States,233.22,False
a90219,United States,70.03,False
3c6519,Germany,256.33,False
a6659a,United States,51.82,False
ac2c79,United States,9.26,False
3c6518,Germany,259.99,False
abc3e1,United States,65.82,False
aaec6c,United States,58.1,False
a067db,United States,45.25,False
a9abb0,United States,41.29,False
a7d546,United States,39.57,False
a22d08,United States,35.29,False
a10d1e,United States,245.01,False
a2d27e,United States,212.45,False
a187ba,United States,242.81,False
a9bee2,United States,238.88,False
a90206,United States,52.3,False
a9beb8,United States,72.75,False
a7858e,United States,241.34,False
ab60e3,United States,249.51,False
a96ee2,United States,245.09,False
ad16fe,United States,54.19,False
aa556d,United States,145.84,False
ac80c1,United States,48.94,False
a8f51b,United States,65.63,False
3991ea,France,235.38,False
a83bf6,United States,224.47,False
c02ae3,Canada,207.64,False
3c7861,Germany,213.32,False
060040,Mauritius,258.29,False
ac2c94,United States,43.19,False
06002f,Mauritius,256.46,False
aaec9c,United States,238.26,False
acd0c7,United States,251.5,False
aa6893,United States,85.12,False
ac2c9c,United States,0.0,True
a08a2c,United States,47.82,False
a437b5,United States,181.68,False
a0b7de,United States,242.73,False
a0b7dc,United States,242.05,False
a294c1,United States,40.25,False
a041c3,United States,39.87,False
a3f253,United States,46.72,False
a041c4,United States,72.06,False
a72ef7,United States,162.27,False
782206,China,102.75,False
a7851c,United States,232.86,False
a0b7fa,United States,239.0,False
a174e7,United States,11.32,True
a67891,United States,146.73,False
acd0c2,United States,195.32,False
a21a14,United States,20.74,False
a6c84a,United States,40.21,False
a9bea1,United States,86.26,False
a317ba,United States,240.49,False
ad03fa,United States,167.79,False
a91535,United States,249.77,False
a6a226,United States,43.97,False
a83bc3,United States,85.27,False
aa685c,United States,188.16,False
aa9bb8,United States,256.45,False
0d0d75,Mexico,226.98,False
a66576,United States,219.78,False
a79890,United States,222.23,False
a0b7d9,United States,243.39,False
a0b7bd,United States,232.3,False
a79898,United States,109.94,False
a0b7bb,United States,255.88,False
a0b7ba,United States,233.07,False
0d0d6d,Mexico,225.21,False
a6655a,United States,107.61,False
acd0ca,United States,238.34,False
86d928,Japan,233.26,False
a78557,United States,202.1,False
78221b,China,248.66,False
acd0cf,United States,215.16,False
a96eb4,United States,227.86,False
a677be,United States,201.91,False
a2d1a7,United States,44.59,False
a08a6b,United States,0.06,True
a677bf,United States,45.38,False
ad18b0,United States,91.58,False
aa8b0c,United States,32.7,False
4951d5,Portugal,223.57,False
4951d7,Portugal,171.29,False
a45a0b,United States,224.04,False
408000,United Kingdom,217.25,False
a08a85,United States,232.66,False
3d7009,Germany,28.29,True
ac709b,United States,221.35,False
ae0092,United States,141.08,False
aa55ac,United States,51.54,False
a46d47,United States,258.8,False
a9028c,United States,223.41,False
aaee1c,United States,95.89,False
40097d,United Kingdom,5.4,True
aa68e6,United States,87.55,False
7821bd,China,96.95,False
40097c,United Kingdom,107.31,False
aa55b5,United States,246.86,False
a8e29c,United States,223.72,False
0d0d20,Mexico,205.5,False
a677ca,United States,201.78,False
0d0d27,Mexico,230.83,False
acc084,United States,49.9,False
a437da,United States,87.88,False
a22d7b,United States,273.93,False
a08a96,United States,24.69,True
aaa5ae,United States,227.01,False
aadb12,United States,270.31,False
39944f,France,50.44,False
a6c7bf,United States,29.54,False
aaee3b,United States,224.12,False
ac2e41,United States,221.63,False
7821ce,China,7.46,True
400980,United Kingdom,0.0,True
0d0d36,Mexico,212.45,False
4844ef,Kingdom of the Netherlands,223.69,False
a531a5,United States,4.12,True
a71d34,United States,202.26,False
a83d0e,United States,64.79,False
a10d82,United States,243.14,False
a1c4d8,United States,0.0,True
a46d29,United States,246.92,False
a0b7fe,United States,254.48,False
a0b7fd,United States,230.62,False
a4bd3f,United States,58.52,False
a5dd1c,United States,218.15,False
a46d26,United States,239.4,False
48ca20,Poland,47.37,False
a2f7d7,United States,38.22,False
40095d,United Kingdom,217.18,False
a1fa15,United States,40.52,False
e80b9a,Chile,84.45,False
aadb25,United States,57.56,False
a304b2,United States,52.4,False
a46d19,United States,49.02,False
a677f6,United States,73.63,False
ac95c1,United States,50.46,False
ace5b6,United States,224.43,False
a46d95,United States,235.62,False
ab62ad,United States,233.23,False
7821ee,China,194.77,False
408040,United Kingdom,223.99,False
39814c,France,41.39,False
a7c263,United States,95.33,False
48ca00,Poland,52.29,False
c01a7d,Canada,246.57,False
ac1b44,United States,245.88,False
ab62d3,United States,101.87,False
408032,United Kingdom,242.44,False
a8f594,United States,52.24,False
408033,United Kingdom,246.87,False
408034,United Kingdom,1.54,True
3e1936,Germany,144.97,False
a8f58c,United States,50.26,False
408027,United Kingdom,239.5,False
a0ed9e,United States,77.81,False
a2d1c6,United States,0.0,True
abfb46,United States,234.02,False
392ae7,France,231.4,False
392ae9,France,0.0,True
a33a55,United States,239.34,False
ac82bc,United States,149.36,False
ace5ce,United States,72.24,False
392adc,France,59.88,False
aaa5ff,United States,226.33,False
392af0,France,0.0,True
4844c6,Kingdom of the Netherlands,241.54,False
392af8,France,204.44,False
a4bd24,United States,124.65,False
a90272,United States,64.31,False
ab62f8,United States,242.96,False
a4bd29,United States,115.69,False
a22d9f,United States,275.05,False
a46d4e,United States,257.72,False
a46d4f,United States,258.02,False
4b281e,Switzerland,48.05,False
392aeb,France,225.97,False
392aec,France,243.01,False
a46d4a,United States,249.12,False
ace5bd,United States,0.06,True
392aed,France,221.88,False
392aee,France,220.63,False
a161fd,United States,76.35,False
a34d6d,United States,76.58,False
440d85,Austria,71.36,False
440d6e,Austria,208.32,False
3c5099,Germany,182.78,False
a09cad,United States,0.0,True
a17622,United States,215.63,False
a5ca4b,United States,211.45,False
a784f9,United States,22.92,False
a09cc0,United States,28.52,False
a45a94,United States,43.39,False
393f0a,France,122.62,False
393f0d,France,0.0,True
a70a58,United States,71.58,False
a69a6c,United States,45.48,False
a95d6b,United States,265.65,False
c01a52,Canada,232.96,False
a95d6e,United States,216.38,False
a771d3,United States,0.06,True
ac835b,United States,40.13,False
ad9012,United States,80.05,False
ab6394,United States,0.0,True
151e17,Russian Federation,238.81,False
a4aa94,United States,64.83,False
c01a6a,Canada,144.79,False
a5ca89,United States,0.0,True
a05629,United States,201.02,False
a05627,United States,134.11,False
ac703b,United States,191.71,False
acc02b,United States,6.69,True
4857b3,Kingdom of the Netherlands,75.28,False
ae6cee,United States,22.27,False
ae267b,United States,69.18,False
a70a70,United States,79.77,False
a11fc7,United States,224.93,False
a0a601,United States,47.03,False
495297,Portugal,231.19,False
495298,Portugal,231.4,False
495290,Portugal,220.22,False
32b405,Italy,103.18,False
7c5b29,Australia,229.23,False
a03020,United States,94.84,False
0d0bac,Mexico,221.21,False
acd381,United States,104.13,False
a03028,United States,0.0,True
a28326,United States,50.43,False
86d9b0,Japan,260.71,False
a0434a,United States,56.72,False
a3f1ce,United States,243.75,False
a651a9,United States,219.98,False
a807e5,United States,33.25,False
aa9e6d,United States,214.11,False
3de65d,Germany,53.42,False
ac7082,United States,179.91,False
ab88b6,United States,3.86,True
400944,United Kingdom,1.03,True
49526b,Portugal,226.58,False
495278,Portugal,220.91,False
ab0e19,United States,124.68,False
a58d8c,United States,228.52,False
43ed52,United Kingdom,238.71,False
ab509c,United States,43.36,False
ad906f,United States,175.83,False
a771af,United States,228.93,False
a83d51,United States,71.01,False
151e07,Russian Federation,253.45,False
7821a9,China,2.06,True
aa9e4a,United States,104.6,False
a1897c,United States,209.47,False
aa55bf,United States,81.36,False
a6fd53,United States,73.5,False
a39017,United States,214.21,False
151d6a,Russian Federation,257.31,False
a1a026,United States,55.41,False
a67960,United States,234.72,False
a46cd9,United States,69.7,False
a28365,United States,152.78,False
7105b1,Saudi Arabia,261.38,False
7105b0,Saudi Arabia,259.85,False
ad1927,United States,232.57,False
a80943,United States,49.59,False
a6b60a,United States,221.92,False
a80939,United States,122.71,False
ab1fcb,United States,91.59,False
aa9ca8,United States,149.73,False
a55985,United States,229.71,False
aaa621,United States,252.18,False
a1b348,United States,51.96,False
ac960d,United States,11.83,True
aaa61e,United States,49.44,False
4007f9,United Kingdom,242.72,False
4007f5,United Kingdom,204.95,False
4007f3,United Kingdom,270.86,False
a29680,United States,181.4,False
a1d99b,United States,222.48,False
a80931,United States,55.03,False
7105a4,Saudi Arabia,228.41,False
ab1fdd,United States,62.22,False
4247cd,United Kingdom,230.16,False
a6c92b,United States,44.73,False
4007f2,United Kingdom,69.46,False
a2967a,United States,125.88,False
a72fc7,United States,195.37,False
a47fde,United States,239.91,False
a52004,United States,57.62,False
a3e011,United States,207.54,False
a15027,United States,0.0,True
a7e93b,United States,239.38,False
151d8e,Russian Federation,191.9,False
a1a001,United States,74.44,False
4baac5,Turkey,213.8,False
a2e646,United States,235.36,False
0d0ba1,Mexico,84.7,False
a7d615,United States,48.69,False
781054,China,155.88,False
a6663d,United States,168.69,False
4baacd,Turkey,202.3,False
7105ab,Saudi Arabia,262.98,False
440d10,Austria,242.2,False
151d7c,Russian Federation,270.02,False
4baacb,Turkey,219.98,False
a29662,United States,29.1,False
a80952,United States,240.22,False
4baad9,Turkey,244.1,False
4baad6,Turkey,216.98,False
151d91,Russian Federation,27.96,False
a30657,United States,228.44,False
a1c64e,United States,229.89,False
a03059,United States,260.61,False
aaffed,United States,242.99,False
a2f965,United States,48.18,False
ab1ffe,United States,229.74,False
48455a,Kingdom of the Netherlands,222.25,False
495210,Portugal,218.78,False
495211,Portugal,143.26,False
495212,Portugal,227.11,False
48455e,Kingdom of the Netherlands,4.63,True
7105bb,Saudi Arabia,221.56,False
ace608,United States,120.5,False
781060,China,254.05,False
495213,Portugal,12.35,True
4baace,Turkey,203.91,False
4baacf,Turkey,248.69,False
48455f,Kingdom of the Netherlands,252.96,False
ab6339,United States,79.23,False
484559,Kingdom of the Netherlands,72.76,False
a82a7a,United States,72.54,False
abd971,United States,181.49,False
a39052,United States,216.0,False
abd976,United States,33.44,False
484557,Kingdom of the Netherlands,217.07,False
a95d9d,United States,0.0,True
a6ea8b,United States,58.21,False
a2d378,United States,68.01,False
78105e,China,250.14,False
151d48,Russian Federation,258.87,False
abc62b,United States,61.69,False
aaa668,United States,144.3,False
ad5ff1,United States,239.89,False
a28392,United States,204.52,False
485873,Kingdom of the Netherlands,100.96,False
485870,Kingdom of the Netherlands,134.58,False
a891f6,United States,11.75,False
485876,Kingdom of the Netherlands,220.15,False
a2d370,United States,40.01,False
adafb5,United States,200.08,False
ab766a,United States,151.54,False
ace621,United States,213.19,False
a8e1f6,United States,210.32,False
3e05b9,Germany,58.1,False
151d4a,Russian Federation,252.61,False
aa8a8a,United States,236.48,False
a39033,United States,65.16,False
a1638a,United States,241.28,False
ab634a,United States,76.1,False
ac2cf1,United States,60.54,False
a4000f,United States,239.91,False
a2d359,United States,168.25,False
a42680,United States,211.44,False
ad1986,United States,179.91,False
781094,China,228.46,False
acd329,United States,39.7,False
a95d96,United States,1.29,True
3d1b19,Germany,55.71,False
a46ce1,United States,198.09,False
aa8a83,United States,249.03,False
46f202,Greece,,True
ad5fef,United States,148.56,False
aaa68a,United States,217.13,False
151d58,Russian Federation,224.09,False
abfa41,United States,132.99,False
484516,Kingdom of the Netherlands,67.08,False
a34e01,United States,224.86,False
4ca9c1,Ireland,174.93,False
4ca9c3,Ireland,217.24,False
a22e0a,United States,144.57,False
7608f9,Pakistan,236.29,False
a7869b,United States,209.27,False
a8e32b,United States,8.23,True
484506,Kingdom of the Netherlands,180.58,False
a188dd,United States,44.66,False
a3e07a,United States,230.57,False
440bcf,Austria,209.31,False
a10e46,United States,222.81,False
a2c087,United States,3.09,True
4ca9d2,Ireland,234.77,False
4ca9d3,Ireland,220.87,False
4ca9d4,Ireland,255.88,False
a1a08b,United States,45.41,False
a9accd,United States,233.97,False
0d0c7c,Mexico,80.38,False
4ca9bc,Ireland,243.58,False
ace4bd,United States,205.62,False
0d0c7d,Mexico,240.42,False
ac81d2,United States,89.51,False
ac81d1,United States,66.4,False
a7d665,United States,152.28,False
ad4d5a,United States,52.03,False
abfa65,United States,250.22,False
7c390b,Australia,91.81,False
a8f646,United States,210.22,False
4ca9a9,Ireland,241.86,False
0d0c97,Mexico,133.87,False
a6a382,United States,145.92,False
c08260,Canada,5.66,True
7585a2,Philippines,235.76,False
0d0c8f,Mexico,233.87,False
a9034c,United States,231.15,False
a9034b,United States,255.08,False
a76066,United States,239.34,False
abfa4d,United States,45.1,False
0a00d3,Algeria,60.74,False
aa568f,United States,221.0,False
a7b030,United States,85.65,False
a90356,United States,212.29,False
a39066,United States,113.28,False
a90351,United States,242.89,False
adf1a2,United States,288.6,False
abb1de,United States,0.0,True
0d0c9b,Mexico,214.37,False
0a00e4,Algeria,235.16,False
a1a086,United States,87.46,False
a0b8af,United States,0.0,True
a90349,United States,257.05,False
a4bcec,United States,143.45,False
a305c5,United States,104.35,False
a6a329,United States,90.32,False
a78660,United States,92.41,False
adf1d3,United States,3.86,True
a10e80,United States,74.51,False
a1b2a8,United States,235.93,False
a08b63,United States,48.38,False
ab890a,United States,235.03,False
a7d637,United States,192.16,False
4ca9eb,Ireland,246.52,False
acd1f6,United States,234.17,False
aa699d,United States,54.59,False
a96fe8,United States,71.33,False
a83cad,United States,65.98,False
4ca9ec,Ireland,242.99,False
4ca9ed,Ireland,251.03,False
ad3a5f,United States,242.61,False
ac1a95,United States,211.87,False
a7d630,United States,239.34,False
a318ea,United States,1.8,True
a9bfc9,United States,0.0,True
a042db,United States,137.55,False
a72fec,United States,78.25,False
ab1fa7,United States,254.79,False
e49050,Brazil,159.34,False
a438c3,United States,229.08,False
a34e40,United States,248.9,False
a042f1,United States,45.27,False
a305aa,United States,234.18,False
aab922,United States,68.42,False
ad4d9e,United States,45.13,False
a6a347,United States,265.14,False
a89336,United States,42.66,False
a91616,United States,5.66,True
ab1fb0,United States,228.25,False
ab1fb6,United States,76.53,False
a66695,United States,203.5,False
781008,China,257.46,False
a10e50,United States,59.65,False
440bc1,Austria,75.15,False
78232f,China,236.7,False
abfa8e,United States,258.63,False
4ca9cf,Ireland,241.02,False
aa5657,United States,138.06,False
a4008e,United States,0.0,True
4ca9cc,Ireland,221.1,False
a6a33b,United States,232.94,False
a295c5,United States,54.55,False
ad3a7f,United States,100.03,False
a7d63e,United States,269.52,False
aa4322,United States,12.86,True
a6fcd3,United States,39.6,False
a80988,United States,53.92,False
a21b19,United States,152.54,False
78100b,China,291.18,False
3dd2cd,Germany,62.38,False
a7c317,United States,76.88,False
ac3fa5,United States,114.93,False
a84fee,United States,49.62,False
a21b10,United States,39.16,False
ab41ad,United States,93.29,False
c00bd4,Canada,233.56,False
a5cf89,United States,41.21,False
aa6a4f,United States,230.35,False
abb7f9,United States,129.64,False
425938,United Kingdom,2.83,True
a2b0cd,United States,227.46,False
123456,Russian Federation,37.51,False
aaba41,United States,238.91,False
a380f5,United States,216.73,False
a69f88,United States,257.48,False
4601f4,Finland,113.53,False
4601f3,Finland,140.91,False
4601f8,Finland,128.13,False
4601f7,Finland,6.94,True
a393ff,United States,53.48,False
47ba1d,Norway,219.73,False
4854cb,Kingdom of the Netherlands,229.9,False
e4988c,Brazil,167.72,False
4854cf,Kingdom of the Netherlands,211.28,False
3e1859,Germany,189.07,False
a4f0af,United States,156.82,False
a6dc36,United States,267.85,False
a44c70,United States,229.29,False
a919cd,United States,112.15,False
c00bf1,Canada,165.65,False
a403df,United States,249.4,False
a6a6fe,United States,260.24,False
4867eb,Kingdom of the Netherlands,188.26,False
4867ec,Kingdom of the Netherlands,12.35,True
ac61bc,United States,229.96,False
4bab2e,Turkey,128.55,False
4bab2f,Turkey,6.17,True
a45f8e,United States,233.52,False
ad81b2,United States,122.98,False
4bab2c,Turkey,0.0,True
4841a9,Kingdom of the Netherlands,249.44,False
acb1b0,United States,53.08,False
aa21b1,United States,62.98,False
c00bf7,Canada,164.67,False
a70f9e,United States,32.38,False
4bab47,Turkey,198.26,False
a5cf8b,United States,229.75,False
4841a6,Kingdom of the Netherlands,221.4,False
4bab46,Turkey,4.63,False
abda54,United States,190.41,False
ad81a6,United States,272.16,False
a2d6ff,United States,170.82,False
aa34d0,United States,33.45,False
0b438c,Guatemala,55.28,False
a3d0fe,United States,70.12,False
a776b2,United States,240.19,False
abed92,United States,245.72,False
400684,United Kingdom,253.64,False
a536e4,United States,56.17,False
a07bb3,United States,259.85,False
a1b82a,United States,67.96,False
add1a5,United States,62.96,False
a6dc08,United States,210.5,False
aa34af,United States,41.2,False
a6a6b7,United States,229.62,False
a6dc00,United States,280.83,False
490d0a,Portugal,7.72,True
a69f49,United States,193.93,False
ad81cf,United States,52.32,False
a523ab,United States,246.75,False
a669f5,United States,0.0,True
43ea47,United Kingdom,93.08,False
aa7d36,United States,6.43,True
409000,United Kingdom,216.1,False
ad81c1,United States,114.73,False
a6a6a2,United States,66.7,False
acc4df,United States,43.61,False
39912e,France,156.79,False
a5cf3f,United States,255.47,False
490d07,Portugal,240.81,False
a5cf3c,United States,99.82,False
ad1a4e,United States,246.7,False
a16860,United States,98.88,False
a56c3f,United States,165.5,False
c07534,Canada,177.18,False
c08864,Canada,264.88,False
c08861,Canada,150.72,False
c08862,Canada,210.86,False
acb1e5,United States,233.82,False
400663,United Kingdom,227.54,False
490d01,Portugal,218.81,False
c0885e,Canada,232.06,False
a789fb,United States,101.41,False
4867c0,Kingdom of the Netherlands,224.63,False
4867c1,Kingdom of the Netherlands,229.15,False
c01ee6,Canada,198.27,False
a56c4f,United States,62.38,False
c06208,Canada,30.56,False
4867c3,Kingdom of the Netherlands,6.43,True
a643be,United States,42.69,False
3df80c,Germany,64.49,False
c07525,Canada,258.62,False
c08853,Canada,223.08,False
c01ebb,Canada,257.9,False
aaba9a,United States,210.34,False
43ea60,United Kingdom,111.72,False
c0884e,Canada,269.38,False
c0884f,Canada,253.67,False
a28812,United States,220.7,False
a789ea,United States,186.16,False
c00ba7,Canada,236.65,False
c08859,Canada,193.03,False
a7fc9c,United States,45.39,False
aa360c,United States,34.28,False
0accd9,Colombia,131.93,False
a41852,United States,45.81,False
aa4945,United States,187.77,False
0b4348,Guatemala,43.6,False
0acccb,Colombia,4.37,True
a0357c,United States,60.74,False
a0224c,United States,90.61,False
a1eba6,United States,54.41,False
a3e525,United States,111.64,False
70c148,Oman,242.83,False
0b4338,Guatemala,1.03,False
a07bfa,United States,0.0,False
ade56d,United States,255.91,False
acc59d,United States,188.63,False
a64511,United States,40.8,False
77170d,Sri Lanka,235.48,False
a16879,United States,43.61,False
a69eb3,United States,47.62,False
a7c808,United States,121.93,False
a4aebe,United States,224.3,False
a1fec6,United States,50.16,False
a33ead,United States,47.55,False
a21ed4,United States,207.71,False
a65847,United States,70.93,False
0b4321,Guatemala,82.37,False
acb29f,United States,238.39,False
a57ed3,United States,245.46,False
0accad,Colombia,130.17,False
a08efd,United States,0.0,True
a16886,United States,81.02,False
a64521,United States,58.22,False
a3e542,United States,141.41,False
3c0d0c,Germany,189.2,False
a3f878,United States,37.48,False
ac0d14,United States,45.81,False
a03574,United States,255.14,False
a1421b,United States,115.81,False
a57ee6,United States,156.91,False
a8c0d2,United States,115.3,False
702f10,Bangladesh,1.54,False
a16883,United States,253.66,False
a6450b,United States,51.88,False
a32bf3,United States,5.14,True
ac0d21,United States,243.44,False
c060bc,Canada,203.24,False
c060bf,Canada,219.54,False
c073ef,Canada,83.67,False
0b436f,Guatemala,94.82,False
70c10e,Oman,229.83,False
a2b234,United States,252.07,False
a3956d,United States,91.23,False
a3823d,United States,135.37,False
a2d88a,United States,49.14,False
0b437b,Guatemala,75.69,False
a32bf6,United States,47.35,False
a2c54e,United States,52.35,False
70c106,Oman,182.44,False
a2625c,United States,50.53,False
70c103,Oman,247.35,False
c073db,Canada,242.4,False
3cc569,Germany,209.47,False
c060c9,Canada,240.89,False
4baac4,Turkey,224.04,False
c060c8,Canada,227.01,False
4baac1,Turkey,217.71,False
c060c5,Canada,244.82,False
c060c4,Canada,231.24,False
c060c7,Canada,216.51,False
c060c6,Canada,222.64,False
a1a56d,United States,222.35,False
a1ebf7,United States,49.61,False
c060c0,Canada,192.35,False
c060c3,Canada,225.67,False
48b88c,Poland,29.69,False
a81c69,United States,64.64,False
a38223,United States,210.89,False
a7a0d0,United States,67.98,False
a44bb3,United States,44.39,False
aacd50,United States,234.63,False
0b435a,Guatemala,0.06,True
aa6a76,United States,251.54,False
a8e6e2,United States,136.2,False
a21efb,United States,239.52,False
a8d3af,United States,4.63,True
a1feea,United States,183.62,False
70c11e,Oman,234.49,False
a8e6f2,United States,214.65,False
ab9d5a,United States,47.29,False
a32bc4,United States,9.83,False
a64578,United States,234.61,False
a5124c,United States,254.3,False
a38281,United States,56.16,False
486897,Kingdom of the Netherlands,229.82,False
486898,Kingdom of the Netherlands,167.88,False
aa2250,United States,111.68,False
aa3579,United States,198.51,False
a6588d,United States,184.46,False
c00c54,Canada,103.5,False
ac0bc4,United States,150.56,False
ac0bc9,United States,85.25,False
a81bae,United States,239.17,False
a4f23b,United States,74.58,False
acd83d,United States,240.37,False
ac754d,United States,248.03,False
a19d00,United States,37.98,False
ac6227,United States,239.23,False
a6456d,United States,188.89,False
a76552,United States,142.51,False
c073b3,Canada,3.34,True
a4057a,United States,46.7,False
7c146f,Australia,276.66,False
a7b520,United States,194.85,False
aa221f,United States,273.55,False
abfefd,United States,233.78,False
a90880,United States,250.48,False
a81be8,United States,31.14,False
aacbde,United States,156.54,False
ac6243,United States,246.34,False
c060b8,Canada,136.42,False
a75256,United States,86.94,False
c060b7,Canada,139.12,False
ac7566,United States,243.15,False
a6a89e,United States,156.84,False
c060b9,Canada,137.43,False
a75253,United States,50.82,False
aba54a,United States,155.92,False
7c1468,Australia,216.73,False
c060b6,Canada,57.14,False
78115d,China,198.39,False
c073e6,Canada,115.59,False
c060b2,Canada,124.52,False
a81bcc,United States,259.19,False
abebbe,United States,226.7,False
c060b1,Canada,63.28,False
a4189f,United States,246.91,False
aa3552,United States,188.87,False
ac7581,United States,230.58,False
4ca97b,Ireland,238.27,False
ad953c,United States,231.24,False
4ca97c,Ireland,129.76,False
a9085d,United States,184.97,False
abebe0,United States,184.29,False
a8986c,United States,251.57,False
a7c878,United States,212.61,False
a2759b,United States,38.06,False
a6a88c,United States,175.08,False
a4188e,United States,52.83,False
ac756c,United States,221.92,False
a1b7ab,United States,238.07,False
acd88e,United States,247.26,False
ac6266,United States,195.07,False
ad823e,United States,245.28,False
478ecd,Norway,66.37,False
abebf6,United States,93.92,False
ade53c,United States,140.63,False
aa7ba7,United States,246.13,False
aba580,United States,75.69,False
a06a26,United States,48.39,False
a8981e,United States,156.34,False
a5121c,United States,67.16,False
ade548,United States,247.77,False
ad8238,United States,223.23,False
a8e822,United States,67.92,False
c01f28,Canada,228.93,False
acb21b,United States,74.09,False
ade543,United States,237.74,False
486840,Kingdom of the Netherlands,229.12,False
a5387d,United States,46.75,False
a287ab,United States,261.89,False
a3f88e,United States,258.37,False
acb235,United States,71.2,False
a76516,United States,252.29,False
c01f1e,Canada,237.93,False
a90802,United States,53.23,False
48683d,Kingdom of the Netherlands,0.0,True
ad9577,United States,68.12,False
a4f21c,United States,163.93,False
486836,Kingdom of the Netherlands,259.78,False
a287a4,United States,185.83,False
478eae,Norway,68.33,False
3905cb,France,248.99,False
a70eda,United States,5.4,True
a167b4,United States,90.78,False
a06a02,United States,162.64,False
a3e585,United States,217.05,False
a3e584,United States,213.95,False
a90834,United States,186.69,False
ad8258,United States,73.9,False
a047e4,United States,136.13,False
a06a09,United States,206.23,False
a047db,United States,187.43,False
a4f239,United States,259.2,False
a3828f,United States,54.57,False
a70ee6,United States,255.43,False
a3828a,United States,178.92,False
a06a12,United States,99.85,False
c06189,Canada,223.27,False
7609fa,Pakistan,241.87,False
a32d45,United States,46.12,False
70c0cc,Oman,232.47,False
88084c,Thailand,69.06,False
c06183,Canada,234.86,False
acb0df,United States,72.92,False
a394c1,United States,90.29,False
a0cd4e,United States,73.55,False
c0617a,Canada,197.24,False
486804,Kingdom of the Netherlands,82.33,False
a06a5a,United States,0.06,True
c06179,Canada,224.51,False
a1b7da,United States,146.7,False
c06174,Canada,242.18,False
c06175,Canada,7.72,True
782409,China,5.4,True
a394a7,United States,121.94,False
a657ad,United States,210.71,False
a021df,United States,31.89,False
a417c9,United States,247.42,False
a657b9,United States,234.45,False
a68d02,United States,264.02,False
a2d7c3,United States,93.72,False
a524b9,United States,54.23,False
70c0ee,Oman,232.65,False
a19d59,United States,0.0,True
a99262,United States,115.25,False
a3f7f6,United States,36.62,False
a19d49,United States,258.38,False
a3f7f3,United States,117.8,False
7609f0,Pakistan,231.58,False
c0619b,Canada,72.78,False
c0619d,Canada,228.09,False
a524c5,United States,69.08,False
3c0ca3,Germany,228.15,False
3c0ca7,Germany,7.72,True
a1ed21,United States,56.9,False
c06197,Canada,257.37,False
a524c0,United States,65.57,False
c06193,Canada,268.69,False
3cd90e,Germany,97.5,False
a3e4d3,United States,137.67,False
70c0f8,Oman,76.67,False
70c0f9,Oman,228.74,False
a5bd0b,United States,0.0,True
a55a0c,United States,132.07,False
4bab21,Turkey,250.24,False
4ca8e7,Ireland,253.65,False
4ca8e8,Ireland,219.65,False
4ca8e4,Ireland,119.37,False
4ca8e6,Ireland,211.9,False
a31a54,United States,252.43,False
a31a56,United States,283.25,False
48ee2c,Poland,28.57,False
a63282,United States,64.44,False
add0ff,United States,54.02,False
a381ad,United States,110.09,False
a44d62,United States,203.0,False
ab6866,United States,47.65,False
a6dbf4,United States,57.53,False
a6dbf3,United States,235.23,False
a6327d,United States,44.32,False
4ca8db,Ireland,13.38,True
a7fbd7,United States,68.95,False
a2c4e0,United States,113.52,False
4ca8da,Ireland,233.87,False
a141cf,United States,62.92,False
a1ed77,United States,37.13,False
ac1ecf,United States,62.44,False
a32d62,United States,59.22,False
a44d3f,United States,253.33,False
a8d542,United States,83.75,False
a31a34,United States,235.21,False
a1a4f8,United States,8.56,False
7609b9,Pakistan,230.82,False
a6328d,United States,200.77,False
ab686f,United States,250.58,False
ac0ba7,United States,242.9,False
a537b2,United States,8.75,True
4ca8d6,Ireland,242.41,False
c06156,Canada,233.65,False
4ca8d7,Ireland,230.55,False
a06a7e,United States,134.41,False
aa3591,United States,107.26,False
ac6204,United States,78.05,False
a7a257,United States,85.37,False
4ca8bd,Ireland,234.13,False
a19d8d,United States,39.86,False
4ca8bc,Ireland,45.16,False
ac0bb9,United States,264.7,False
ab4233,United States,53.07,False
a141df,United States,139.26,False
aa7e9b,United States,262.58,False
a631bb,United States,121.94,False
3c7438,Germany,161.26,False
3c7439,Germany,248.87,False
a68d6f,United States,142.1,False
a6ca1e,United States,86.36,False
abdb2f,United States,112.17,False
a2b1fd,United States,66.73,False
a7c7db,United States,110.09,False
a1da9a,United States,71.85,False
48a5e9,Poland,105.15,False
a03621,United States,47.24,False
ad1b1e,United States,60.91,False
a08fbb,United States,218.37,False
a28928,United States,234.41,False
a2fa6a,United States,78.19,False
a8d4ad,United States,237.7,False
3c0ac7,Germany,224.88,False
ac75fa,United States,241.59,False
48a5cb,Poland,41.42,False
ac62cc,United States,240.84,False
3c743a,Germany,240.23,False
a2fa71,United States,236.29,False
ac75ee,United States,209.22,False
a31a96,United States,259.54,False
4baa4a,Turkey,193.51,False
a93d4e,United States,121.58,False
4c31e3,Serbia,235.75,False
a5aa3a,United States,155.58,False
4c31e0,Serbia,204.86,False
a4f1e5,United States,105.09,False
40072b,United Kingdom,215.51,False
c06365,Canada,131.35,False
49c3b5,Czech Republic,33.64,False
acb2c2,United States,72.17,False
c06360,Canada,160.51,False
c06362,Canada,115.78,False
4baa0d,Turkey,208.92,False
aa7e7d,United States,0.0,True
aa7e7b,United States,4.63,True
a31a83,United States,70.42,False
a28904,United States,129.89,False
7810f6,China,229.12,False
a631e3,United States,64.0,False
a44d85,United States,222.0,False
a6dd89,United States,232.88,False
c06358,Canada,150.85,False
acc5e7,United States,27.43,False
c06359,Canada,109.79,False
42474d,United Kingdom,231.43,False
ade5ba,United States,37.1,False
c07682,Canada,104.96,False
a2fa4e,United States,57.48,False
e4974b,Brazil,177.18,False
38e83b,France,149.28,False
acb2ad,United States,117.1,False
a8e7d7,United States,54.73,False
aa7e74,United States,258.36,False
4baa87,Turkey,0.0,True
abdb88,United States,193.17,False
a55a24,United States,71.6,False
49c3d0,Czech Republic,46.66,False
a2d939,United States,185.0,False
4855d0,Kingdom of the Netherlands,200.52,False
a68d34,United States,135.42,False
4855d1,Kingdom of the Netherlands,218.75,False
a0232a,United States,225.97,False
a7c7a2,United States,143.6,False
49c3e9,Czech Republic,60.39,False
70c0fe,Oman,243.18,False
4baa92,Turkey,133.44,False
4baa90,Turkey,242.32,False
ad82e4,United States,242.61,False
a3e4f8,United States,65.55,False
4868f8,Kingdom of the Netherlands,70.6,False
4baa8c,Turkey,220.46,False
aa7e56,United States,248.95,False
4baa8a,Turkey,7.2,True
a777bf,United States,257.04,False
4868f7,Kingdom of the Netherlands,234.37,False
aa7e51,United States,216.22,False
a657f9,United States,85.16,False
4a1924,Romania,254.89,False
a2d926,United States,3.09,True
a7c7d2,United States,248.58,False
acfb7d,United States,80.53,False
4baa62,Turkey,209.59,False
aa35c3,United States,171.79,False
aa35c4,United States,0.0,True
a3d1d6,United States,46.4,False
a27614,United States,206.91,False
a28947,United States,205.11,False
aa7e2e,United States,230.0,False
a5aa0d,United States,62.93,False
400774,United Kingdom,180.39,False
4868e2,Kingdom of the Netherlands,237.43,False
e49785,Brazil,159.76,False
4baa69,Turkey,214.96,False
c07646,Canada,0.06,True
a6a7cf,United States,191.56,False
acfb6e,United States,45.89,False
a56d7b,United States,217.36,False
400772,United Kingdom,249.38,False
4baa70,Turkey,243.09,False
c00cab,Canada,40.04,False
4868bc,Kingdom of the Netherlands,211.09,False
4868ba,Kingdom of the Netherlands,255.0,False
4baa6f,Turkey,0.0,True
4baa6c,Turkey,224.01,False
ad82fa,United States,226.46,False
3c7424,Germany,186.24,False
49c3fb,Czech Republic,60.52,False
a3d302,United States,0.0,True
a3d303,United States,58.17,False
a6a90e,United States,47.65,False
0acbb3,Colombia,53.23,False
a1566e,United States,91.57,False
a1433f,United States,76.28,False
a2b310,United States,0.0,True
a5cfa5,United States,235.35,False
4ca912,Ireland,235.61,False
ab9e15,United States,45.87,False
a0369b,United States,174.71,False
add376,United States,241.6,False
a44ca0,United States,81.8,False
ab68d0,United States,176.21,False
a7ea86,United States,248.66,False
acb391,United States,44.25,False
a1435d,United States,244.53,False
a53975,United States,69.45,False
a2c635,United States,213.36,False
a80a97,United States,217.18,False
abb8a0,United States,94.75,False
c08942,Canada,29.14,False
a45fc9,United States,43.32,False
a21ff9,United States,70.03,False
a3d326,United States,245.58,False
a3e656,United States,112.41,False
a5cfba,United States,52.61,False
aa370d,United States,48.23,False
a76622,United States,232.08,False
c8273f,New Zealand,226.47,False
a1fff2,United States,178.95,False
495066,Portugal,258.52,False
a51326,United States,214.19,False
a2d93a,United States,234.45,False
a1eca4,United States,51.49,False
a4afec,United States,53.7,False
ac0e33,United States,56.86,False
a82fa0,United States,59.92,False
a1699a,United States,2.83,True
ab68f9,United States,254.28,False
a01037,United States,238.58,False
ab8b0b,United States,224.16,False
4ca900,Ireland,233.25,False
c07607,Canada,80.5,False
a37032,United States,196.39,False
7c5d71,Australia,195.17,False
a92a4b,United States,58.41,False
a871d4,United States,0.39,True
c061f8,Canada,51.94,False
a3f91e,United States,231.54,False
ac75b0,United States,238.66,False
a8d4f6,United States,257.66,False
a8d4ef,United States,226.88,False
a44cda,United States,235.48,False
a1a697,United States,201.1,False
a01091,United States,0.0,True
a1ecff,United States,72.75,False
a1a68b,United States,73.23,False
a7ea48,United States,6.94,True
4ca95e,Ireland,247.9,False
a1ecfd,United States,225.43,False
e4972a,Brazil,54.54,False
aba5af,United States,148.38,False
aace63,United States,266.25,False
4245cd,United Kingdom,0.06,True
a2b348,United States,73.87,False
495037,Portugal,78.58,False
4ca961,Ireland,232.02,False
495039,Portugal,231.73,False
ab9e5a,United States,204.3,False
3a46ae,France,97.96,False
a5392d,United States,93.24,False
ac62a9,United States,210.5,False
4ca92d,Ireland,239.75,False
45d069,Denmark,237.12,False
48436b,Kingdom of the Netherlands,71.11,False
a3e618,United States,91.14,False
86eb14,Japan,253.63,False
4ca92b,Ireland,234.03,False
a6ca7e,United States,80.18,False
a32cdb,United States,61.36,False
a6ca7f,United States,238.72,False
7810b8,China,236.81,False
a4064d,United States,217.91,False
3a46b7,France,132.48,False
4ca935,Ireland,228.32,False
3a46b5,France,110.67,False
45d068,Denmark,239.48,False
a0238e,United States,49.7,False
758814,Philippines,174.0,False
a38348,United States,186.28,False
a9f4c6,United States,146.85,False
a39662,United States,214.77,False
a2c64c,United States,191.58,False
45d06e,Denmark,233.7,False
a1ecdb,United States,58.08,False
403b9b,United Kingdom,27.63,False
ac75dc,United States,187.68,False
acc5a5,United States,98.1,False
43c8ce,United Kingdom,93.94,False
484369,Kingdom of the Netherlands,248.08,False
4ca947,Ireland,211.67,False
4a068d,Romania,112.38,False
4a068c,Romania,99.57,False
a0106c,United States,148.77,False
add303,United States,194.76,False
a68cfd,United States,270.88,False
e495d0,Brazil,248.58,False
e495d8,Brazil,181.88,False
a8731f,United States,34.53,False
ac765b,United States,246.67,False
a1b8a6,United States,143.17,False
4ca891,Ireland,167.76,False
4ca892,Ireland,255.48,False
ab3039,United States,158.45,False
77058e,Sri Lanka,11.84,False
a99334,United States,245.46,False
3d2c1c,Germany,0.0,True
ad830f,United States,71.06,False
a8996b,United States,3.6,True
ac0cf8,United States,231.11,False
770594,Sri Lanka,243.56,False
aa234a,United States,7.72,True
e495ce,Brazil,256.79,False
ac501e,United States,220.16,False
a93ca9,United States,68.34,False
0acc97,Colombia,10.29,False
add327,United States,43.46,False
a63388,United States,250.28,False
770590,Sri Lanka,229.12,False
770593,Sri Lanka,213.29,False
aa3681,United States,34.42,False
a3d39b,United States,52.46,False
a7fcdf,United States,83.47,False
4ca84e,Ireland,233.57,False
e495b3,Brazil,233.56,False
ac6364,United States,239.37,False
4ca857,Ireland,256.43,False
abecf3,United States,57.07,False
46f017,Greece,28.29,True
acd99a,United States,229.21,False
4ca853,Ireland,211.04,False
4ca854,Ireland,230.0,False
a44cfd,United States,80.4,False
4ca856,Ireland,212.34,False
4ca850,Ireland,195.42,False
4498b0,Belgium,105.74,False
4ca852,Ireland,89.73,False
a4068e,United States,147.26,False
a8d635,United States,5.14,True
aba696,United States,168.95,False
aba694,United States,186.41,False
a94fde,United States,219.38,False
ac5041,United States,0.0,True
4ca85b,Ireland,237.7,False
a3f8a8,United States,114.91,False
a7668a,United States,0.0,True
a89953,United States,205.55,False
a6dca9,United States,158.43,False
a275b7,United States,83.6,False
a275b8,United States,246.63,False
a07e5e,United States,27.78,False
a88626,United States,34.23,False
3d09c7,Germany,33.54,False
c074a6,Canada,96.54,False
a1b8e6,United States,180.29,False
44b028,Belgium,273.12,False
a418b2,United States,0.0,True
a20e38,United States,229.84,False
ac769b,United States,244.88,False
a3e680,United States,132.18,False
a6efcc,United States,44.25,False
a68caa,United States,109.32,False
a022c4,United States,228.76,False
a5000b,United States,100.84,False
ad7028,United States,238.33,False
a19e61,United States,8.75,True
48a613,Poland,55.05,False
3c0c0c,Germany,5.14,True
ad967b,United States,78.92,False
ac5066,United States,268.52,False
a18b38,United States,36.68,False
a3d34b,United States,230.39,False
aa2311,United States,0.06,True
a5bcc4,United States,81.1,False
a51358,United States,104.06,False
a2a08e,United States,43.42,False
a18b1d,United States,0.06,True
e482c0,Brazil,161.14,False
a7c95e,United States,127.06,False
486954,Kingdom of the Netherlands,212.5,False
e482c6,Brazil,232.73,False
4ca88c,Ireland,0.0,False
a1b8c1,United States,85.13,False
a4f347,United States,83.8,False
ab68a5,United States,226.88,False
a50033,United States,97.68,False
a155a3,United States,228.32,False
aca057,United States,78.41,False
e495db,Brazil,214.54,False
4ca893,Ireland,239.63,False
4ca894,Ireland,255.09,False
aca02f,United States,91.78,False
adc023,United States,51.14,False
a4f360,United States,161.44,False
ade66f,United States,230.3,False
4005bd,United Kingdom,296.26,False
4005bb,United Kingdom,244.23,False
3d3f2f,Germany,44.3,False
7587fb,Philippines,248.68,False
a2c5d4,United States,97.77,False
acb1fa,United States,88.52,False
0d09f7,Mexico,224.36,False
aadfa3,United States,42.21,False
aa7e16,United States,222.56,False
a2fb16,United States,92.73,False
a7a38a,United States,68.99,False
a3e5d3,United States,242.17,False
4bbd09,Turkey,248.94,False
4bbd06,Turkey,244.31,False
4bbd05,Turkey,90.87,False
a68e22,United States,56.07,False
4bbd04,Turkey,142.61,False
4bbd03,Turkey,162.57,False
4bbd02,Turkey,133.3,False
4bbd01,Turkey,223.19,False
a18b41,United States,154.54,False
a1db22,United States,229.46,False
a395b7,United States,124.96,False
abb930,United States,170.43,False
a1a5d6,United States,255.75,False
a645b4,United States,9.26,True
a3e5de,United States,216.34,False
a2c5a3,United States,239.55,False
781213,China,237.82,False
a3d2c0,United States,227.41,False
a44e18,United States,245.89,False
a3e5f4,United States,63.56,False
a9d031,United States,87.26,False
aadfd4,United States,78.16,False
a898a9,United States,240.77,False
ac1fcc,United States,133.82,False
ac761e,United States,245.98,False
a9801e,United States,52.85,False
872fc2,Japan,11.32,True
4a4d79,Romania,225.21,False
a2b2e1,United States,213.25,False
a382ca,United States,236.85,False
ac1fdb,United States,255.69,False
ac0cab,United States,221.68,False
aa1076,United States,25.4,False
c1e577,Canada,5.92,False
7587d5,Philippines,206.29,False
3c0c99,Germany,226.41,False
abb94f,United States,219.96,False
a18b9f,United States,213.8,False
ac0cb1,United States,73.57,False
a32e8c,United States,226.88,False
a2b2d1,United States,54.79,False
0d09bd,Mexico,251.07,False
0d09be,Mexico,240.41,False
ac763e,United States,231.54,False
ac763b,United States,77.51,False
a262e3,United States,214.54,False
488a63,Poland,237.07,False
a74085,United States,46.31,False
abb972,United States,205.96,False
3d2c8a,Germany,65.8,False
abecb9,United States,265.07,False
0d09d5,Mexico,230.04,False
a44e5f,United States,3.09,True
a32e86,United States,238.56,False
acd964,United States,198.85,False
aa1056,United States,236.18,False
ad3fd9,United States,223.2,False
a3e5a5,United States,251.33,False
a2c5db,United States,0.0,True
ad3fd6,United States,248.57,False
a3e5a3,United States,63.02,False
a86064,United States,254.03,False
a56e0d,United States,116.5,False
a8c32a,United States,131.01,False
3c0c9e,Germany,251.93,False
0d09ce,Mexico,233.3,False
0acc42,Colombia,65.92,False
4ca7b5,Ireland,238.7,False
4ca7b7,Ireland,241.84,False
c06279,Canada,108.99,False
ade609,United States,0.0,True
4bbd0e,Turkey,248.65,False
4ca7b3,Ireland,212.13,False
a31b48,United States,99.48,False
4bbd0b,Turkey,254.46,False
a9f655,United States,76.04,False
ac8985,United States,248.56,False
ac7658,United States,227.1,False
a2fb32,United States,122.18,False
ab9cf8,United States,74.11,False
a1ea70,United States,225.11,False
a82d29,United States,50.6,False
49d5a6,Czech Republic,216.07,False
c01cae,Canada,118.13,False
a69d3c,United States,146.64,False
a414ea,United States,56.92,False
a94d16,United States,223.66,False
c0730e,Canada,189.11,False
a2c1bd,United States,217.13,False
a19a7c,United States,61.07,False
c02ff6,Canada,177.64,False
a44a48,United States,211.21,False
a3f4ea,United States,198.03,False
abb5bf,United States,5.66,True
a521c8,United States,181.23,False
a774a5,United States,86.74,False
abfe52,United States,42.82,False
a5cd55,United States,257.31,False
a2d4ec,United States,46.54,False
a414e8,United States,230.01,False
a20a7d,United States,55.57,False
abb5c9,United States,243.19,False
3e2942,Germany,57.68,False
aa8e67,United States,257.48,False
49d5aa,Czech Republic,47.21,False
aade5d,United States,29.0,False
c02fe4,Canada,208.22,False
a6ed20,United States,41.67,False
aa7b33,United States,208.35,False
abb5c3,United States,182.22,False
a0a903,United States,237.02,False
a82d14,United States,201.77,False
3cc319,Germany,194.8,False
a07a7b,United States,63.02,False
abeb31,United States,69.3,False
aade78,United States,81.59,False
5084d1,Ukraine,160.62,False
a6ed3b,United States,236.02,False
a904a6,United States,119.84,False
a894b5,United States,246.53,False
a641b6,United States,262.65,False
ac85ce,United States,140.14,False
a271e4,United States,33.88,False
48fe72,Poland,59.94,False
a641bf,United States,224.81,False
49d5d7,Czech Republic,220.47,False
4ca6d9,Ireland,132.07,False
c07321,Canada,125.97,False
aacb4a,United States,212.08,False
a2d4d6,United States,61.66,False
aa8e3e,United States,68.36,False
c02fed,Canada,3.09,True
478e69,Norway,73.68,False
e4962d,Brazil,235.02,False
a32a35,United States,51.61,False
ac72af,United States,262.58,False
a6b7f8,United States,30.35,False
acd5ad,United States,230.39,False
a774bf,United States,105.73,False
aacb60,United States,0.64,True
a05914,United States,91.6,False
a521dc,United States,27.27,False
aa7b10,United States,223.74,False
abb5e7,United States,125.25,False
acc2b7,United States,37.75,False
888143,Viet Nam,0.77,True
49d5e9,Czech Republic,73.46,False
e4967f,Brazil,125.87,False
a29931,United States,53.99,False
ac72d2,United States,15.43,True
a8d27e,United States,216.76,False
ac0b61,United States,3.09,True
ac1e92,United States,3.6,True
ac0b74,United States,175.17,False
44d2b6,Belgium,209.56,False
48fe8b,Poland,48.62,False
adf5b6,United States,145.51,False
ad92b6,United States,91.92,False
a1660b,United States,84.57,False
a57d42,United States,238.8,False
a44a6d,United States,238.6,False
e49697,Brazil,254.35,False
abeb57,United States,0.0,True
ac72e4,United States,237.74,False
a69d32,United States,168.41,False
a69d30,United States,168.32,False
3d0941,Germany,41.39,False
a56a18,United States,196.42,False
a3f4d7,United States,245.18,False
ade2b8,United States,248.92,False
a70d29,United States,54.62,False
a05946,United States,65.21,False
c02fd8,Canada,227.07,False
02a194,Tunisia,0.26,True
c01ca9,Canada,178.96,False
ac0b96,United States,239.59,False
e4966d,Brazil,222.7,False
478e27,Norway,250.77,False
a0a91e,United States,233.63,False
ad2b76,United States,121.57,False
ac0b7f,United States,189.52,False
43c5eb,United Kingdom,98.11,False
a29908,United States,118.33,False
a6ed00,United States,81.47,False
4ca6fc,Ireland,239.34,False
ad92cf,United States,232.86,False
a2e93c,United States,253.72,False
a66912,United States,0.0,True
a34fbb,United States,83.98,False
a27312,United States,77.13,False
a33ca9,United States,225.68,False
4002ce,United Kingdom,202.01,False
ac737c,United States,179.84,False
70606d,Kuwait,242.99,False
a30961,United States,74.56,False
a0466d,United States,73.92,False
add016,United States,52.08,False
a82d8d,United States,51.49,False
c071db,Canada,43.47,False
388261,France,1.54,False
3e167a,Germany,12.73,False
478e00,Norway,149.64,False
4ca806,Ireland,80.2,False
4ca808,Ireland,14.4,True
a1b61c,United States,47.51,False
4ca802,Ireland,5.14,True
a3092b,United States,139.18,False
a3f621,United States,235.49,False
acc37f,United States,68.24,False
ac6085,United States,69.9,False
adf69a,United States,60.47,False
a66932,United States,145.47,False
ab78b1,United States,55.69,False
a4bfb2,United States,60.23,False
a2e928,United States,144.35,False
a0464f,United States,52.65,False
a2992f,United States,214.17,False
a1b609,United States,43.8,False
a7fa76,United States,209.26,False
a03332,United States,0.0,True
ae0380,United States,199.6,False
a7fa70,United States,252.71,False
a0dca6,United States,76.23,False
4ca82f,Ireland,221.43,False
3ce997,Germany,195.57,False
a1668f,United States,49.49,False
4ca837,Ireland,226.07,False
ac608e,United States,225.7,False
a6da48,United States,78.1,False
a39338,United States,3.34,True
a6ed61,United States,240.94,False
76d1c7,Singapore,147.8,False
a40318,United States,219.79,False
a7fa15,United States,54.93,False
706056,Kuwait,258.14,False
a7d7f3,United States,233.27,False
a40312,United States,69.67,False
a56a94,United States,37.13,False
a26025,United States,261.58,False
4ca847,Ireland,236.22,False
aa7b78,United States,0.0,True
a6a4e3,United States,87.79,False
a2733d,United States,109.95,False
501d21,Croatia,235.1,False
501d20,Croatia,251.22,False
a0a98f,United States,5.66,True
4ca80b,Ireland,224.06,False
ad3e16,United States,233.87,False
4ca80c,Ireland,238.46,False
4ca80e,Ireland,241.25,False
70605a,Kuwait,99.63,False
a04692,United States,247.41,False
a29991,United States,235.42,False
485342,Kingdom of the Netherlands,233.09,False
706065,Kuwait,241.7,False
c00a68,Canada,3.09,True
706069,Kuwait,237.65,False
a41632,United States,236.9,False
a04695,United States,210.31,False
a7b1af,United States,102.36,False
a03369,United States,36.07,False
706060,Kuwait,233.07,False
3e1689,Germany,55.23,False
4ca816,Ireland,245.57,False
c00a75,Canada,43.14,False
4ca811,Ireland,231.77,False
abfe12,United States,74.34,False
4ca812,Ireland,242.19,False
a7b1aa,United States,250.23,False
abc8ce,United States,244.43,False
c01d7e,Canada,236.56,False
70606b,Kuwait,272.86,False
706076,Kuwait,255.43,False
ac1e49,United States,53.47,False
a894f2,United States,244.02,False
44c063,Belgium,70.03,False
a904d9,United States,126.87,False
ad08bd,United States,197.45,False
a27326,United States,214.75,False
501d0a,Croatia,241.54,False
706072,Kuwait,274.33,False
44c069,Belgium,93.63,False
a81a41,United States,72.06,False
706073,Kuwait,262.48,False
a1fcc5,United States,260.8,False
501d18,Croatia,186.31,False
a81a47,United States,71.73,False
ac1e2d,United States,1.29,True
70605d,Kuwait,253.76,False
70605e,Kuwait,268.65,False
abb5a1,United States,244.95,False
70605f,Kuwait,270.88,False
abb5a2,United States,235.93,False
aaa96f,United States,220.81,False
4ca760,Ireland,227.98,False
4a0481,Romania,140.83,False
a69ccb,United States,134.66,False
4a0483,Romania,213.96,False
a6ffe8,United States,174.1,False
e494b3,Brazil,71.43,False
a66995,United States,86.06,False
7335b1,Islamic Republic of Iran,239.87,False
4bcde7,Turkey,1.03,True
4bcdf6,Turkey,208.22,False
4bcdf0,Turkey,107.36,False
c01d2d,Canada,222.67,False
48664a,Kingdom of the Netherlands,241.21,False
394c09,France,236.23,False
a4034e,United States,242.99,False
a3f694,United States,54.03,False
acd626,United States,92.59,False
4bcdee,Turkey,251.88,False
ac730d,United States,56.08,False
4ca770,Ireland,166.62,False
a65675,United States,82.37,False
4bcdeb,Turkey,97.02,False
486649,Kingdom of the Netherlands,253.22,False
ac2fea,United States,237.49,False
a64342,United States,268.04,False
a3d039,United States,233.25,False
a4acef,United States,108.51,False
4ca75f,Ireland,231.43,False
a7c618,United States,121.04,False
4bcdf9,Turkey,211.39,False
a40356,United States,213.91,False
a77645,United States,243.78,False
ac8646,United States,50.93,False
a7c613,United States,47.12,False
4ca769,Ireland,242.2,False
a2d686,United States,8.23,True
4ca765,Ireland,185.85,False
48663e,Kingdom of the Netherlands,237.65,False
4ca761,Ireland,232.92,False
4ca762,Ireland,144.71,False
4ca763,Ireland,200.99,False
c01d1f,Canada,229.63,False
4bcdef,Turkey,207.34,False
4ca764,Ireland,226.38,False
a51038,United States,99.21,False
a5102a,United States,109.81,False
aaefff,United States,26.56,False
4bcdd4,Turkey,248.61,False
aba30b,United States,247.36,False
a3d03f,United States,205.91,False
4ca737,Ireland,3.34,True
48eac9,Poland,78.1,False
4ca738,Ireland,229.22,False
4ca739,Ireland,231.89,False
a2869c,United States,249.04,False
a6fffe,United States,181.09,False
a69cde,United States,134.31,False
4ca730,Ireland,220.02,False
4ca73f,Ireland,239.42,False
4a0495,Romania,51.47,False
a69cfd,United States,113.13,False
4ca73b,Ireland,233.58,False
4ca73d,Ireland,234.91,False
ac8670,United States,48.94,False
4ca73e,Ireland,208.73,False
a02088,United States,258.67,False
aa8cb2,United States,66.27,False
ab401b,United States,79.86,False
a1538f,United States,63.95,False
4bcdd6,Turkey,132.32,False
4bcdd5,Turkey,74.08,False
e494a6,Brazil,203.89,False
a2c338,United States,194.97,False
acc302,United States,244.12,False
ad4fdf,United States,221.09,False
c00a0d,Canada,202.48,False
7cacd7,Australia,19.03,True
a2868c,United States,43.74,False
c00a0b,Canada,9.26,True
a2868e,United States,132.89,False
a38019,United States,0.0,True
ab5365,United States,266.82,False
4bcdce,Turkey,136.58,False
4ca741,Ireland,229.12,False
ad4ff0,United States,97.96,False
aba348,United States,63.5,False
86eb72,Japan,247.74,False
abfcda,United States,138.9,False
a7fa9c,United States,138.69,False
acc330,United States,216.76,False
a38082,United States,202.38,False
a2608a,United States,32.99,False
a2b081,United States,251.46,False
ac6025,United States,221.46,False
a26093,United States,124.5,False
a6a607,United States,66.34,False
a54973,United States,126.14,False
a53644,United States,241.84,False
ac733b,United States,2.06,True
a5363e,United States,0.0,True
ace96a,United States,79.31,False
48c910,Poland,34.93,False
a4acae,United States,262.05,False
a08e3c,United States,230.91,False
ad3cde,United States,48.38,False
e481d8,Brazil,203.0,False
a64305,United States,237.19,False
a58fdf,United States,0.0,True
a3f64d,United States,35.59,False
394c0a,France,174.84,False
a4bfef,United States,221.5,False
4ca76f,Ireland,236.66,False
a58fee,United States,72.51,False
a2b060,United States,254.76,False
adf64f,United States,257.43,False
a69cb1,United States,34.47,False
a7c603,United States,62.13,False
49c478,Czech Republic,23.21,False
e494bb,Brazil,196.49,False
a5dfd0,United States,156.27,False
a3d014,United States,63.23,False
449682,Belgium,224.69,False
a08e28,United States,46.55,False
a178ae,United States,204.26,False
a7d928,United States,40.51,False
ab538a,United States,238.85,False
a5dfda,United States,35.38,False
a178c1,United States,36.54,False
adf63f,United States,190.34,False
405e24,United Kingdom,195.78,False
a08e1e,United States,210.77,False
acd675,United States,189.6,False
3d08d4,Germany,35.96,False
405e23,United Kingdom,229.96,False
abea73,United States,101.9,False
a07b3e,United States,0.0,True
49c47b,Czech Republic,28.57,False
a8d365,United States,170.76,False
aa58a6,United States,95.18,False
3f22cc,Germany,31.4,False
ac71ef,United States,204.01,False
a9e013,United States,35.51,False
adf4e9,United States,219.38,False
a165d7,United States,148.02,False
a08e82,United States,143.66,False
c0726f,Canada,31.53,False
a7506a,United States,230.72,False
a88380,United States,245.48,False
7705c6,Sri Lanka,241.36,False
a4ae10,United States,161.4,False
a75062,United States,83.23,False
a6308e,United States,40.46,False
adf4e0,United States,56.98,False
781318,China,232.28,False
7705c2,Sri Lanka,235.82,False
adf4d6,United States,233.34,False
a9067b,United States,203.36,False
a3f5a4,United States,7.46,True
a19b2f,United States,130.93,False
a298f5,United States,90.85,False
a1c8bd,United States,232.27,False
acc1eb,United States,216.37,False
781329,China,216.8,False
ae5d8f,United States,61.99,False
aaa929,United States,226.47,False
acc1ee,United States,241.8,False
48b4f3,Poland,50.72,False
a33e08,United States,178.46,False
a19b24,United States,49.24,False
a56b03,United States,41.3,False
a99033,United States,46.41,False
4a29f9,Romania,254.21,False
491d88,Portugal,254.06,False
4984f0,Czech Republic,149.98,False
4ca6a9,Ireland,238.65,False
781348,China,124.26,False
781346,China,257.1,False
4ca6a6,Ireland,215.8,False
c08564,Canada,65.87,False
a0cb68,United States,226.81,False
a0de99,United States,0.0,True
a32b48,United States,153.7,False
4864ed,Kingdom of the Netherlands,80.07,False
a7d98c,United States,69.18,False
a7a004,United States,102.33,False
ac9923,United States,257.15,False
a7c668,United States,31.38,True
a20b55,United States,57.95,False
a82ce2,United States,80.56,False
780022,China,223.07,False
4851ad,Kingdom of the Netherlands,263.2,False
a07b8f,United States,215.94,False
a32b31,United States,56.61,False
ae01ee,United States,71.54,False
abb601,United States,237.57,False
4851af,Kingdom of the Netherlands,170.64,False
a272bf,United States,263.51,False
a77687,United States,229.66,False
abc91f,United States,142.17,False
4864ea,Kingdom of the Netherlands,228.59,False
4864eb,Kingdom of the Netherlands,6.43,True
ade1db,United States,55.15,False
a33e5e,United States,110.05,False
a2d5d0,United States,254.34,False
02a260,Tunisia,229.98,False
aaa954,United States,132.0,False
a87039,United States,55.65,False
46aa42,Greece,234.64,False
abc948,United States,239.74,False
a32b28,United States,68.03,False
a5106e,United States,230.14,False
ac860e,United States,219.75,False
a1b5e7,United States,243.01,False
aa3359,United States,45.59,False
a0cb44,United States,210.75,False
c0857c,Canada,24.98,False
4851b3,Kingdom of the Netherlands,217.61,False
a33e4a,United States,158.77,False
a7c683,United States,236.1,False
aa8cf1,United States,47.37,False
a94cbe,United States,70.06,False
a9afcb,United States,39.64,False
a285ca,United States,94.19,False
3d2b5c,Germany,69.18,False
a33e50,United States,0.0,True
a428d4,United States,75.8,False
a1b5d1,United States,41.83,False
78136f,China,228.31,False
78136d,China,239.24,False
a32b0a,United States,10.8,False
e49528,Brazil,163.96,False
4ca5c8,Ireland,5.66,True
4853d1,Kingdom of the Netherlands,0.0,True
abff62,United States,48.26,False
a82e3d,United States,173.93,False
4866ed,Kingdom of the Netherlands,231.73,False
a32b86,United States,89.64,False
501c0c,Croatia,234.91,False
ab40a4,United States,64.65,False
a895b0,United States,138.95,False
a5bb1f,United States,218.56,False
abec26,United States,238.32,False
e49522,Brazil,186.1,False
aa7c64,United States,227.94,False
a3e2db,United States,91.8,False
e49525,Brazil,179.13,False
48ea00,Poland,8.23,True
48ea01,Poland,245.8,False
7cf0bd,Australia,6.69,True
a56b5c,United States,90.75,False
48ea06,Poland,35.83,False
a788f0,United States,225.46,False
a2c2db,United States,66.73,False
706131,Kuwait,231.94,False
a57e98,United States,46.52,False
ab53e4,United States,142.19,False
abb6df,United States,53.92,False
c01dcb,Canada,0.0,True
a44b56,United States,207.42,False
a5bb2e,United States,46.11,False
3c1bb0,Germany,62.59,False
ab53db,United States,72.17,False
4bce42,Turkey,247.89,False
501c43,Croatia,241.38,False
ac0c64,United States,185.46,False
4866e0,Kingdom of the Netherlands,228.15,False
aa8f79,United States,124.17,False
ab53f1,United States,225.3,False
a272ee,United States,73.64,False
501c2f,Croatia,67.08,False
c0611f,Canada,241.28,False
501c3b,Croatia,219.33,False
a70e7a,United States,192.85,False
424508,United Kingdom,195.49,False
48c9e5,Poland,45.38,False
4bce49,Turkey,7.46,True
a9909b,United States,0.0,True
4bce47,Turkey,219.18,False
4bce46,Turkey,185.21,False
4866e8,Kingdom of the Netherlands,45.89,False
4bce45,Turkey,246.44,False
70612d,Kuwait,235.79,False
48ea20,Poland,47.92,False
501c49,Croatia,214.21,False
48ea23,Poland,42.3,False
e4950a,Brazil,265.64,False
e4950d,Brazil,240.22,False
a8f8c2,United States,21.32,False
a642e3,United States,195.64,False
a1eb69,United States,74.7,False
ab40ce,United States,197.46,False
ab40cd,United States,53.83,False
501c39,Croatia,221.65,False
382cea,France,70.79,False
a4ae48,United States,9.77,True
ab40e7,United States,44.32,False
a99087,United States,267.01,False
a535be,United States,215.77,False
ab40e8,United States,191.9,False
a03423,United States,94.33,False
501c5a,Croatia,136.05,False
48c9c3,Poland,64.19,False
a3e2a8,United States,31.59,False
e49563,Brazil,205.4,False
a6b8af,United States,225.08,False
501c55,Croatia,215.33,False
e4956f,Brazil,135.27,False
ab40f7,United States,182.67,False
48ea3b,Poland,220.39,False
adf6d8,United States,36.79,False
501c4b,Croatia,201.38,False
501c4a,Croatia,217.53,False
a4ae3c,United States,87.98,False
a4ae3d,United States,9.26,True
48ea57,Poland,85.41,False
405ee1,United Kingdom,185.75,False
a5bb17,United States,245.39,False
a4ae63,United States,61.79,False
acc3f7,United States,176.4,False
4bce81,Turkey,115.33,False
ade3e3,United States,70.22,False
a5ce40,United States,237.72,False
a522b3,United States,79.69,False
48ea4e,Poland,214.98,False
a04734,United States,57.56,False
c08749,Canada,141.55,False
a788d3,United States,229.4,False
acb0b6,United States,224.82,False
a16723,United States,85.28,False
e4954a,Brazil,109.01,False
a402ea,United States,44.86,False
478f47,Norway,248.82,False
478f43,Norway,106.76,False
a642a3,United States,284.68,False
a04748,United States,139.46,False
a7a08a,United States,174.43,False
acb0c2,United States,56.9,False
78140e,China,4.12,False
c00b9e,Canada,8.23,True
48418a,Kingdom of the Netherlands,13.89,True
48418d,Kingdom of the Netherlands,6.69,True
a1fdc6,United States,31.98,False
a19aaa,United States,234.27,False
a19ab1,United States,241.44,False
a41722,United States,79.74,False
a0345f,United States,118.13,False
a26105,United States,42.9,False
a4170c,United States,45.69,False
a882f8,United States,143.2,False
a15454,United States,57.53,False
a1a401,United States,37.96,False
39e007,France,65.48,False
a08de3,United States,45.51,False
48ea8d,Poland,151.62,False
3a3280,France,245.48,False
a53748,United States,123.87,False
a1fdb2,United States,68.13,False
ab79d3,United States,216.87,False
a53742,United States,230.38,False
a7fb8c,United States,49.59,False
48548c,Kingdom of the Netherlands,223.08,False
48548d,Kingdom of the Netherlands,196.37,False
a21dc4,United States,109.43,False
ad816f,United States,92.09,False
50848a,Ukraine,258.75,False
a9f2c6,United States,0.0,True
48415e,Kingdom of the Netherlands,96.34,False
399043,France,283.24,False
48415f,Kingdom of the Netherlands,10.29,True
ac1f0e,United States,247.39,False
add150,United States,86.98,False
ab79de,United States,230.3,False
a2b10c,United States,237.35,False
7812bd,China,281.17,False
7812be,China,250.39,False
a642ed,United States,210.42,False
a68b85,United States,44.03,False
a2b10d,United States,228.69,False
4a0441,Romania,229.47,False
4bcda6,Turkey,209.14,False
c072ca,Canada,35.11,False
a40442,United States,28.37,False
4bcda4,Turkey,256.86,False
4bcda2,Turkey,216.78,False
a895f8,United States,210.94,False
4bcdb2,Turkey,225.9,False
4ca719,Ireland,0.0,True
4bcdb0,Turkey,210.62,False
ae5f08,United States,117.35,False
484162,Kingdom of the Netherlands,146.85,False
48414d,Kingdom of the Netherlands,214.04,False
48414c,Kingdom of the Netherlands,227.91,False
4a0443,Romania,247.9,False
a2d76a,United States,194.98,False
a32ad5,United States,191.64,False
a5bb88,United States,54.08,False
4bcdb6,Turkey,150.59,False
a44aa8,United States,212.12,False
a40431,United States,57.75,False
4bcdb5,Turkey,257.28,False
acb193,United States,39.41,False
4bcdb3,Turkey,258.36,False
a26145,United States,42.71,False
a895e2,United States,31.73,False
a7fb1c,United States,137.74,False
a32ac6,United States,220.69,False
7812db,China,134.52,False
ac0c24,United States,241.12,False
484133,Kingdom of the Netherlands,106.24,False
484132,Kingdom of the Netherlands,197.36,False
a93b25,United States,51.32,False
a28785,United States,38.72,False
ac86af,United States,235.46,False
7caf4c,Australia,64.94,False
4a5df7,Romania,217.99,False
ac1f61,United States,9.77,True
ad3f47,United States,35.29,False
c00b78,Canada,186.91,False
a6ee8e,United States,252.96,False
a1a439,United States,73.58,False
49d617,Czech Republic,222.68,False
4ca707,Ireland,206.07,False
4ca708,Ireland,206.7,False
a0ddfb,United States,230.88,False
ace9ba,United States,231.88,False
e480fc,Brazil,90.38,False
4ca704,Ireland,232.85,False
c00b86,Canada,111.65,False
ae5f10,United States,118.89,False
4ca701,Ireland,230.08,False
4ca702,Ireland,101.5,False
a33dd7,United States,1.29,True
4bccba,Turkey,18.52,True
aa344e,United States,50.37,False
a7b40e,United States,114.84,False
a39490,United States,68.03,False
a89758,United States,22.6,False
a2b157,United States,84.88,False
49d629,Czech Republic,215.56,False
a08f0d,United States,4.12,True
78149e,China,228.85,False
3e27ac,Germany,70.0,False
a5bab5,United States,68.24,False
aa211a,United States,76.65,False
aa477b,United States,203.74,False
aa7abd,United States,245.58,False
a6a75a,United States,87.11,False
c87efe,New Zealand,0.0,True
c87efd,New Zealand,0.0,True
abfdaf,United States,236.19,False
a0a9b2,United States,216.0,False
acd71a,United States,47.82,False
ac0aac,United States,256.56,False
49d61e,Czech Republic,208.33,False
aa210c,United States,54.37,False
aa7ac8,United States,260.75,False
8880ed,Viet Nam,247.15,False
a6edc3,United States,148.17,False
a2b154,United States,269.51,False
ad3dba,United States,123.39,False
a2b153,United States,247.87,False
a2b151,United States,235.64,False
a89749,United States,2.31,True
4ca63b,Ireland,252.91,False
8880f8,Viet Nam,262.89,False
a3947a,United States,109.69,False
49d630,Czech Republic,236.31,False
4ca645,Ireland,244.62,False
4ca647,Ireland,149.02,False
4ca640,Ireland,271.73,False
4ca643,Ireland,191.29,False
a2b12e,United States,246.75,False
adf747,United States,54.53,False
aacad4,United States,4.89,True
a38141,United States,235.26,False
a27499,United States,53.61,False
3c71a1,Germany,0.0,True
a2b136,United States,145.68,False
a2b135,United States,266.35,False
a3813b,United States,242.11,False
405f12,United Kingdom,243.46,False
405f13,United Kingdom,223.4,False
ac1df7,United States,225.41,False
ac6118,United States,126.02,False
405f11,United Kingdom,245.55,False
4ca614,Ireland,251.75,False
a45dec,United States,62.39,False
4bccab,Turkey,251.24,False
a6a777,United States,86.99,False
4bccaa,Turkey,0.06,True
a45deb,United States,0.0,True
a32ae3,United States,48.44,False
4ca61e,Ireland,252.12,False
c01e5b,Canada,219.07,False
478df2,Norway,1.03,True
a7c74f,United States,223.97,False
49d63f,Czech Republic,170.86,False
a32acf,United States,229.6,False
486741,Kingdom of the Netherlands,212.04,False
aa7aa6,United States,9.77,True
486742,Kingdom of the Netherlands,192.58,False
4ca61b,Ireland,120.85,False
a6ede5,United States,246.18,False
4bccb9,Turkey,206.93,False
a82de5,United States,47.08,False
abfdf8,United States,235.91,False
4ca61d,Ireland,93.39,False
aa7aa0,United States,231.37,False
a2b130,United States,258.91,False
4ca622,Ireland,223.12,False
49d652,Czech Republic,49.7,False
4ca624,Ireland,227.79,False
4ca625,Ireland,241.28,False
c085e0,Canada,268.96,False
4bccaf,Turkey,145.68,False
ad9432,United States,53.29,False
abb76d,United States,245.48,False
4bccae,Turkey,152.38,False
4bccad,Turkey,206.32,False
ab9af5,United States,6.17,True
47340e,Hungary,252.75,False
0b440b,Guatemala,71.65,False
a166af,United States,109.5,False
acb10a,United States,0.06,True
448465,Belgium,286.51,False
c01e11,Canada,0.51,True
c01e10,Canada,210.03,False
a0cc06,United States,235.62,False
a07c1a,United States,51.26,False
a166b5,United States,94.3,False
aa3417,United States,249.2,False
a57dd4,United States,160.13,False
a08f62,United States,135.22,False
ac878c,United States,125.22,False
a0a9f6,United States,137.79,False
a3d112,United States,164.83,False
a2e9a3,United States,204.34,False
a309b4,United States,149.23,False
a5cdae,United States,251.35,False
45f42a,Denmark,142.03,False
a33f02,United States,147.5,False
49d65e,Czech Republic,138.61,False
a0a9f8,United States,203.76,False
a77721,United States,223.73,False
a309ad,United States,81.36,False
a6440e,United States,105.68,False
a3d122,United States,213.49,False
a5376f,United States,146.35,False
a07c05,United States,46.77,False
a046b6,United States,208.02,False
49d66f,Czech Republic,245.31,False
a5376b,United States,64.26,False
a0a9c7,United States,47.64,False
add10d,United States,61.99,False
404c21,United Kingdom,42.79,False
adf76d,United States,73.05,False
394d49,France,143.17,False
a1ff01,United States,172.71,False
a3f793,United States,211.89,False
a0a9ac,United States,116.27,False
a0a9d4,United States,229.56,False
add118,United States,68.98,False
a0a9d1,United States,3.86,True
a38176,United States,207.3,False
3b77e7,France,163.5,False
a82da3,United States,45.18,False
a2b176,United States,240.24,False
c01e28,Canada,264.32,False
c085a5,Canada,28.52,False
a56acc,United States,54.8,False
a3e470,United States,127.95,False
a08f57,United States,105.62,False
c01e1a,Canada,225.0,False
3881c1,France,7.72,False
c01e1f,Canada,262.14,False
a32c27,United States,174.07,False
e4814b,Brazil,246.34,False
888221,Viet Nam,67.36,False
a6319b,United States,183.2,False
3d3d9a,Germany,68.5,False
abeb7c,United States,249.76,False
49d69a,Czech Republic,210.77,False
a0df71,United States,67.56,False
a166f9,United States,49.68,False
3cc1db,Germany,224.55,False
a9f461,United States,247.53,False
888217,Viet Nam,202.7,False
a4af0f,United States,39.93,False
a1c9ea,United States,220.61,False
e4948c,Brazil,200.64,False
a033ee,United States,86.06,False
424462,United Kingdom,1.03,True
ad2b91,United States,126.3,False
a81afc,United States,72.02,False
a8847f,United States,9.26,True
c0737c,Canada,152.56,False
aa8f01,United States,50.41,False
a20c44,United States,218.35,False
a7a151,United States,61.27,False
a166fb,United States,53.03,False
35360b,Spain,4.89,True
a2d6a2,United States,237.07,False
a56c19,United States,223.84,False
a87199,United States,243.68,False
a7a17b,United States,244.19,False
a57f42,United States,252.64,False
a429c9,United States,72.62,False
a08f6b,United States,244.41,False
c06081,Canada,203.95,False
a0df58,United States,58.25,False
abeb9f,United States,220.12,False
a6b9c1,United States,235.85,False
a19c1a,United States,201.58,False
a4af2c,United States,65.07,False
a789bc,United States,182.67,False
a9f44c,United States,52.43,False
a07c4c,United States,140.26,False
a309cc,United States,212.78,False
a21f57,United States,194.08,False
a5cf1b,United States,238.83,False
a08f97,United States,86.74,False
a7779d,United States,129.18,False
a81ae6,United States,152.23,False
4bce0d,Turkey,246.42,False
a8e770,United States,271.45,False
4bce0b,Turkey,86.98,False
4bce0a,Turkey,216.88,False
a82dfb,United States,223.22,False
a1ec6e,United States,144.46,False
4852f5,Kingdom of the Netherlands,7.72,True
a3d193,United States,64.36,False
4852f6,Kingdom of the Netherlands,231.79,False
a7c76d,United States,197.57,False
3d2a27,Germany,46.94,False
a1a3cc,United States,232.9,False
a260d0,United States,168.39,False
a8c121,United States,186.13,False
4bce1a,Turkey,71.55,False
aa7aeb,United States,225.79,False
a7b444,United States,230.39,False
ab540d,United States,249.87,False
a81abe,United States,235.07,False
a273f5,United States,225.61,False
a45f64,United States,232.91,False
888204,Viet Nam,222.01,False
a3d19a,United States,195.91,False
a57f04,United States,0.0,True
a033ff,United States,208.77,False
a286fe,United States,233.29,False
a1ec57,United States,232.98,False
4bce08,Turkey,210.02,False
a32c3e,United States,230.95,False
4bce06,Turkey,212.99,False
a1ff89,United States,95.48,False
4bce05,Turkey,260.25,False
4bce04,Turkey,255.88,False
4bce03,Turkey,184.03,False
4bce01,Turkey,209.79,False
a153de,United States,172.84,False
a81af2,United States,68.3,False
a416be,United States,210.94,False
ab4102,United States,78.24,False
c06035,Canada,42.93,False
a549c6,United States,90.4,False
a9f415,United States,93.61,False
a8712a,United States,238.85,False
4bce19,Turkey,254.28,False
aacaa5,United States,241.59,False
a7c792,United States,180.16,False
c0868b,Canada,96.25,False
4bce14,Turkey,205.04,False
4bce13,Turkey,118.92,False
4bce12,Turkey,241.9,False
a8aac8,United States,3.6,True
a7f44d,United States,114.87,False
ac0598,United States,7.2,True
a61afb,United States,48.77,False
a13f49,United States,213.13,False
ad2573,United States,238.35,False
a6e79c,United States,62.5,False
ab8286,United States,82.19,False
ac058a,United States,0.06,True
a00c42,United States,289.17,False
a25f21,United States,93.23,False
46866b,Greece,215.58,False
4d0106,Luxembourg,280.5,False
a193a0,United States,139.87,False
ad6bdc,United States,261.05,False
aa759b,United States,226.15,False
a12c23,United States,227.14,False
a92145,United States,239.02,False
acf260,United States,123.58,False
a13f1c,United States,49.2,False
a7e151,United States,219.15,False
a50f0a,United States,230.24,False
a7e146,United States,206.5,False
a50f24,United States,135.56,False
a00c25,United States,45.86,False
a01f56,United States,193.16,False
a00c26,United States,142.74,False
a00c1b,United States,56.4,False
a3117c,United States,233.6,False
a92122,United States,64.19,False
8940d2,Bahrain,127.14,False
4075af,United Kingdom,249.41,False
a5a10a,United States,231.45,False
a4dad4,United States,243.96,False
3ff896,Germany,46.66,False
4075b3,United Kingdom,131.19,False
a36c31,United States,61.48,False
4075b4,United Kingdom,221.65,False
a2af3e,United States,208.93,False
8940cf,Bahrain,231.57,False
a00c7a,United States,232.84,False
aa7574,United States,41.17,False
a7f408,United States,55.07,False
a2af2a,United States,245.29,False
4075a2,United Kingdom,184.82,False
a97aa9,United States,225.24,False
c003aa,Canada,67.68,False
4d0111,Luxembourg,230.57,False
4d0114,Luxembourg,277.38,False
a79132,United States,104.45,False
a6c120,United States,243.45,False
aa8892,United States,43.32,False
a13f72,United States,226.85,False
a36c11,United States,64.36,False
a7912a,United States,0.0,True
a8143a,United States,76.84,False
a216c4,United States,238.6,False
400e14,United Kingdom,222.6,False
a2af23,United States,203.69,False
4d0128,Luxembourg,221.01,False
8940c4,Bahrain,231.24,False
a5a13d,United States,252.54,False
a79122,United States,196.94,False
a00c5c,United States,127.32,False
a193b9,United States,105.94,False
c05f94,Canada,245.69,False
c05f93,Canada,269.9,False
ac0519,United States,221.66,False
a37f8d,United States,247.79,False
780cc3,China,71.6,False
ab951a,United States,39.85,False
76ccd0,Singapore,279.89,False
ac5eb4,United States,222.88,False
48ad87,Poland,225.37,False
a826a1,United States,86.45,False
a2af91,United States,233.97,False
48ad85,Poland,220.58,False
48ad83,Poland,144.21,False
a706be,United States,47.22,False
48ad82,Poland,197.31,False
346188,Spain,0.0,True
76cccd,Singapore,266.19,False
ab3ee2,United States,249.52,False
a5b3a7,United States,233.13,False
346184,Spain,0.0,True
346187,Spain,82.31,False
407667,United Kingdom,1.54,True
346186,Spain,219.66,False
a323d6,United States,207.98,False
346183,Spain,211.65,False
346182,Spain,129.24,False
a73c02,United States,59.04,False
507c71,Uzbekistan,0.0,True
a323d3,United States,60.93,False
ab3edd,United States,226.3,False
a7e18a,United States,219.54,False
a4dc2c,United States,87.07,False
40631b,United Kingdom,133.87,False
76cce7,Singapore,240.62,False
a62f61,United States,229.25,False
aab209,United States,62.08,False
aab202,United States,235.79,False
c05f1f,Canada,143.2,False
ab3ef0,United States,87.67,False
a323c8,United States,255.54,False
4791dd,Norway,74.08,False
a1d0a3,United States,94.36,False
c003a8,Canada,195.51,False
7502c4,Malaysia,286.15,False
acaeaf,United States,43.85,False
c016d8,Canada,45.97,False
ab2bbd,United States,48.37,False
c04c36,Canada,90.03,False
ac5ed9,United States,141.59,False
aa87d3,United States,0.0,True
a060e4,United States,90.91,False
507c9e,Uzbekistan,188.1,False
acaec8,United States,238.69,False
a456d6,United States,132.79,False
a36c3d,United States,49.14,False
347497,Spain,127.33,False
ab9558,United States,39.78,False
7502d8,Malaysia,232.01,False
abd204,United States,245.39,False
a336e3,United States,134.93,False
5140c6,Georgia,249.0,False
a85c01,United States,230.27,False
a336f0,United States,216.31,False
aad87b,United States,75.36,False
ac4bb8,United States,241.08,False
a5b3ad,United States,246.17,False
a336dc,United States,215.06,False
a4ef90,United States,192.38,False
ab9568,United States,66.22,False
a3cf2b,United States,56.7,False
ad385f,United States,1.29,True
c029a1,Canada,64.08,False
a8aaff,United States,229.03,False
5140df,Georgia,249.09,False
346147,Spain,104.89,False
ac188c,United States,42.38,False
7502b8,Malaysia,86.32,False
7502b2,Malaysia,239.72,False
acaed4,United States,256.5,False
ad1218,United States,220.4,False
a8015d,United States,120.31,False
34745a,Spain,226.63,False
ad2542,United States,240.44,False
40768c,United Kingdom,226.78,False
40768d,United Kingdom,233.29,False
40768a,United Kingdom,227.38,False
ac5efa,United States,138.73,False
40768b,United Kingdom,116.38,False
407698,United Kingdom,247.76,False
c05f0a,Canada,211.42,False
a97adb,United States,42.48,False
4b83b5,Turkey,99.58,False
a3bc1c,United States,72.24,False
459a67,Denmark,133.49,False
a430aa,United States,74.44,False
34744c,Spain,249.62,False
34744d,Spain,234.18,False
abd230,United States,238.95,False
a3cf67,United States,54.5,False
40767a,United Kingdom,244.88,False
a24c99,United States,229.46,False
a310cf,United States,226.01,False
347454,Spain,242.1,False
3950ce,France,204.33,False
407688,United Kingdom,234.27,False
3950cc,France,201.42,False
407686,United Kingdom,221.35,False
48ad0f,Poland,217.49,False
48ad0d,Poland,123.32,False
407689,United Kingdom,246.76,False
c05f09,Canada,171.17,False
abe579,United States,222.94,False
c05f04,Canada,114.96,False
34610f,Spain,231.07,False
48ad19,Poland,210.19,False
40766d,United Kingdom,240.97,False
a719c8,United States,63.44,False
a310bb,United States,214.46,False
400ceb,United Kingdom,170.48,False
aab267,United States,43.24,False
a20519,United States,93.9,False
3c4965,Germany,212.8,False
48ad09,Poland,111.2,False
48ad08,Poland,75.06,False
34754c,Spain,125.11,False
48ad03,Poland,217.85,False
a97c5f,United States,86.76,False
48ad02,Poland,3.09,True
a670de,United States,206.05,False
abe3e6,United States,235.21,False
a8bf92,United States,253.35,False
4ab2ae,Sweden,58.57,False
ab80f4,United States,238.66,False
c04ae9,Canada,43.66,False
acaf83,United States,103.59,False
a1f822,United States,0.0,True
a45807,United States,24.62,False
ac03ff,United States,233.23,False
a0c51b,United States,89.43,False
a9df81,United States,59.7,False
34620c,Spain,141.33,False
ab80f5,United States,72.55,False
0a805c,Bahamas,127.55,False
a1952b,United States,48.4,False
a6d3f2,United States,229.47,False
a97c40,United States,50.58,False
e88112,Paraguay,94.54,False
3c496d,Germany,220.47,False
a98f6a,United States,239.34,False
a07528,United States,53.04,False
a0884d,United States,93.83,False
346206,Spain,255.78,False
a8bf73,United States,243.58,False
a8bf72,United States,53.11,False
a8ac42,United States,198.32,False
a8bf6e,United States,101.87,False
a7e0c2,United States,77.6,False
aa60bb,United States,227.59,False
76cda3,Singapore,251.64,False
76cda4,Singapore,221.58,False
76cda1,Singapore,240.42,False
76cda2,Singapore,264.68,False
76cda5,Singapore,269.53,False
a13eaf,United States,87.73,False
76cda6,Singapore,239.23,False
acf0da,United States,238.94,False
407631,United Kingdom,244.66,False
a563eb,United States,49.87,False
407637,United Kingdom,52.47,False
4b1b86,Switzerland,34.44,False
c05de4,Canada,97.87,False
a44521,United States,246.88,False
a813aa,United States,4.63,True
76cdb0,Singapore,161.1,False
adbc90,United States,48.38,False
76cdb4,Singapore,254.28,False
76cdb2,Singapore,247.09,False
76cdb3,Singapore,246.7,False
a31216,United States,244.08,False
a62f93,United States,224.04,False
a0757f,United States,0.06,True
a670a3,United States,239.76,False
a37ed3,United States,241.01,False
76cdae,Singapore,271.4,False
acf0d8,United States,192.65,False
aa86fb,United States,78.79,False
780daa,China,212.03,False
acf0e8,United States,42.58,False
a6d3b3,United States,2.57,True
a1e540,United States,60.86,False
347507,Spain,64.65,False
a706ea,United States,0.0,True
347501,Spain,110.68,False
a73c72,United States,59.71,False
87aace,Japan,11.83,True
a9a9aa,United States,58.87,False
ac181d,United States,224.03,False
a44502,United States,224.16,False
a5fc87,United States,246.76,False
a6c0b8,United States,98.01,False
a86f84,United States,54.26,False
a37ec4,United States,185.43,False
aa86f1,United States,40.51,False
ab3ec4,United States,50.58,False
a07579,United States,263.85,False
aa1f5e,United States,49.48,False
aa1f5a,United States,233.11,False
a33843,United States,0.0,True
8966f1,United Arab Emirates,255.09,False
8966f2,United Arab Emirates,266.3,False
c05da4,Canada,211.27,False
a3bbd8,United States,73.1,False
ab2c0b,United States,244.84,False
389dff,France,3.09,True
400d5b,United Kingdom,195.37,False
400d5a,United Kingdom,216.56,False
3ff981,Germany,44.66,False
a5520f,United States,52.17,False
30086c,Italy,19.14,False
a48bd3,United States,151.23,False
39644a,France,207.81,False
8966eb,United Arab Emirates,236.94,False
aa6209,United States,30.87,False
aa0bb7,United States,38.24,False
a44560,United States,258.25,False
c01732,Canada,249.97,False
750475,Malaysia,96.74,False
a98ea6,United States,95.86,False
a4454e,United States,37.28,False
ad36a8,United States,245.98,False
a4eeeb,United States,112.88,False
ad49d9,United States,49.48,False
ac5f42,United States,226.12,False
acf198,United States,62.89,False
ab3f4f,United States,35.9,False
a43221,United States,89.61,False
8966fa,United Arab Emirates,224.51,False
c01729,Canada,224.44,False
8966fc,United Arab Emirates,105.74,False
8966fd,United Arab Emirates,263.52,False
aa8859,United States,0.0,True
a2f227,United States,58.36,False
a93510,United States,44.39,False
abf6a4,United States,130.67,False
a44548,United States,233.76,False
a44540,United States,238.26,False
aa8850,United States,53.19,False
a44547,United States,141.17,False
75044b,Malaysia,247.01,False
ad7f41,United States,86.97,False
c0173e,Canada,254.03,False
8966bd,United Arab Emirates,249.72,False
ab3f74,United States,66.69,False
4074b2,United Kingdom,0.64,True
4074b8,United Kingdom,233.9,False
4074b5,United Kingdom,0.9,True
4074b6,United Kingdom,208.09,False
8966d4,United Arab Emirates,231.81,False
a74ecc,United States,0.0,True
ab2c3a,United States,237.38,False
ad36c8,United States,0.0,True
a5523e,United States,39.61,False
a44533,United States,242.55,False
30085f,Italy,50.44,False
c00416,Canada,40.07,False
8966e5,United Arab Emirates,51.3,False
300830,Italy,36.18,False
300833,Italy,37.04,False
a2f283,United States,67.42,False
39515c,France,62.97,False
ac5f5f,United States,0.0,True
a00d27,United States,60.97,False
8966aa,United Arab Emirates,196.76,False
ab2c72,United States,1.29,True
a4a83b,United States,223.83,False
a44591,United States,226.87,False
a4eeb4,United States,210.62,False
30083c,Italy,69.18,False
8966c7,United Arab Emirates,235.45,False
a70812,United States,218.11,False
a6981a,United States,292.99,False
ac4c67,United States,243.72,False
a4a856,United States,70.09,False
a3cee8,United States,54.41,False
300817,Italy,51.17,False
a82824,United States,40.84,False
a44588,United States,3.09,True
abe3c7,United States,38.92,False
a56531,United States,212.6,False
a1d284,United States,47.62,False
afa195,United States,130.35,False
aab0ba,United States,143.45,False
a1e58f,United States,7.46,True
a43245,United States,212.81,False
a7081a,United States,233.11,False
47921c,Norway,231.58,False
ac5f8f,United States,92.79,False
8966a8,United Arab Emirates,191.49,False
8966a9,United Arab Emirates,261.62,False
a44570,United States,226.34,False
a2f249,United States,52.47,False
750424,Malaysia,236.7,False
3ff926,Germany,39.35,False
8966a6,United Arab Emirates,135.46,False
8966a7,United Arab Emirates,190.73,False
479227,Norway,4.12,True
750423,Malaysia,73.06,False
aab396,United States,235.2,False
a80266,United States,84.63,False
a5b59d,United States,233.9,False
300918,Italy,35.63,False
a8157c,United States,0.0,True
aaa05d,United States,59.38,False
4cafc3,Ireland,238.67,False
4cafc4,Ireland,230.17,False
4cafc0,Ireland,108.68,False
4cafc1,Ireland,74.49,False
48ada8,Poland,71.14,False
48ada9,Poland,115.82,False
48ada7,Poland,212.43,False
48ada5,Poland,111.42,False
ae2018,United States,41.42,False
48ada3,Poland,3.09,True
4cafcc,Ireland,91.81,False
48ada1,Poland,8.75,True
4cafcd,Ireland,148.11,False
4cafcf,Ireland,235.49,False
a0d7e9,United States,48.74,False
3b39ff,France,4.37,True
4cafd8,Ireland,205.77,False
a93593,United States,85.6,False
0c21b6,Panama,232.01,False
a4328f,United States,78.69,False
4cafd7,Ireland,143.91,False
0c21b8,Panama,230.42,False
780f16,China,288.37,False
4cafd1,Ireland,222.54,False
4cafd2,Ireland,230.79,False
4ab344,Sweden,0.06,True
4cafd3,Ireland,237.54,False
717c87,Saudi Arabia,245.36,False
400f02,United Kingdom,229.63,False
a43297,United States,56.79,False
0c21a6,Panama,238.52,False
a7928f,United States,58.92,False
717c76,Saudi Arabia,232.84,False
a2f293,United States,58.12,False
a6c277,United States,36.01,False
a9355e,United States,94.89,False
a7e24a,United States,240.29,False
4b2ce2,Switzerland,11.11,False
717c81,Saudi Arabia,233.25,False
4cafb3,Ireland,227.19,False
4cafb5,Ireland,231.07,False
a6d59e,United States,62.25,False
abc07b,United States,209.98,False
a74efc,United States,248.48,False
a4dbef,United States,221.34,False
0c21fd,Panama,236.24,False
4076cd,United Kingdom,205.54,False
a0b1ab,United States,31.82,False
a1e4d2,United States,56.68,False
aa5041,United States,53.08,False
c004f3,Canada,229.77,False
a98ee0,United States,51.08,False
a5c899,United States,245.35,False
a23a28,United States,245.77,False
a5c895,United States,228.05,False
0c21fc,Panama,238.44,False
ad0074,United States,250.21,False
a24d56,United States,37.51,False
0c21fa,Panama,239.95,False
a97baa,United States,111.08,False
780f3c,China,260.93,False
780f3a,China,78.29,False
400f53,United Kingdom,53.62,False
a181d3,United States,46.49,False
ace063,United States,229.48,False
a24d5f,United States,45.51,False
a324b0,United States,170.1,False
0100df,Egypt,224.57,False
ae204b,United States,38.24,False
a8152e,United States,116.94,False
aac5a9,United States,99.32,False
a217df,United States,47.31,False
a337d3,United States,84.93,False
a6c247,United States,164.28,False
a23a09,United States,39.88,False
a6e89f,United States,204.94,False
4cafe8,Ireland,192.42,False
a23a02,United States,252.3,False
a6d56b,United States,40.46,False
ac4e31,United States,0.0,True
a7e20a,United States,244.88,False
3ff762,Germany,28.59,False
aa7668,United States,227.57,False
4caff6,Ireland,68.98,False
4caff8,Ireland,195.51,False
a8021b,United States,217.48,False
01024b,Egypt,0.0,True
407797,United Kingdom,196.52,False
407795,United Kingdom,257.51,False
407796,United Kingdom,214.21,False
3964ea,France,238.13,False
01024c,Egypt,242.5,False
a5fd2d,United States,78.8,False
a3bd5f,United States,236.06,False
a697db,United States,123.65,False
484b8f,Kingdom of the Netherlands,223.99,False
adcfa9,United States,46.99,False
a564d3,United States,231.56,False
407793,United Kingdom,257.78,False
a60a0d,United States,55.65,False
a0b1ea,United States,255.51,False
407794,United Kingdom,226.87,False
c017d7,Canada,213.88,False
a431ad,United States,51.25,False
a947b8,United States,95.35,False
40777c,United Kingdom,241.07,False
ab3feb,United States,142.55,False
ad7fbe,United States,39.01,False
010256,Egypt,261.97,False
34629a,Spain,235.92,False
01023a,Egypt,257.91,False
01023c,Egypt,241.59,False
a4dd65,United States,252.64,False
01023b,Egypt,242.33,False
aa0e62,United States,218.04,False
399a61,France,50.73,False
a5b4c0,United States,196.42,False
a3bd81,United States,185.26,False
40643b,United Kingdom,0.0,True
40643d,United Kingdom,146.42,False
40643c,United Kingdom,0.0,True
010246,Egypt,247.13,False
34628d,Spain,258.41,False
399a69,France,46.03,False
010245,Egypt,240.43,False
010247,Egypt,268.28,False
a5ea08,United States,205.56,False
acafb9,United States,50.29,False
ab9666,United States,81.16,False
ab9663,United States,44.67,False
346299,Spain,41.03,False
406442,United Kingdom,230.8,False
406445,United Kingdom,5.92,True
a73d54,United States,50.85,False
407777,United Kingdom,226.62,False
aa75c6,United States,235.24,False
ac0651,United States,77.04,False
484b6e,Kingdom of the Netherlands,233.29,False
aab31a,United States,33.18,False
a697fe,United States,65.8,False
3964e0,France,72.64,False
a35a37,United States,244.15,False
a814af,United States,92.74,False
010281,Egypt,283.29,False
010283,Egypt,265.92,False
406440,United Kingdom,243.21,False
40775c,United Kingdom,220.65,False
a3bd95,United States,108.87,False
a194fa,United States,46.43,False
a0b1be,United States,132.28,False
48ae82,Poland,225.33,False
48ae83,Poland,127.71,False
48ae80,Poland,217.3,False
01026a,Egypt,218.06,False
48ae81,Poland,232.57,False
a3aa5e,United States,141.23,False
01025e,Egypt,0.64,True
a4ca56,United States,42.6,False
01025d,Egypt,37.04,True
a707f0,United States,65.87,False
01025f,Egypt,201.56,False
3964f1,France,211.72,False
3007f1,Italy,0.0,True
3964f0,France,237.7,False
010273,Egypt,69.76,False
3964f4,France,106.1,False
010266,Egypt,210.22,False
3951c1,France,242.1,False
010265,Egypt,251.28,False
a1e4e9,United States,226.24,False
3964f8,France,234.81,False
3964f7,France,213.18,False
aaa012,United States,258.51,False
a324ce,United States,250.79,False
abf96c,United States,179.82,False
01020b,Egypt,185.05,False
aa75a6,United States,228.3,False
01020a,Egypt,242.92,False
ac0678,United States,50.41,False
abe65a,United States,8.75,True
abf995,United States,242.97,False
ab967b,United States,226.26,False
3007c0,Italy,68.43,False
a8028a,United States,118.76,False
717c9c,Saudi Arabia,182.47,False
a92299,United States,235.18,False
aa88d2,United States,254.4,False
aa0e1e,United States,41.43,False
a61d00,United States,0.0,True
ad398c,United States,228.23,False
a577d4,United States,0.0,True
010204,Egypt,231.88,False
abc012,United States,73.26,False
ad3997,United States,230.42,False
010205,Egypt,238.92,False
ad0001,United States,68.25,False
010207,Egypt,231.15,False
01022b,Egypt,240.02,False
347588,Spain,150.31,False
a5c7c5,United States,79.94,False
a4dd35,United States,206.24,False
484b40,Kingdom of the Netherlands,4.85,False
01022c,Egypt,267.12,False
a9225e,United States,209.63,False
aaa02c,United States,194.27,False
ace011,United States,201.26,False
484b2a,Kingdom of the Netherlands,154.55,False
a0fa8b,United States,241.42,False
a707c6,United States,39.26,False
aab36c,United States,76.75,False
010237,Egypt,232.66,False
4b1b13,Switzerland,1.8,True
a697c3,United States,87.46,False
adbcbf,United States,36.66,False
40779a,United Kingdom,231.6,False
a3aa1c,United States,93.17,False
a13fa4,United States,72.13,False
abc035,United States,237.56,False
ac9045,United States,77.77,False
ad001e,United States,57.22,False
a23a8e,United States,2.57,True
a4dd2c,United States,52.16,False
4792d3,Norway,109.98,False
484b32,Kingdom of the Netherlands,210.2,False
ad0022,United States,78.72,False
347685,Spain,220.43,False
346355,Spain,216.25,False
3c4841,Germany,245.29,False
346350,Spain,92.09,False
407713,United Kingdom,258.66,False
ad11d9,United States,58.67,False
aab1eb,United States,62.15,False
4792a6,Norway,223.85,False
a00ce0,United States,94.5,False
a13fea,United States,90.8,False
a4591c,United States,90.87,False
a1f94c,United States,6.43,True
48ae22,Poland,287.42,False
48ae23,Poland,243.53,False
48ae21,Poland,266.45,False
a0d966,United States,103.62,False
a96a66,United States,28.41,False
485e2f,Kingdom of the Netherlands,267.93,False
a5791c,United States,37.3,False
a45929,United States,48.73,False
a45928,United States,93.43,False
a24cb5,United States,3.6,True
a20640,United States,47.54,False
a84a55,United States,243.26,False
a2195d,United States,177.39,False
a60a9b,United States,144.43,False
a0899f,United States,52.41,False
84b4b7,Japan,6.69,True
39c809,France,54.88,False
750520,Malaysia,8.23,True
4d24a9,Malta,260.72,False
a0899d,United States,51.91,False
a45915,United States,28.2,False
a97d63,United States,221.04,False
a13fd5,United States,76.25,False
4b1a2d,Switzerland,247.13,False
4b1a2e,Switzerland,104.99,False
4b1a2f,Switzerland,152.93,False
48ae06,Poland,283.97,False
34631a,Spain,98.09,False
4b1a2a,Switzerland,154.1,False
48ae00,Poland,236.83,False
4b1a2b,Switzerland,234.06,False
48ae01,Poland,246.84,False
347659,Spain,246.19,False
4b1a37,Switzerland,232.15,False
a13fe4,United States,58.77,False
a01fee,United States,240.11,False
4b1a34,Switzerland,232.09,False
a72a96,United States,46.8,False
4b1a1e,Switzerland,233.32,False
60182b,Turkmenistan,254.18,False
4b1a1b,Switzerland,215.19,False
a5ea9a,United States,245.13,False
4b1a25,Switzerland,206.73,False
346317,Spain,227.54,False
4b1a26,Switzerland,1.03,True
4b1a28,Switzerland,229.15,False
4b1a29,Switzerland,150.78,False
346316,Spain,257.75,False
347641,Spain,222.02,False
780ec4,China,103.03,False
a73d74,United States,62.2,False
347643,Spain,294.72,False
4d24cb,Malta,5.66,True
4b1a65,Switzerland,241.13,False
a06371,United States,72.03,False
a4ca69,United States,28.85,False
4d24cc,Malta,232.79,False
4b1a66,Switzerland,227.81,False
4b1a67,Switzerland,4.37,True
a2afeb,United States,215.91,False
a1f98a,United States,48.69,False
4d24d6,Malta,212.04,False
40773b,United Kingdom,236.06,False
4d24d7,Malta,249.55,False
010296,Egypt,240.65,False
010299,Egypt,256.83,False
a4462e,United States,246.76,False
39c82b,France,201.78,False
4d24d2,Malta,9.26,True
a0d99a,United States,35.29,False
a24ce0,United States,0.0,True
4d24d4,Malta,137.82,False
a671ba,United States,65.22,False
4d24d5,Malta,69.9,False
507c3d,Uzbekistan,66.72,False
a671c4,United States,49.24,False
a1e674,United States,59.77,False
aa0d93,United States,56.37,False
346303,Spain,124.96,False
a791c0,United States,241.64,False
a1e671,United States,50.66,False
01028a,Egypt,0.0,True
01028d,Egypt,231.07,False
aa61d2,United States,60.39,False
c05ef6,Canada,113.43,False
ab3fc1,United States,52.16,False
c05ef7,Canada,133.24,False
ab3fc4,United States,305.69,False
adbd8e,United States,44.19,False
4d24f0,Malta,190.82,False
40772f,United Kingdom,92.6,False
34761a,Spain,161.33,False
4d24e7,Malta,14.4,True
010285,Egypt,160.15,False
491075,Portugal,13.12,False
c0187a,Canada,7.2,True
a2afe1,United States,53.15,False
a19691,United States,113.35,False
400db2,United Kingdom,5.14,True
4d24e6,Malta,229.29,False
407739,United Kingdom,229.2,False
ac1934,United States,215.85,False
01027c,Egypt,250.43,False
ab9628,United States,140.22,False
a44626,United States,78.33,False
a671f2,United States,242.82,False
4d24af,Malta,0.06,True
ac5fad,United States,238.95,False
a97d23,United States,230.76,False
4d24ab,Malta,73.72,False
400db1,United Kingdom,214.84,False
34760e,Spain,42.37,False
76cef0,Singapore,260.91,False
4d24c0,Malta,112.17,False
a84a50,United States,139.76,False
76cef3,Singapore,248.27,False
76cef4,Singapore,252.67,False
a37fcd,United States,69.59,False
76cef1,Singapore,261.98,False
4d24b4,Malta,197.89,False
780ede,China,219.95,False
76cef7,Singapore,260.8,False
a4460e,United States,225.9,False
76cef5,Singapore,224.35,False
4d24b0,Malta,219.14,False
4d24b2,Malta,200.4,False
40771a,United Kingdom,224.81,False
ab3fcc,United States,219.15,False
4d24b3,Malta,175.43,False
507c5e,Uzbekistan,189.32,False
ab9630,United States,5.4,True
76ceef,Singapore,251.55,False
76ceed,Singapore,246.73,False
347610,Spain,44.66,False
abf949,United States,77.48,False
461e1c,Finland,176.88,False
4d24ba,Malta,222.85,False
461e1d,Finland,254.17,False
461e1e,Finland,10.29,True
461e1f,Finland,157.61,False
a8ad36,United States,57.21,False
47808e,Norway,63.09,False
a33967,United States,4.89,True
ac1951,United States,245.69,False
507c4d,Uzbekistan,75.37,False
47808a,Norway,58.28,False
47808c,Norway,98.77,False
a19679,United States,242.81,False
a4a906,United States,151.94,False
a37fd3,United States,234.05,False
a31370,United States,68.42,False
a42027,United States,37.57,True
3ff853,Germany,25.6,False
4075f4,United Kingdom,254.13,False
a42020,United States,3.86,True
a30044,United States,58.79,False
a98fc5,United States,45.07,False
750597,Malaysia,232.55,False
4075f3,United Kingdom,239.81,False
a4200d,United States,215.91,False
c05eb1,Canada,234.92,False
478083,Norway,59.62,False
30099b,Italy,24.22,False
ac4d1a,United States,224.11,False
75059c,Malaysia,242.97,False
3ff862,Germany,35.68,False
0101bb,Egypt,259.39,False
0101be,Egypt,255.63,False
461e15,Finland,3.09,True
3ff866,Germany,71.82,False
ab94c9,United States,51.17,False
c05eb6,Canada,146.1,False
a70975,United States,56.54,False
750583,Malaysia,227.17,False
a74ffc,United States,55.26,False
a82980,United States,73.87,False
ab1a1e,United States,136.44,False
a79332,United States,57.8,False
7c66cf,Australia,217.71,False
a2e014,United States,171.78,False
a1836c,United States,232.14,False
300979,Italy,221.11,False
400e5a,United Kingdom,0.0,True
0101fa,Egypt,225.24,False
a3133c,United States,245.74,False
c05edd,Canada,1.54,True
a20691,United States,34.99,False
c05edf,Canada,0.06,True
a44660,United States,214.63,False
aa6303,United States,242.08,False
c05edb,Canada,240.85,False
ad37bc,United States,68.37,False
a1d365,United States,46.07,False
ad37ba,United States,54.08,False
4d24ea,Malta,231.99,False
ac04c2,United States,4.37,True
7c66e4,Australia,255.57,False
7c66e2,Australia,203.8,False
4075bb,United Kingdom,232.81,False
e47fa6,Brazil,194.48,False
c05ed0,Canada,243.58,False
ac04be,United States,214.94,False
44a8a6,Belgium,186.59,False
87ad5a,Japan,4.89,True
a5c99d,United States,86.32,False
a5c99b,United States,38.79,False
a18380,United States,204.75,False
0101dd,Egypt,187.48,False
c05ed8,Canada,0.06,True
aa0ca7,United States,242.18,False
c05ed9,Canada,246.63,False
a86fcf,United States,37.44,False
ac3a38,United States,215.42,False
75054f,Malaysia,245.12,False
a69945,United States,120.68,False
aab1af,United States,233.22,False
a70942,United States,37.68,False
750573,Malaysia,247.17,False
ad11a7,United States,67.01,False
a3cff5,United States,152.56,False
a3138e,United States,64.07,False
e47ffe,Brazil,270.74,False
a9ba6e,United States,146.7,False
a55319,United States,53.86,False
48acae,Poland,31.49,False
48acac,Poland,38.95,False
48acad,Poland,46.27,False
3ff821,Germany,33.45,False
aab1d2,United States,247.2,False
ac04f5,United States,234.31,False
a74fa2,United States,229.28,False
c05ea2,Canada,187.05,False
3461ce,Spain,200.84,False
a2f386,United States,89.18,False
a97d9e,United States,3.86,True
a921eb,United States,280.77,False
a6e93e,United States,40.02,False
a4dcba,United States,98.59,False
48aca7,Poland,27.0,False
48aca8,Poland,49.65,False
4075fe,United Kingdom,249.09,False
a56661,United States,1.54,True
0101b7,Egypt,255.32,False
48aca4,Poland,40.18,False
a2e045,United States,204.26,False
a3136d,United States,192.64,False
a7093c,United States,30.15,False
a42036,United States,118.3,False
a6e92d,United States,34.96,False
a4a97b,United States,149.49,False
a6995c,United States,88.32,False
ac3a60,United States,6.17,True
a1d395,United States,64.95,False
a98bad,United States,59.65,False
acbffd,United States,163.91,False
abd018,United States,268.09,False
ab8042,United States,147.28,False
a9eec7,United States,43.95,False
aac35d,United States,40.51,False
a8387d,United States,194.47,False
a097d5,United States,62.27,False
4caea0,Ireland,233.56,False
a93229,United States,142.14,False
a9eecc,United States,51.12,False
4caeaf,Ireland,238.12,False
4d2522,Malta,103.2,False
a56285,United States,0.06,True
a097cc,United States,239.22,False
a097cb,United States,42.21,False
a097ce,United States,128.62,False
4caead,Ireland,12.86,True
4d2527,Malta,213.21,False
4d2528,Malta,204.64,False
4d2529,Malta,227.8,False
ab9382,United States,62.86,False
4d250b,Malta,182.01,False
aac36a,United States,268.54,False
a8bbbc,United States,245.79,False
a227a7,United States,83.65,False
4d250d,Malta,179.35,False
4caeb8,Ireland,239.64,False
ac1698,United States,72.89,False
4caeb3,Ireland,248.88,False
4caeb0,Ireland,240.55,False
4caeb1,Ireland,189.05,False
a097a4,United States,51.74,False
3c7b01,Germany,259.88,False
a44262,United States,242.89,False
a9a832,United States,67.91,False
400aff,United Kingdom,237.28,False
400afd,United Kingdom,241.98,False
4d2504,Malta,235.81,False
4d2500,Malta,233.41,False
4d2509,Malta,221.34,False
a45586,United States,237.48,False
33fd5f,Italy,146.26,False
c05d7b,Canada,250.06,False
a44258,United States,196.34,False
c001e2,Canada,240.79,False
abe373,United States,245.35,False
a9eeb6,United States,184.73,False
c001e6,Canada,217.9,False
a5b278,United States,3.6,True
aa733b,United States,73.57,False
aa600a,United States,223.19,False
a62bc5,United States,42.48,False
4b2bed,Switzerland,8.37,False
a37d13,United States,55.07,False
c014b6,Canada,114.47,False
4d253d,Malta,159.25,False
a5755a,United States,48.04,False
4d253b,Malta,239.38,False
4caee6,Ireland,244.29,False
4caee7,Ireland,242.43,False
aa998e,United States,260.32,False
76bd42,Singapore,1.03,True
4caee5,Ireland,243.23,False
a74bb7,United States,67.88,False
76bd47,Singapore,95.92,False
a347b5,United States,86.49,False
a191a3,United States,101.53,False
a347b1,United States,167.54,False
adccea,United States,196.88,False
a83839,United States,244.01,False
abd063,United States,104.71,False
a0e7f4,United States,174.37,False
a071c6,United States,86.1,False
a107fe,United States,130.97,False
ad2386,United States,211.66,False
a071c2,United States,254.26,False
ad2384,United States,232.97,False
4d2536,Malta,219.35,False
a097e9,United States,3.86,True
a83876,United States,0.0,True
4d251b,Malta,80.04,False
4d251c,Malta,232.94,False
ad105b,United States,44.91,False
4d251d,Malta,232.14,False
3004c2,Italy,109.75,False
aa8647,United States,92.12,False
4d251a,Malta,227.08,False
4d251f,Malta,230.17,False
ac5e01,United States,171.88,False
4caee0,Ireland,224.12,False
71ba05,Republic of Korea,8.23,True
c027ea,Canada,8.75,True
71ba03,Republic of Korea,250.74,False
a44298,United States,68.06,False
4caecb,Ireland,261.17,False
4caecc,Ireland,213.39,False
a44291,United States,225.36,False
a62bda,United States,89.38,False
4d252b,Malta,207.37,False
a8251a,United States,40.46,False
4caed8,Ireland,227.9,False
aab09a,United States,231.95,False
347288,Spain,9.77,True
4932d3,Portugal,1.8,True
aa0b10,United States,20.58,True
a321a9,United States,202.88,False
a214de,United States,225.7,False
a467de,United States,204.38,False
347282,Spain,131.18,False
a74d05,United States,8.23,False
a36a35,United States,25.73,False
46d2ef,Greece,143.49,False
aa98cd,United States,158.3,False
a4a4a1,United States,87.32,False
ab4fd3,United States,221.99,False
ab4fd4,United States,219.79,False
a4da09,United States,239.99,False
ab0969,United States,266.35,False
abf604,United States,222.96,False
aa1e1c,United States,24.11,False
aa98bf,United States,127.12,False
aa98be,United States,123.52,False
a62d26,United States,42.33,False
a7f286,United States,149.87,False
46d2f2,Greece,111.51,False
a62d2b,United States,56.67,False
a49d22,United States,220.8,False
a347e5,United States,57.63,False
a2ad38,United States,42.2,False
a62d2d,United States,70.57,False
a24a0a,United States,145.0,False
4caefa,Ireland,215.49,False
4caefb,Ireland,165.9,False
c027d1,Canada,99.24,False
a1f4c7,United States,62.16,False
a1f4bc,United States,148.06,False
a837b2,United States,206.46,False
a334ab,United States,52.93,False
717cb8,Saudi Arabia,188.29,False
4932a4,Portugal,202.99,False
347256,Spain,226.87,False
a837a7,United States,140.14,False
347258,Spain,224.14,False
347257,Spain,252.98,False
a24a31,United States,130.71,False
a837a6,United States,231.71,False
ae6917,United States,151.68,False
a00a68,United States,134.11,False
ad8fa4,United States,143.68,False
ac6fe2,United States,241.34,False
ab3cbb,United States,65.44,False
ad3616,United States,216.72,False
8466c7,Japan,251.32,False
a201a9,United States,83.75,False
a694b2,United States,65.87,False
485b43,Kingdom of the Netherlands,36.01,True
7c431c,Australia,171.49,False
a837a5,United States,237.3,False
a3cd6b,United States,242.83,False
a37d1d,United States,57.93,False
acbfbc,United States,63.63,False
347247,Spain,253.79,False
a37d8d,United States,0.0,True
a37d8a,United States,217.36,False
3c45c4,Germany,201.0,False
7504e0,Malaysia,225.79,False
acbfd4,United States,36.74,False
40745e,United Kingdom,254.36,False
a24a6a,United States,93.55,False
acbfd6,United States,168.47,False
406135,United Kingdom,164.79,False
ac297b,United States,240.08,False
a441ac,United States,230.85,False
a441ab,United States,236.83,False
ad495b,United States,0.0,True
407462,United Kingdom,0.0,True
a93270,United States,62.51,False
a12a9d,United States,265.41,False
aac337,United States,264.75,False
a24a65,United States,36.88,False
4b1a00,Switzerland,12.35,True
a12a81,United States,231.77,False
a3cd0f,United States,262.89,False
a334f9,United States,26.37,False
ae6961,United States,253.6,False
adcca6,United States,243.01,False
a9dbb5,United States,59.73,False
ac2992,United States,165.16,False
ad7cbe,United States,53.22,False
33fca4,Italy,231.81,False
a1e1d8,United States,170.86,False
7504af,Malaysia,230.3,False
a9a873,United States,51.76,False
348546,Spain,229.12,False
a6d27b,United States,217.87,False
a98bde,United States,235.08,False
a12a95,United States,41.67,False
abf666,United States,236.23,False
a4b7c7,United States,152.29,False
acbfcf,United States,164.92,False
a49d3f,United States,37.27,False
a98bf6,United States,54.48,False
a93257,United States,186.08,False
a3ba07,United States,22.73,False
a12a7c,United States,240.28,False
a12a7d,United States,235.3,False
a12a7f,United States,205.42,False
347206,Spain,260.94,False
4caf27,Ireland,275.48,False
4caf29,Ireland,0.06,True
a681e5,United States,34.29,False
aa1d9c,United States,243.6,False
4caf24,Ireland,202.07,False
4caf20,Ireland,0.0,True
abf4cb,United States,72.58,False
aac1d4,United States,0.77,True
a441fd,United States,37.84,False
a441fb,United States,6.69,True
4caf0b,Ireland,117.23,False
ad34bb,United States,0.0,False
ad6a2a,United States,77.54,False
3a4dc0,France,277.14,False
c05bd6,Canada,0.0,True
717ceb,Saudi Arabia,237.71,False
c05bd2,Canada,245.05,False
abe1c2,United States,5.66,True
c05bd5,Canada,257.5,False
a561fd,United States,1.03,True
4caf34,Ireland,248.11,False
a441ef,United States,238.63,False
abf4df,United States,61.23,False
a73a3e,United States,76.54,False
a74d6b,United States,53.75,False
c05bcb,Canada,253.83,False
a02ff7,United States,168.84,False
c0288a,Canada,0.0,True
a6e4e8,United States,241.1,False
347306,Spain,205.21,False
424b86,United Kingdom,0.0,True
8a0a13,Indonesia,239.68,False
a8bd1b,United States,7.2,True
a441f5,United States,216.14,False
aa1d88,United States,88.06,False
4072ea,United Kingdom,233.14,False
a09940,United States,264.94,False
adba21,United States,239.53,False
a09947,United States,0.0,True
400b82,United Kingdom,235.14,False
4caf12,Ireland,195.29,False
4072dc,United Kingdom,248.98,False
a9a7d0,United States,238.92,False
34860c,Spain,69.72,False
a957f9,United States,60.44,False
a01ca5,United States,213.66,False
a4ed65,United States,54.91,False
a3361d,United States,42.37,False
adcd6d,United States,234.01,False
a21648,United States,58.13,False
a4a4cb,United States,5.92,True
a0c30d,United States,81.46,False
449e2e,Belgium,52.97,False
c06ebf,Canada,58.66,False
a06019,United States,104.43,False
4d23b8,Malta,235.98,False
76bcc8,Singapore,233.17,False
7c4319,Australia,173.64,False
aa0a1a,United States,44.74,False
348609,Spain,140.01,False
a0733d,United States,60.95,False
a1f643,United States,72.5,False
c01533,Canada,0.0,True
ad34fe,United States,252.0,False
a61a28,United States,49.8,False
c05ba9,Canada,240.9,False
a3cd7d,United States,234.28,False
a74d32,United States,224.81,False
a4da49,United States,100.32,False
4d23bb,Malta,102.29,False
4caf78,Ireland,200.27,False
a06028,United States,197.63,False
c0150d,Canada,0.06,True
4d23c3,Malta,125.0,False
a38fc8,United States,161.65,False
a837c0,United States,53.59,False
a01cbc,United States,137.74,False
c05bc8,Canada,257.37,False
a61a3a,United States,90.23,False
c01551,Canada,237.76,False
a837ec,United States,63.97,False
a5c4e2,United States,250.5,False
aa1d49,United States,68.23,False
ac290c,United States,55.91,False
a5c4e1,United States,135.88,False
a25ca4,United States,145.88,False
3deb83,Germany,72.51,False
a14ff4,United States,47.64,False
aa84a9,United States,128.39,False
84b5ac,Japan,142.62,False
a1930e,United States,230.07,False
a5c4f4,United States,226.3,False
ad6a89,United States,41.37,False
4d23a4,Malta,212.31,False
a34939,United States,34.93,False
a48a8f,United States,194.75,False
aa97bd,United States,93.29,False
a38fa4,United States,246.56,False
a86d36,United States,250.42,False
a51fde,United States,49.45,False
4bd0d4,Turkey,265.5,False
ac27a6,United States,155.75,False
4d23f9,Malta,229.11,False
a4eca6,United States,176.78,False
a19361,United States,89.29,False
4d23f8,Malta,230.04,False
4d23ea,Malta,237.25,False
3c2141,Germany,231.59,False
514005,Georgia,0.0,True
514004,Georgia,74.59,True
a9a901,United States,235.7,False
a4b96d,United States,95.17,False
a06067,United States,202.05,False
a21692,United States,42.7,False
a4ffe9,United States,212.36,False
a19372,United States,197.7,False
a4b973,United States,0.0,True
4d23fd,Malta,239.45,False
a44308,United States,48.36,False
a1099f,United States,237.88,False
ab3d30,United States,54.53,False
a45635,United States,73.07,False
a7062d,United States,69.43,False
a20331,United States,11.13,False
4caf82,Ireland,238.29,False
a19340,United States,0.0,True
a1d003,United States,152.81,False
ab3d39,United States,188.05,False
a3ccf3,United States,114.28,False
a71972,United States,66.08,False
a20347,United States,66.05,False
ab3d41,United States,214.0,False
a34978,United States,237.23,False
4d23db,Malta,245.74,False
c01505,Canada,210.83,False
4caf7e,Ireland,92.37,False
a1939a,United States,172.42,False
ac5d38,United States,37.04,True
4a1eae,Romania,151.47,False
a5d905,United States,153.0,False
389bff,France,4.63,True
ac27cf,United States,239.28,False
a5fa9f,United States,35.51,False
ac27f0,United States,235.61,False
acad02,United States,9.77,True
a0b085,United States,47.29,False
4072c7,United Kingdom,248.96,False
4072c8,United Kingdom,232.84,False
a4433a,United States,147.91,False
a8aa77,United States,211.38,False
a51fbb,United States,41.12,False
ad34b9,United States,229.8,False
a4566a,United States,55.05,False
a1804c,United States,208.87,False
a06072,United States,125.4,False
ad34b4,United States,138.13,False
a5d927,United States,253.27,False
a0d69a,United States,61.71,False
ab2a44,United States,77.78,False
a2f016,United States,232.25,False
ab3d79,United States,74.74,False
a32368,United States,241.3,False
abf4b4,United States,88.61,False
a31038,United States,60.74,False
aa0a92,United States,5.66,True
ab3d6f,United States,243.07,False
ac14e2,United States,66.27,False
a44334,United States,231.0,False
a20388,United States,49.31,False
a8bd6a,United States,238.83,False
a20384,United States,96.83,False
4072a4,United Kingdom,236.99,False
4072a5,United Kingdom,237.14,False
a3dfda,United States,1.29,True
a50cb7,United States,232.86,False
aa0a6e,United States,223.14,False
aac1af,United States,192.86,False
a58962,United States,66.65,False
a31093,United States,28.92,False
a25e11,United States,62.78,False
a8bcd7,United States,50.06,False
a56396,United States,80.75,False
a25e14,United States,55.53,False
c05e8e,Canada,48.36,True
abd135,United States,239.68,False
7505c5,Malaysia,248.9,False
ac0474,United States,61.55,False
a79039,United States,43.22,False
a5a038,United States,49.09,False
ac046e,United States,0.0,True
a098f6,United States,231.47,False
ad6ae6,United States,45.11,False
a6d34b,United States,115.86,False
4d2402,Malta,234.86,False
4d2405,Malta,235.35,False
a9a97f,United States,0.51,True
4d2406,Malta,180.62,False
4d2409,Malta,220.4,False
3485c3,Spain,250.17,False
ab8171,United States,48.23,False
45c86b,Denmark,129.16,False
a12b07,United States,167.95,False
7505bc,Malaysia,272.29,False
abf78f,United States,7.72,True
a6838f,United States,8.23,False
a0b099,United States,52.63,False
e47f76,Brazil,83.03,False
a3239c,United States,57.16,False
a8135b,United States,52.93,False
a8268d,United States,0.9,True
ac048d,United States,147.31,False
a93326,United States,50.16,False
ad1142,United States,202.42,False
acf131,United States,207.94,False
406279,United Kingdom,0.45,True
a79046,United States,0.0,True
c05e9b,Canada,114.62,False
33fe92,Italy,191.58,False
ab09b4,United States,143.94,False
a12b2e,United States,216.82,False
a12b2f,United States,228.64,False
4d2433,Malta,158.24,False
4d2434,Malta,149.02,False
a82643,United States,180.29,False
4cadbe,Ireland,213.35,False
4cadbf,Ireland,240.45,False
a215bd,United States,227.31,False
4cadba,Ireland,226.41,False
4cadbb,Ireland,216.01,False
a7197d,United States,228.18,False
4d241c,Malta,233.9,False
4d241e,Malta,222.53,False
a2ae1b,United States,236.54,False
c05e68,Canada,43.81,False
4d241f,Malta,242.74,False
4d241a,Malta,2.31,True
ab3f18,United States,61.84,False
a6f96c,United States,225.06,False
c015cb,Canada,79.52,False
4cadc1,Ireland,216.69,False
a8262e,United States,178.5,False
a24b15,United States,141.87,False
a00b61,United States,75.0,False
4cadc2,Ireland,244.63,False
4cadc3,Ireland,240.54,False
abd17b,United States,231.87,False
4d2448,Malta,67.01,False
4d2449,Malta,251.76,False
4cade2,Ireland,236.56,False
a6833b,United States,198.17,False
a12b51,United States,229.83,False
4cadcb,Ireland,245.53,False
505846,Slovakia,69.25,False
a12b53,United States,219.46,False
a12b54,United States,236.05,False
a75fdf,United States,220.19,False
4d242d,Malta,85.62,False
a71980,United States,226.86,False
a348ce,United States,87.98,False
adbaca,United States,239.5,False
4d242a,Malta,207.91,False
a5502b,United States,230.7,False
4d242b,Malta,126.64,False
4d242c,Malta,211.09,False
4cadd9,Ireland,199.04,False
ad1175,United States,54.08,False
4d2414,Malta,240.27,False
4d2415,Malta,7.72,True
4d2411,Malta,40.13,True
aa0aab,United States,235.42,False
a6e667,United States,32.48,False
346095,Spain,124.15,False
aa6113,United States,82.41,False
4d2418,Malta,234.68,False
346091,Spain,236.81,False
346090,Spain,241.68,False
aa1de9,United States,84.69,False
4cada7,Ireland,230.27,False
3005e9,Italy,63.6,False
ab2c04,United States,247.6,False
4cada9,Ireland,193.36,False
4cada3,Ireland,209.97,False
4cada4,Ireland,77.76,False
a8cfa9,United States,223.61,False
48ac80,Poland,213.74,False
a2f092,United States,212.34,False
48ac81,Poland,129.79,False
a9a929,United States,196.69,False
4d2426,Malta,194.61,False
4cadc0,Ireland,233.61,False
4d2427,Malta,222.45,False
abd19e,United States,177.39,False
4d2421,Malta,212.11,False
a6d326,United States,131.13,False
346088,Spain,224.35,False
4d2423,Malta,125.52,False
346082,Spain,215.63,False
4cadac,Ireland,136.93,False
4d2429,Malta,207.3,False
4cadaa,Ireland,254.09,False
a12b32,United States,264.9,False
4d240c,Malta,210.34,False
ab2c11,United States,0.0,True
4d240d,Malta,152.93,False
4cadb8,Ireland,240.91,False
4cadb9,Ireland,229.11,False
c05e72,Canada,241.46,False
a7f302,United States,88.37,False
4d240f,Malta,218.06,False
4d2479,Malta,207.01,False
406222,United Kingdom,216.24,False
a37e6c,United States,246.63,False
4d2475,Malta,219.15,False
406229,United Kingdom,228.39,False
a5d8d3,United States,218.61,False
aa86cc,United States,256.46,False
3c7a47,Germany,253.94,False
4cadfd,Ireland,229.35,False
4cadff,Ireland,204.84,False
a335f4,United States,0.0,True
40753c,United Kingdom,212.71,False
40753d,United Kingdom,234.69,False
4cadfc,Ireland,196.11,False
39c5c6,France,57.29,False
a4ee2e,United States,213.31,False
4d245c,Malta,216.89,False
ab3daf,United States,179.47,False
ac1720,United States,215.83,False
40753f,United Kingdom,222.61,False
4bd152,Turkey,117.48,False
a36b50,United States,223.12,False
a37e80,United States,195.47,False
ab3dc3,United States,244.47,False
3c7a51,Germany,259.4,False
a37e5a,United States,190.05,False
347394,Spain,57.22,False
a4ee59,United States,60.71,False
4d2489,Malta,220.73,False
4d247b,Malta,133.92,False
ac0400,United States,55.8,False
4d247c,Malta,83.75,False
34604b,Spain,8.75,True
a37e71,United States,98.71,False
a575e0,United States,138.03,False
407539,United Kingdom,46.86,False
4d2484,Malta,198.07,False
86d266,Japan,210.42,False
a455c7,United States,0.0,True
a36b2d,United States,244.3,False
a12b4d,United States,239.22,False
4cadf0,Ireland,234.28,False
407534,United Kingdom,119.56,False
4cadf2,Ireland,202.82,False
ac0418,United States,4.12,True
a24b40,United States,226.41,False
407537,United Kingdom,63.28,False
347386,Spain,222.85,False
4d2455,Malta,229.29,False
407535,United Kingdom,235.72,False
407536,United Kingdom,226.64,False
347381,Spain,50.66,False
a86e1d,United States,220.28,False
4caddd,Ireland,147.98,False
a575e7,United States,62.87,False
40751b,United Kingdom,235.24,False
a3bb56,United States,134.29,False
4d243b,Malta,212.82,False
40751c,United Kingdom,234.95,False
a1e2b6,United States,104.95,False
c028f0,Canada,161.55,False
4cade7,Ireland,231.96,False
4d2450,Malta,234.0,False
4cade3,Ireland,246.32,False
4cade4,Ireland,227.95,False
a825a6,United States,183.52,False
4cade6,Ireland,208.57,False
a12b4c,United States,254.01,False
390e69,France,65.8,False
a9206b,United States,43.95,False
346047,Spain,216.59,False
4d2464,Malta,179.69,False
346043,Spain,230.57,False
4d245a,Malta,66.15,False
4caded,Ireland,208.65,False
4cadea,Ireland,240.87,False
a4db2d,United States,46.14,False
a4db2c,United States,44.66,False
4d244b,Malta,198.55,False
4d244c,Malta,241.59,False
a00b91,United States,69.97,False
4cadf8,Ireland,99.95,False
4cadf9,Ireland,232.34,False
a202c7,United States,51.14,False
a24b49,United States,153.17,False
4cadf4,Ireland,86.05,False
4cadf5,Ireland,156.92,False
ab8112,United States,270.1,False
4cadf6,Ireland,227.51,False
4cadf7,Ireland,216.59,False
0a80c2,Bahamas,71.52,False
a4ee03,United States,50.82,False
ad7dc8,United States,75.45,False
a442f3,United States,237.87,False
e47f50,Brazil,75.05,False
e47f51,Brazil,75.36,False
a5a06f,United States,73.76,False
34734f,Spain,222.13,False
40757f,United Kingdom,227.54,False
40624f,United Kingdom,137.13,False
a67087,United States,115.99,False
ac042f,United States,57.48,False
e4bc02,Brazil,246.42,False
abe40a,United States,147.25,False
ac042a,United States,240.56,False
aac444,United States,261.96,False
aad780,United States,268.55,False
ac0448,United States,243.66,False
347350,Spain,1.03,True
a37e9b,United States,204.2,False
ab2ad8,United States,250.95,False
347352,Spain,51.35,False
406250,United Kingdom,193.17,False
4bd18a,Turkey,205.33,False
40756d,United Kingdom,237.43,False
40756e,United Kingdom,0.77,True
869582,Japan,218.99,False
ab2ae0,United States,231.2,False
40756b,United Kingdom,216.01,False
40756c,United Kingdom,239.23,False
40756a,United Kingdom,243.53,False
347349,Spain,256.41,False
407575,United Kingdom,0.0,True
a1e2f8,United States,47.92,False
4d248d,Malta,164.5,False
4d248e,Malta,121.23,False
407573,United Kingdom,253.31,False
407574,United Kingdom,78.37,False
abe448,United States,0.0,False
4d248a,Malta,207.19,False
40755f,United Kingdom,227.78,False
40622b,United Kingdom,147.11,False
a36b73,United States,236.71,False
4d247e,Malta,220.69,False
4d2493,Malta,233.16,False
4d2491,Malta,206.42,False
4d2492,Malta,203.12,False
a335fa,United States,231.3,False
ac4ace,United States,254.24,False
400be5,United Kingdom,114.56,False
e47f43,Brazil,118.43,False
406231,United Kingdom,205.99,False
abe450,United States,238.34,False
acadd3,United States,4.63,True
40621c,United Kingdom,250.33,False
ad2445,United States,233.54,False
a7907c,United States,204.64,False
ad7e6f,United States,254.77,False
c01694,Canada,4.89,True
ac5e8d,United States,7.46,True
ac5e8e,United States,69.06,False
424c90,United Kingdom,45.89,False
a33716,United States,234.64,False
346105,Spain,4.02,False
a4db95,United States,45.8,False
a8ab3c,United States,227.08,False
abe2e1,United States,145.99,False
a0d72b,United States,77.85,False
4cae14,Ireland,143.69,False
c05cf1,Canada,44.54,False
ad6b42,United States,49.14,False
4cae11,Ireland,241.7,False
aa72ec,United States,43.55,False
ad35ef,United States,234.33,False
ac4b72,United States,137.91,False
a9de37,United States,48.0,False
a08739,United States,74.48,False
acae8e,United States,166.0,False
a7f2d2,United States,261.48,False
acae7c,United States,40.65,False
ac4b95,United States,198.81,False
33fceb,Italy,235.37,False
a12ac8,United States,249.16,False
4cae49,Ireland,250.64,False
a13df9,United States,38.79,False
a3373a,United States,246.18,False
4cae48,Ireland,230.23,False
a50e93,United States,250.06,False
a24aa7,United States,68.65,False
a49da3,United States,235.14,False
a73b38,United States,185.89,False
a12ac0,United States,249.98,False
a12ac3,United States,144.69,False
a0878e,United States,233.99,False
c01657,Canada,57.23,False
a12ad5,United States,33.99,False
c05cb6,Canada,41.09,False
a1e414,United States,53.82,False
acae9a,United States,130.29,False
4cae56,Ireland,0.9,True
a562e8,United States,240.79,False
4cae57,Ireland,119.87,False
4d22b0,Malta,236.05,False
4cae58,Ireland,247.36,False
4cae59,Ireland,224.38,False
4d22b1,Malta,241.61,False
4cae52,Ireland,155.79,False
4cae53,Ireland,145.48,False
4cae54,Ireland,227.94,False
4cae55,Ireland,245.33,False
a73b27,United States,46.44,False
424c60,United Kingdom,120.69,False
a4ee7e,United States,90.85,False
a1f73d,United States,44.59,False
a33743,United States,112.21,False
424c62,United Kingdom,242.07,False
aa72b1,United States,205.67,False
a37da1,United States,199.45,False
a12aa4,United States,251.73,False
adbb92,United States,191.36,False
a0c40d,United States,67.83,False
a85b34,United States,25.87,False
a1e411,United States,218.65,False
a37da9,United States,107.21,False
a0876c,United States,71.51,False
a958d2,United States,249.41,False
4cae1f,Ireland,0.0,True
424c87,United Kingdom,152.91,False
4cae1c,Ireland,241.04,False
4cae1e,Ireland,235.91,False
ad48a9,United States,178.33,False
a32460,United States,120.67,False
a70736,United States,218.73,False
424c15,United Kingdom,7.72,True
a6e720,United States,242.18,False
4cae85,Ireland,239.82,False
a3244a,United States,192.52,False
39c642,France,201.59,False
a3244c,United States,276.96,False
c0292b,Canada,181.72,False
4cae83,Ireland,1.29,True
a20471,United States,179.24,False
a4edc1,United States,46.82,False
4cae84,Ireland,238.64,False
aa1dc1,United States,134.72,False
a2adf4,United States,261.05,False
4d22ca,Malta,2.31,True
a56432,United States,56.53,False
4cae6d,Ireland,223.39,False
a2addf,United States,230.45,False
4cae8d,Ireland,230.8,False
a2f111,United States,230.57,False
a06188,United States,56.29,False
a1f77c,United States,211.82,False
39b326,France,49.34,False
4cae99,Ireland,227.59,False
aa7409,United States,241.21,False
4cae95,Ireland,245.98,False
4cae90,Ireland,237.25,False
4cae91,Ireland,235.97,False
a4a75c,United States,48.12,False
a31122,United States,185.98,False
ac28be,United States,208.96,False
a57774,United States,98.28,False
4073a0,United Kingdom,221.38,False
4d22ae,Malta,215.82,False
a12ae6,United States,241.26,False
4d22af,Malta,239.81,False
a62de4,United States,2.06,True
a12ae8,United States,254.06,False
4cae5a,Ireland,100.5,False
a5faa6,United States,52.78,False
4d22ac,Malta,136.31,False
4d22ad,Malta,232.74,False
a5b41a,United States,35.21,False
4cae68,Ireland,231.99,False
4cae69,Ireland,235.04,False
4d22c1,Malta,236.94,False
4d22c2,Malta,223.36,False
4cae63,Ireland,198.2,False
4cae64,Ireland,227.8,False
4cae60,Ireland,249.55,False
ab2b23,United States,128.47,False
4d22b7,Malta,149.53,False
4cae61,Ireland,90.56,False
4d22b9,Malta,213.64,False
4d22b2,Malta,229.18,False
a32449,United States,231.18,False
a5c756,United States,64.67,False
4d22b5,Malta,112.79,False
a1e453,United States,30.69,False
4cae4a,Ireland,230.61,False
4cae4b,Ireland,219.35,False
4cae4c,Ireland,102.22,False
4cae6a,Ireland,232.54,False
4cae6b,Ireland,228.89,False
a44416,United States,240.34,False
a1d105,United States,228.67,False
4d22be,Malta,5.92,True
a0c45f,United States,51.28,False
a21799,United States,68.42,False
4cae75,Ireland,225.46,False
a74daf,United States,53.67,False
a25df5,United States,30.58,False
4d22c8,Malta,4.37,True
4d22c3,Malta,249.48,False
a32437,United States,240.13,False
a5a106,United States,50.54,False
a33766,United States,244.99,False
a24abd,United States,52.0,False
a8271b,United States,199.72,False
a25ded,United States,45.39,False
ab2b2c,United States,1.29,True
a0e9a9,United States,52.48,False
aad5ca,United States,266.5,False
a0b199,United States,248.67,False
ad6b14,United States,124.4,False
a9de7c,United States,66.49,False
a1d186,United States,44.92,False
c001ea,Canada,243.72,False
a4a728,United States,49.17,False
3472cc,Spain,230.74,False
a7f2ea,United States,94.14,False
c05d9d,Canada,130.35,False
ab92c4,United States,265.82,False
ab3e82,United States,42.69,False
4073e0,United Kingdom,115.77,False
a7f2dc,United States,193.46,False
4cae9b,Ireland,145.15,False
3c4667,Germany,179.45,False
4cae9c,Ireland,275.26,False
4cae9d,Ireland,222.02,False
39b331,France,43.46,False
4cae9e,Ireland,229.96,False
a099a5,United States,12.44,False
4cae9a,Ireland,220.78,False
a3113a,United States,242.23,False
a3cdc8,United States,30.91,False
a8be7a,United States,41.38,False
ad22a1,United States,58.03,False
a18178,United States,49.09,False
abe2a3,United States,228.44,False
4cae8f,Ireland,253.33,False
adce1a,United States,146.42,False
ad6b0c,United States,232.07,False
ad6b0e,United States,76.7,False
a1d13b,United States,219.26,False
39c672,France,74.38,False
300708,Italy,77.51,False
ad35e0,United States,216.63,False
acae3c,United States,53.84,False
39b32b,France,50.53,False
ac5e6e,United States,199.24,False
a01f0d,United States,181.56,False
abe2b7,United States,67.85,False
4cae9f,Ireland,229.85,False
39b32f,France,26.8,False
abb06d,United States,259.88,False
a1d4ab,United States,190.6,False
a47d11,United States,223.08,False
3ff44a,Germany,46.78,False
407267,United Kingdom,241.62,False
86831e,Japan,4.63,True
ac08b1,United States,215.13,False
a47d05,United States,229.61,False
a051e3,United States,144.9,False
a3ad2d,United States,46.82,False
ac3e13,United States,223.21,False
a3ad2f,United States,56.98,False
a687ab,United States,41.87,False
a11d47,United States,235.62,False
a23d25,United States,240.12,False
a3ad47,United States,237.27,False
3cef03,Germany,213.5,False
a60d10,United States,25.33,False
a9bbdc,United States,74.6,False
a4ba02,United States,223.73,False
a58a04,United States,33.83,False
a687c8,United States,0.0,True
4cacb0,Ireland,214.61,False
a7824e,United States,251.93,False
a2f4dd,United States,142.69,False
a35d79,United States,245.3,False
a47d4f,United States,53.8,False
a47d4c,United States,209.3,False
a7d230,United States,55.26,False
a54299,United States,0.0,True
a8f21d,United States,215.48,False
a10a7b,United States,39.13,False
3ff423,Germany,62.83,False
a0ea77,United States,66.54,False
a35d73,United States,216.03,False
a6c580,United States,87.62,False
4cacb9,Ireland,153.96,False
aafe51,United States,79.96,False
a91253,United States,59.73,False
a34a2c,United States,38.98,False
a291d7,United States,236.65,False
aaeb0e,United States,236.94,False
aa404c,United States,38.59,False
a47d46,United States,232.06,False
a314d9,United States,208.53,False
4b934d,Turkey,193.23,False
348397,Spain,59.34,False
348396,Spain,43.18,False
ab72b3,United States,236.83,False
a434ac,United States,59.3,False
ab0b42,United States,125.76,False
ad28ce,United States,205.66,False
a91225,United States,61.82,False
a8aef3,United States,220.2,False
4d2303,Malta,142.24,False
4d2304,Malta,207.47,False
a0fd7b,United States,132.84,False
4d2300,Malta,10.8,True
4d2301,Malta,206.03,False
a567a9,United States,44.47,False
348383,Spain,166.95,False
a80595,United States,255.18,False
ac08fa,United States,212.7,False
a567a1,United States,57.11,False
a22a3d,United States,57.63,False
a09a87,United States,244.22,False
aafe70,United States,41.21,False
ad4b05,United States,229.03,False
abe8f2,United States,0.0,True
a327ee,United States,5.14,True
a6c58d,United States,65.11,False
4cacf1,Ireland,236.88,False
a1e903,United States,2.06,True
aafce6,United States,225.6,False
3c56ed,Germany,223.32,False
a95a03,United States,149.88,False
4d234a,Malta,202.18,False
4d234b,Malta,124.97,False
4cacdf,Ireland,224.12,False
aa9b65,United States,220.02,False
4d2350,Malta,233.32,False
a84d49,United States,41.56,False
4d2351,Malta,195.58,False
aaa342,United States,214.53,False
a794e1,United States,241.58,False
a5a4cc,United States,96.88,False
3c56ec,Germany,144.08,False
3c56eb,Germany,156.84,False
ab8681,United States,60.91,False
3c56ea,Germany,244.73,False
4d2369,Malta,239.76,False
4d2368,Malta,229.07,False
a00fbc,United States,28.07,False
a817db,United States,48.88,False
a301f3,United States,237.62,False
a661bf,United States,250.59,False
abb007,United States,252.03,False
ac8009,United States,182.17,False
a2090d,United States,12.35,True
aa9b58,United States,81.36,False
4d234c,Malta,236.22,False
4d234d,Malta,6.69,True
4d234e,Malta,0.0,True
4d234f,Malta,245.21,False
a674f4,United States,251.12,False
a794d0,United States,55.0,False
ac099a,United States,235.99,False
ad6ff2,United States,228.92,False
4d2336,Malta,216.02,False
a4ba76,United States,208.66,False
4d2338,Malta,237.36,False
a2e1ce,United States,214.09,False
800b30,India,203.42,False
4cacbd,Ireland,65.79,False
a2e1bf,United States,228.5,False
ad1666,United States,238.28,False
3985a7,France,152.14,False
a434f9,United States,229.15,False
3985a9,France,250.84,False
aa9b42,United States,225.61,False
4cace0,Ireland,5.4,True
4d2347,Malta,246.86,False
800b44,India,80.25,False
4d2349,Malta,222.83,False
4d2346,Malta,117.33,False
abd685,United States,56.6,False
a924a8,United States,75.41,False
aa65cf,United States,58.64,False
abb00c,United States,49.39,False
ad5ce0,United States,95.97,False
ac801e,United States,173.7,False
a434e6,United States,61.12,False
a1e946,United States,0.0,True
800b99,India,227.6,False
a11cb6,United States,23.38,False
4d238c,Malta,0.0,True
ace354,United States,117.5,False
4849ec,Kingdom of the Netherlands,57.11,False
a59d48,United States,32.43,False
ab6061,United States,64.77,False
a6d7c9,United States,227.0,False
acd028,United States,52.18,False
a12fcd,United States,210.09,False
aa52a0,United States,197.73,False
4d2395,Malta,212.76,False
4d2390,Malta,226.17,False
ab7394,United States,6.94,True
a817b1,United States,127.45,False
4d2392,Malta,255.33,False
a3ad5a,United States,6.17,True
a44918,United States,7.2,True
e03613,Argentina,236.29,False
abd69d,United States,239.68,False
a58a28,United States,31.32,False
a1e939,United States,94.65,False
4d239c,Malta,246.72,False
a59d63,United States,212.04,False
a12fda,United States,246.69,False
ad1697,United States,243.93,False
acd00a,United States,54.99,False
800b9e,India,80.67,False
348318,Spain,46.3,False
a0c968,United States,133.23,False
a0665b,United States,100.87,False
348311,Spain,172.04,False
a5a4c1,United States,240.82,False
ad036e,United States,226.72,False
4d236a,Malta,235.96,False
ac8067,United States,72.76,False
4d236b,Malta,200.97,False
4d236c,Malta,209.53,False
a20930,United States,229.87,False
ace371,United States,48.84,False
ab6081,United States,228.17,False
a46a7e,United States,237.31,False
a4cd4e,United States,76.34,False
a84d25,United States,169.01,False
348305,Spain,201.91,False
348302,Spain,52.78,False
a4ba43,United States,60.23,False
4d2387,Malta,239.07,False
acd01e,United States,55.83,False
4703a9,Hungary,52.72,False
ace365,United States,136.53,False
3c56f0,Germany,153.47,False
800b80,India,231.68,False
c007d0,Canada,238.43,False
3c56f4,Germany,133.18,False
3c56f3,Germany,245.39,False
3c56f2,Germany,222.31,False
a06646,United States,139.79,False
4d2384,Malta,229.61,False
300394,Italy,234.17,False
4d2385,Malta,252.24,False
a44969,United States,139.83,False
348412,Spain,174.72,False
a44960,United States,250.23,False
a1600b,United States,218.26,False
0d0ecf,Mexico,224.35,False
8694d8,Japan,272.51,False
a44963,United States,260.14,False
a1600d,United States,66.24,False
a1e97f,United States,264.33,False
348401,Spain,1.8,True
ab9937,United States,58.57,False
a6fa94,United States,83.14,False
3c5824,Germany,159.92,False
04c238,Kenya,116.09,False
a4493f,United States,242.59,False
a4493e,United States,247.76,False
a3bfda,United States,62.94,False
a1d63d,United States,230.68,False
a0669d,United States,218.38,False
3ff3f3,Germany,43.19,False
a23ccb,United States,211.86,False
a11cd2,United States,42.07,False
a8f1d1,United States,78.91,False
4d228f,Malta,230.55,False
a44943,United States,1.03,True
a6893e,United States,266.29,False
4d2290,Malta,236.61,False
aab616,United States,156.0,False
a0b643,United States,67.98,False
a4dfd8,United States,0.0,True
a54312,United States,190.38,False
a0fcd4,United States,55.05,False
a68960,United States,70.69,False
abe930,United States,119.36,False
aab60b,United States,93.24,False
a20980,United States,242.6,False
4d229d,Malta,183.51,False
a4491d,United States,257.66,False
a0b658,United States,134.7,False
a5b954,United States,232.68,False
a4491f,United States,224.69,False
ab861e,United States,39.73,False
a0667b,United States,207.83,False
a55655,United States,210.34,False
4083d1,United Kingdom,117.8,False
4cad28,Ireland,241.6,False
4cad29,Ireland,216.25,False
ad6fb5,United States,33.44,False
ad292a,United States,0.06,True
4cad25,Ireland,42.82,False
aa9a7a,United States,2.83,True
a41014,United States,190.55,False
a9bd54,United States,82.94,False
c03bfb,Canada,217.18,False
4cad0f,Ireland,119.73,False
0d0ea1,Mexico,203.86,False
ab9972,United States,38.19,False
a2803d,United States,184.26,False
a9bd3d,United States,65.41,False
398600,France,238.23,False
abd627,United States,257.58,False
398601,France,220.43,False
c03bf7,Canada,258.8,False
398602,France,218.67,False
a1b024,United States,53.2,False
a781d7,United States,11.32,True
a28036,United States,200.2,False
398604,France,157.82,False
ad1619,United States,34.33,False
a8f1c3,United States,54.87,False
ac4fd8,United States,271.3,False
4cad1f,Ireland,206.6,False
0d0eb6,Mexico,228.83,False
aafcb7,United States,189.08,False
a44988,United States,139.49,False
4070eb,United Kingdom,220.75,False
a44983,United States,197.34,False
a44981,United States,242.84,False
4070ea,United Kingdom,238.6,False
a36fff,United States,1.03,True
4070ef,United Kingdom,132.75,False
a3298a,United States,0.0,True
4070ed,United Kingdom,236.32,False
a1e99f,United States,57.64,False
a1d684,United States,71.6,False
0d0ec2,Mexico,234.4,False
0d0ec4,Mexico,224.97,False
abe94c,United States,55.51,False
0d0ec8,Mexico,241.56,False
a16037,United States,252.27,False
4070f0,United Kingdom,235.59,False
4cad13,Ireland,43.92,False
4cad10,Ireland,205.29,False
4cad11,Ireland,129.41,False
4cad12,Ireland,231.5,False
a36ffc,United States,186.48,False
4070e8,United Kingdom,241.06,False
4070e9,United Kingdom,230.3,False
a1e98f,United States,43.65,False
4070e2,United Kingdom,239.85,False
4070e3,United Kingdom,248.24,False
a48fcf,United States,218.11,False
4070e6,United Kingdom,230.11,False
4070e7,United Kingdom,167.46,False
a4495c,United States,5.66,True
4070e4,United Kingdom,248.83,False
4070e5,United Kingdom,165.34,False
aafd4d,United States,228.23,False
a81990,United States,133.24,False
ab1d5e,United States,227.59,False
a5435c,United States,54.69,False
a1c39b,United States,64.4,False
a7d316,United States,266.73,False
a2807a,United States,232.41,False
aa4027,United States,35.22,False
151fdc,Russian Federation,209.43,False
abe7e3,United States,0.0,True
4c01e2,Serbia,7.72,True
151fdd,Russian Federation,212.28,False
a6766e,United States,225.96,False
4d21aa,Malta,202.86,False
4cad4c,Ireland,205.6,False
a1b084,United States,79.01,False
a5ece3,United States,266.27,False
a0c8b8,United States,68.78,False
398640,France,243.56,False
4d21be,Malta,66.54,False
a28075,United States,54.82,False
ac07fd,United States,238.34,False
a6c652,United States,51.35,False
a3f04a,United States,234.1,False
401c05,United Kingdom,55.19,False
4d21d4,Malta,225.45,False
151fd9,Russian Federation,223.1,False
4d21c8,Malta,250.27,False
4c01f2,Serbia,220.89,False
a8196b,United States,50.51,False
4c01f5,Serbia,219.6,False
a078e3,United States,90.0,False
4c01f4,Serbia,228.8,False
a93997,United States,196.61,False
4cad5e,Ireland,3.86,True
a7e630,United States,227.33,False
ab1d7c,United States,61.14,False
ac3d76,United States,86.87,False
3c4588,Germany,242.08,False
4c01b2,Serbia,224.61,False
a6c680,United States,34.5,False
4cad42,Ireland,241.11,False
4cad45,Ireland,235.48,False
3482d8,Spain,5.66,True
a1c397,United States,70.29,False
3c4582,Germany,242.28,False
a6b34e,United States,54.02,False
4cad2a,Ireland,55.22,False
a1b063,United States,64.03,False
3c4598,Germany,123.15,False
aaea4a,United States,166.57,False
151ff4,Russian Federation,27.99,False
151ff6,Russian Federation,4.12,False
ab0a73,United States,4.63,True
a80677,United States,208.19,False
151ff9,Russian Federation,277.89,False
4cad54,Ireland,244.19,False
4cad55,Ireland,2.83,True
04c27e,Kenya,239.07,False
ab0a76,United States,139.51,False
a3169a,United States,94.52,False
4d21a2,Malta,188.75,False
a1c386,United States,48.02,False
4cad3e,Ireland,214.16,False
a92640,United States,12.39,False
4cad3f,Ireland,248.7,False
aa797d,United States,220.21,False
a3f085,United States,230.52,False
3c4591,Germany,3.6,True
4cad3a,Ireland,229.02,False
a8065e,United States,135.19,False
a4233e,United States,67.06,False
4cad3b,Ireland,236.94,False
a91314,United States,88.9,False
4cad3c,Ireland,243.21,False
3c4594,Germany,288.11,False
4cad3d,Ireland,80.87,False
3c5853,Germany,238.18,False
a11e3a,United States,70.2,False
4cad9f,Ireland,86.55,False
4d21ef,Malta,126.46,False
a1e8bb,United States,129.9,False
ad14f9,United States,139.41,False
a41090,United States,210.24,False
ab0a88,United States,224.42,False
4083c6,United Kingdom,75.76,False
4d21f7,Malta,234.71,False
ace1af,United States,4.37,True
a41096,United States,187.93,False
ad01ab,United States,227.33,False
4d21eb,Malta,226.86,False
4d21ec,Malta,193.77,False
4d21ed,Malta,213.02,False
86e4da,Japan,272.27,False
c00843,Canada,72.02,False
a53006,United States,265.41,False
4d21ea,Malta,239.16,False
4083ad,United Kingdom,243.6,False
a2d090,United States,47.34,False
a6c617,United States,50.53,False
a85fb8,United States,226.61,False
aaea6a,United States,121.2,False
a185c6,United States,68.75,False
aaea84,United States,240.71,False
abd4fa,United States,221.8,False
4083b7,United Kingdom,50.99,False
8694fa,Japan,105.13,False
4d21fc,Malta,241.28,False
4d21fd,Malta,293.15,False
4d21fe,Malta,228.9,False
4d21ff,Malta,52.23,False
a72ca2,United States,258.24,False
a198ed,United States,234.61,False
4cad7a,Ireland,126.9,False
4cad7b,Ireland,257.89,False
4cad7c,Ireland,264.86,False
4cad7d,Ireland,1.03,True
4d21ce,Malta,228.72,False
3ceec4,Germany,56.79,False
4d21e2,Malta,61.5,False
4c01ed,Serbia,208.42,False
151fc5,Russian Federation,182.37,False
4cad87,Ireland,227.14,False
3ff3fd,Germany,45.67,False
4cad89,Ireland,229.98,False
abc1da,United States,0.64,True
a208b1,United States,235.63,False
a9bd9a,United States,261.56,False
4cad6d,Ireland,126.26,False
a8062b,United States,141.99,False
a54357,United States,36.53,False
ab0a9d,United States,256.7,False
ad4a6e,United States,54.53,False
a6c635,United States,58.89,False
4d21f6,Malta,229.65,False
a6b301,United States,48.83,False
a66346,United States,256.35,False
4cad97,Ireland,197.76,False
4d21f0,Malta,239.8,False
4cad98,Ireland,204.17,False
4d21f1,Malta,201.63,False
ad5d95,United States,205.54,False
151fb8,Russian Federation,50.39,False
4cad93,Ireland,171.83,False
a1b092,United States,236.3,False
4d21e6,Malta,187.56,False
4cad91,Ireland,92.19,False
4d21e9,Malta,72.07,False
4d21db,Malta,0.0,True
a23e14,United States,65.92,False
4d21dc,Malta,211.39,False
4d21dd,Malta,240.87,False
4cad7e,Ireland,265.79,False
3ec0fa,Germany,30.3,False
a2f5c8,United States,60.33,False
a4ce21,United States,230.68,False
a172d3,United States,53.61,False
a302a0,United States,195.49,False
a052db,United States,150.91,False
a4ce28,United States,263.05,False
a6509d,United States,148.7,False
a448db,United States,212.07,False
aac9bd,United States,55.46,False
a172c9,United States,5.66,True
ac09c3,United States,68.19,False
a5ee13,United States,1.54,True
a7d394,United States,48.57,False
a34b1b,United States,208.39,False
a22b34,United States,40.8,False
0c43a8,Dominican Republic,184.28,False
a568e8,United States,0.0,True
a4ce30,United States,111.88,False
a5b8c2,United States,148.69,False
45898c,Denmark,52.93,False
a10b74,United States,78.01,False
4b081a,Switzerland,50.21,False
a0a2bd,United States,234.71,False
45d970,Denmark,228.58,False
800c09,India,61.34,False
a0fe4a,United States,247.06,False
a052c8,United States,184.24,False
a34b08,United States,239.69,False
a5b8d1,United States,84.69,False
a555c3,United States,217.09,False
a448ba,United States,85.4,False
e8c0a3,Peru,193.24,False
39c466,France,232.84,False
a91382,United States,184.42,False
ab86c4,United States,71.47,False
4d20ed,Malta,205.89,False
e03545,Argentina,133.24,False
a60e33,United States,69.5,False
a688d4,United States,19.72,False
a9bcf5,United States,42.14,False
3ff31a,Germany,74.19,False
adf16f,United States,77.81,False
aaec17,United States,63.63,False
a185f3,United States,0.0,True
39c475,France,48.49,False
a11e77,United States,34.71,False
4d20fd,Malta,239.36,False
abe9d3,United States,53.59,False
4d20fb,Malta,239.55,False
a34b5b,United States,90.91,False
a1c2f1,United States,222.24,False
aaec31,United States,46.99,False
a34b76,United States,89.71,False
a6b381,United States,64.84,False
a23e9a,United States,60.39,False
a6504e,United States,43.01,False
34718d,Spain,277.24,False
aab6cd,United States,57.14,False
485a82,Kingdom of the Netherlands,229.61,False
800c43,India,246.63,False
485a83,Kingdom of the Netherlands,240.44,False
ac93a6,United States,35.82,False
485a81,Kingdom of the Netherlands,231.7,False
a7c00f,United States,92.03,False
485a85,Kingdom of the Netherlands,210.17,False
a5307f,United States,219.98,False
4d2209,Malta,237.34,False
a7d33c,United States,237.16,False
800c3c,India,216.64,False
800c3a,India,10.29,True
71bd79,Republic of Korea,222.19,False
a1d5ed,United States,53.11,False
a77077,United States,3.86,True
a6a068,United States,54.53,False
33fc82,Italy,37.84,False
800c0b,India,191.93,False
a35e6f,United States,77.51,False
aa9afc,United States,244.11,False
ab73ca,United States,238.81,False
a35e5b,United States,103.07,False
a292c9,United States,204.67,False
a4ce11,United States,235.2,False
ac2c56,United States,164.15,False
0d0f42,Mexico,54.88,False
0d0f49,Mexico,217.14,False
a23e8d,United States,50.66,False
ac3dec,United States,155.85,False
4d2238,Malta,105.59,False
ac2abd,United States,235.59,False
4d2239,Malta,235.31,False
4d2234,Malta,111.26,False
4d2235,Malta,216.84,False
4d2236,Malta,220.65,False
a9ab05,United States,2.57,True
aa40cc,United States,211.16,False
ac9451,United States,236.21,False
4d222a,Malta,228.69,False
34714e,Spain,0.0,True
4d221f,Malta,227.9,False
3986e7,France,173.81,False
3986e8,France,243.55,False
3986e2,France,236.38,False
a422fb,United States,36.46,False
a06738,United States,65.36,False
3986e4,France,175.54,False
acf763,United States,47.73,False
4d2230,Malta,175.11,False
3986e9,France,226.62,False
aa9c84,United States,202.29,False
4d2248,Malta,214.76,False
aaeae5,United States,148.11,False
a71b43,United States,235.42,False
800c85,India,114.3,False
4d2244,Malta,10.29,True
4d2245,Malta,234.14,False
4d2247,Malta,245.45,False
800c89,India,232.64,False
4c0261,Serbia,214.14,False
a6c5cb,United States,41.81,False
4d223b,Malta,229.06,False
096028,Cape Verde,216.73,False
a05410,United States,243.96,False
4c0260,Serbia,11.32,True
a7e5c1,United States,0.0,True
4d222f,Malta,260.21,False
aaeade,United States,41.69,False
4d222b,Malta,0.0,True
4d222c,Malta,248.89,False
4d222d,Malta,244.4,False
4d222e,Malta,234.92,False
4d2240,Malta,202.74,False
4d2241,Malta,230.3,False
4d2242,Malta,142.55,False
4d2243,Malta,226.73,False
a0540a,United States,243.24,False
a6fb32,United States,237.63,False
a422f7,United States,237.56,False
4d2217,Malta,7.72,True
4d2218,Malta,206.82,False
4d2211,Malta,171.8,False
4d2212,Malta,214.18,False
acd120,United States,207.75,False
a4bb8a,United States,235.16,False
a7d2ae,United States,220.16,False
a22b8d,United States,48.31,False
a06716,United States,250.86,False
485a35,Kingdom of the Netherlands,209.47,False
485a33,Kingdom of the Netherlands,220.29,False
abd77e,United States,237.43,False
4d2210,Malta,230.54,False
485a34,Kingdom of the Netherlands,159.51,False
ab6162,United States,8.23,True
4d2226,Malta,229.87,False
4d2228,Malta,130.3,False
4d2229,Malta,243.38,False
4d2222,Malta,82.98,False
4d2223,Malta,240.75,False
ace440,United States,79.84,False
4c0242,Serbia,112.27,False
4c0241,Serbia,105.71,False
4d220c,Malta,218.37,False
abb12d,United States,7.2,True
4d2221,Malta,224.06,False
a938ae,United States,40.98,False
a2f70b,United States,179.51,False
acd12f,United States,48.4,False
4d2278,Malta,231.06,False
acd12e,United States,57.6,False
4d2279,Malta,119.0,False
aa66f6,United States,68.54,False
4d226b,Malta,148.67,False
4d226c,Malta,95.36,False
4d226d,Malta,241.46,False
ae1136,United States,149.72,False
4d226e,Malta,236.98,False
a59e68,United States,247.73,False
4d226a,Malta,234.37,False
a5ee51,United States,236.77,False
40600d,United Kingdom,106.61,False
4d225e,Malta,244.04,False
4d2274,Malta,0.0,True
4d2275,Malta,231.97,False
a688f4,United States,48.37,False
4d2270,Malta,225.1,False
4d2271,Malta,237.31,False
406014,United Kingdom,227.43,False
406016,United Kingdom,251.15,False
4d2288,Malta,229.47,False
406017,United Kingdom,233.56,False
4d227c,Malta,244.04,False
aa66db,United States,75.11,False
a5a5d3,United States,68.48,False
4d227f,Malta,224.55,False
a688ff,United States,171.86,False
4d227a,Malta,221.83,False
406011,United Kingdom,184.5,False
a84e0c,United States,141.68,False
ab99a5,United States,0.0,False
a6c5a2,United States,56.22,False
ace468,United States,120.0,False
acd135,United States,241.75,False
4d2286,Malta,215.46,False
4d2280,Malta,1.29,True
4d2259,Malta,243.15,False
a0540d,United States,252.66,False
ab618b,United States,209.39,False
abc49b,United States,231.15,False
4d2255,Malta,218.03,False
a72e60,United States,64.08,False
a72e69,United States,243.79,False
4d224b,Malta,195.84,False
4d224c,Malta,239.85,False
3c55c2,Germany,238.15,False
3c55c1,Germany,137.15,False
a6fb0b,United States,78.23,False
30048f,Italy,223.49,False
40731c,United Kingdom,234.21,False
a31714,United States,145.93,False
a71b2b,United States,83.18,False
a72e5b,United States,36.38,False
abb172,United States,0.0,True
4d2251,Malta,199.09,False
a0541b,United States,1.03,True
a662b6,United States,123.94,False
4d2250,Malta,224.43,False
4d2268,Malta,1.8,True
4d225a,Malta,234.62,False
4d225b,Malta,268.02,False
4d225c,Malta,66.95,False
a675ef,United States,53.42,False
a06763,United States,44.8,False
ac3f09,United States,239.21,False
3c55c6,Germany,241.27,False
aa9c10,United States,41.89,False
a1872f,United States,52.78,False
4cabec,Ireland,212.49,False
4d224d,Malta,230.58,False
3c55c9,Germany,205.75,False
4d224e,Malta,186.8,False
4d224f,Malta,188.52,False
3c55c8,Germany,206.73,False
4d2263,Malta,229.22,False
4d2264,Malta,241.36,False
4d2265,Malta,240.85,False
3d0e31,Germany,50.41,False
a5db2c,United States,245.53,False
4d2260,Malta,231.25,False
4cabf8,Ireland,191.98,False
4d2261,Malta,242.5,False
71005a,Saudi Arabia,257.35,False
71005e,Saudi Arabia,255.25,False
71005d,Saudi Arabia,244.57,False
a22ac6,United States,226.68,False
400a7d,United Kingdom,132.84,False
400a7c,United Kingdom,82.12,False
a9ab87,United States,256.98,False
710070,Saudi Arabia,261.35,False
4d2190,Malta,237.42,False
710071,Saudi Arabia,249.2,False
0d0dc4,Mexico,237.5,False
a83b9e,United States,67.66,False
a3add3,United States,161.7,False
a1b103,United States,77.93,False
a5440c,United States,43.8,False
493297,Portugal,197.8,False
0d0dd3,Mexico,229.89,False
49328b,Portugal,232.85,False
a0415e,United States,33.83,False
a35dd4,United States,34.47,False
aafda1,United States,116.38,False
71007c,Saudi Arabia,224.81,False
4d216e,Malta,227.67,False
a35dae,United States,233.67,False
a06796,United States,53.39,False
4b19ef,Switzerland,119.71,False
4071d9,United Kingdom,219.18,False
493287,Portugal,215.05,False
493285,Portugal,216.77,False
8682da,Japan,242.4,False
493284,Portugal,199.71,False
348508,Spain,164.99,False
348509,Spain,223.37,False
acf703,United States,42.91,False
c0809e,Canada,137.52,False
a9ab70,United States,125.1,False
0d0dda,Mexico,30.87,True
a0b782,United States,63.31,False
c08096,Canada,168.63,False
a3f10f,United States,10.8,True
ad1716,United States,50.86,False
a6c70f,United States,164.34,False
a2f721,United States,8.23,True
ab740d,United States,0.0,True
4d2186,Malta,264.5,False
ab8751,United States,244.56,False
a2941b,United States,31.25,False
ad5da1,United States,128.16,False
a9be70,United States,154.24,False
ab1dd5,United States,234.27,False
ad5da7,United States,149.14,False
4cac05,Ireland,108.19,False
a9be74,United States,113.98,False
ab6101,United States,226.98,False
c0803a,Canada,239.21,False
a1b162,United States,244.6,False
ab6108,United States,235.22,False
300564,Italy,198.87,False
a912f0,United States,231.29,False
ab7437,United States,245.58,False
a34ae0,United States,230.29,False
a2e44f,United States,89.92,False
4cac15,Ireland,246.44,False
4b19fc,Switzerland,75.78,False
a96e9a,United States,244.74,False
a3045c,United States,3.34,True
a2f77b,United States,181.35,False
710021,Saudi Arabia,0.0,True
a34ae6,United States,241.01,False
a7d2bc,United States,93.01,False
a1c465,United States,51.01,False
a46ab9,United States,159.52,False
a41110,United States,30.87,False
46d276,Greece,114.79,False
a0a46a,United States,207.0,False
710054,Saudi Arabia,271.07,False
a30460,United States,222.51,False
abc40d,United States,233.46,False
710058,Saudi Arabia,252.3,False
a1c457,United States,62.81,False
a95b57,United States,97.77,False
71002c,Saudi Arabia,68.5,False
ac8111,United States,42.1,False
71002b,Saudi Arabia,264.84,False
a3adb9,United States,147.16,False
ac3de3,United States,182.74,False
a35dec,United States,119.63,False
a17490,United States,224.1,False
ad5daf,United States,220.23,False
abc430,United States,45.39,False
a9be4d,United States,63.23,False
abc41d,United States,27.75,False
151ec5,Russian Federation,212.5,False
a079db,United States,83.7,False
a6c780,United States,228.96,False
151ec8,Russian Federation,205.33,False
a6c781,United States,229.94,False
ab1e90,United States,41.19,False
4cac46,Ireland,262.06,False
ac3e5d,United States,229.46,False
ac92b1,United States,113.72,False
151ebd,Russian Federation,242.26,False
acf5be,United States,266.21,False
71be24,Republic of Korea,213.27,False
00af60,South Africa,91.96,False
4cac54,Ireland,246.89,False
4cac55,Ireland,246.33,False
4cac56,Ireland,233.25,False
acf5b8,United States,137.13,False
c04fff,Canada,224.04,False
4cac53,Ireland,253.62,False
a5449a,United States,154.38,False
71be17,Republic of Korea,223.22,False
a209c0,United States,254.02,False
4cac23,Ireland,124.4,False
4cac20,Ireland,0.0,True
aa5457,United States,225.01,False
151ede,Russian Federation,189.89,False
a65162,United States,259.85,False
4cac0f,Ireland,251.6,False
ac2b61,United States,124.31,False
abc2c8,United States,220.84,False
a0c9b6,United States,72.66,False
c03cf1,Canada,128.34,False
71be46,Republic of Korea,236.4,False
71be43,Republic of Korea,194.99,False
c03cf4,Canada,189.01,False
a53196,United States,50.85,False
a6b463,United States,185.92,False
a41144,United States,121.16,False
a7d43c,United States,249.43,False
ac2b6c,United States,222.51,False
a77147,United States,241.44,False
151ecc,Russian Federation,263.03,False
4cac1e,Ireland,206.73,False
151ecf,Russian Federation,29.2,False
ac92e6,United States,155.18,False
a11f5a,United States,255.47,False
70e08c,Cambodia,81.9,False
aa9ab6,United States,155.4,False
ace2d7,United States,77.63,False
aa542f,United States,236.77,False
4cac7a,Ireland,253.04,False
4d20e6,Malta,234.4,False
4cac87,Ireland,156.14,False
4cac88,Ireland,247.79,False
4d20e1,Malta,232.92,False
4cac89,Ireland,193.22,False
4cac84,Ireland,159.62,False
4cac86,Ireland,224.84,False
3ff2ef,Germany,56.36,False
4d20cc,Malta,224.83,False
a0c9ec,United States,82.43,False
a54458,United States,37.61,False
4cac8c,Ireland,224.56,False
a449af,United States,254.18,False
aa6763,United States,195.67,False
aa6764,United States,100.54,False
ac2b8e,United States,225.22,False
c04fbb,Canada,142.72,False
a0b6cc,United States,268.76,False
3483c2,Spain,50.23,False
a5edbf,United States,219.14,False
a053e3,United States,223.97,False
c04ff4,Canada,145.51,False
a6b435,United States,164.24,False
400a26,United Kingdom,233.68,False
0d0e97,Mexico,240.08,False
a71aad,United States,232.45,False
4d20c0,Malta,231.24,False
a449a4,United States,143.69,False
a449a2,United States,242.14,False
a449a1,United States,233.97,False
abc2fb,United States,228.72,False
a449a8,United States,240.19,False
400a0e,United Kingdom,228.28,False
a77111,United States,203.56,False
c04ff7,Canada,126.73,False
a1d6a7,United States,46.95,False
a1e9ac,United States,230.77,False
a199ef,United States,42.82,False
3c4439,Germany,116.36,False
71be02,Republic of Korea,6.69,True
4d20be,Malta,229.75,False
4d20bf,Malta,235.21,False
4d20d3,Malta,155.42,False
4cac79,Ireland,220.08,False
a79768,United States,237.3,False
a6511d,United States,88.32,False
0d0e9e,Mexico,68.5,False
aa6735,United States,230.38,False
a6777b,United States,49.0,False
a11f59,United States,231.71,False
a3f161,United States,201.96,False
a066f5,United States,51.3,False
c03cb8,Canada,99.39,False
a6606b,United States,85.95,False
ace13e,United States,240.14,False
a062aa,United States,53.62,False
a1f8e1,United States,160.21,False
a9235f,United States,25.06,False
a0c5c6,United States,131.69,False
ad5afe,United States,158.0,False
a2e09a,United States,222.71,False
a195bd,United States,283.04,False
408356,United Kingdom,130.79,False
408357,United Kingdom,249.5,False
a00e86,United States,44.26,False
800d0f,India,127.73,False
e0340c,Argentina,150.25,False
408352,United Kingdom,245.99,False
a3be27,United States,78.2,False
398495,France,132.99,False
40700a,United Kingdom,196.77,False
3e2bf6,Germany,118.45,False
408347,United Kingdom,78.95,False
408346,United Kingdom,235.22,False
a4207c,United States,165.43,False
a4de13,United States,143.44,False
a24e0e,United States,82.83,False
a36e03,United States,103.4,False
adaafa,United States,57.95,False
a2e098,United States,253.55,False
a11b00,United States,0.0,True
7c7c13,Australia,64.19,False
40832c,United Kingdom,168.36,False
acf49d,United States,36.54,False
39844c,France,111.51,False
40832a,United Kingdom,249.09,False
40832b,United Kingdom,252.54,False
a6c39f,United States,2.31,True
398464,France,65.37,False
391ae8,France,42.5,False
40831d,United Kingdom,140.91,False
a92361,United States,5.4,False
a92362,United States,175.06,False
a92365,United States,228.42,False
a4a8d1,United States,34.11,False
a0d8cb,United States,91.35,False
0ae0f4,Costa Rica,55.0,False
a85ce3,United States,231.63,False
ac4f29,United States,8.75,True
a062ec,United States,216.06,False
a35b39,United States,126.59,False
407076,United Kingdom,38.95,False
a8bfeb,United States,232.76,False
a9dfd4,United States,59.94,False
a48e3a,United States,173.75,False
a35b42,United States,245.59,False
a445c7,United States,130.67,False
a97cd7,United States,164.37,False
a6c33f,United States,184.11,False
40838a,United Kingdom,247.2,False
40838b,United Kingdom,250.59,False
a9cca5,United States,207.1,False
a48e46,United States,2.57,True
3aabfa,France,115.79,False
a23b64,United States,49.14,False
3aabfe,France,126.98,False
0ae0e1,Costa Rica,97.89,False
0c20cf,Panama,209.61,False
a35b27,United States,232.01,False
a445ab,United States,235.08,False
a7e318,United States,250.42,False
0c20d5,Panama,234.24,False
a5fcef,United States,240.55,False
ab2f54,United States,221.31,False
a7e310,United States,230.62,False
40837b,United Kingdom,166.16,False
40837c,United Kingdom,31.38,True
a23b55,United States,1.03,True
0c20bb,Panama,243.89,False
a6c365,United States,169.05,False
a12e80,United States,232.76,False
408387,United Kingdom,255.61,False
408388,United Kingdom,234.04,False
408385,United Kingdom,87.78,False
408386,United Kingdom,117.11,False
a6d694,United States,76.66,False
0c20c9,Panama,215.51,False
800d2d,India,243.69,False
a5539c,United States,4.63,True
a445a9,United States,218.63,False
40836b,United Kingdom,214.77,False
a338ee,United States,59.34,False
a445a4,United States,241.4,False
40836c,United Kingdom,0.0,True
a445a2,United States,50.86,False
40836d,United Kingdom,223.59,False
abf9d5,United States,229.12,False
800d41,India,109.86,False
ac4f51,United States,47.4,False
800d40,India,242.08,False
a6c358,United States,265.74,False
0c20ad,Panama,232.83,False
a80353,United States,204.23,False
aa5130,United States,8.23,True
ace19a,United States,261.6,False
40702e,United Kingdom,229.85,False
0ae0bb,Costa Rica,60.84,False
a8299a,United States,70.55,False
ad39cd,United States,215.0,False
a54089,United States,60.94,False
a338db,United States,0.9,True
c842c7,New Zealand,249.24,False
710108,Saudi Arabia,258.88,False
451d8c,Bulgaria,123.65,False
a815b7,United States,187.54,False
4691c5,Greece,228.46,False
a85e2b,United States,253.71,False
4691c2,Greece,237.77,False
ab975c,United States,223.39,False
c03b15,Canada,239.17,False
0c219d,Panama,206.34,False
a445ff,United States,56.79,False
a48e7b,United States,271.38,False
aab431,United States,186.2,False
4caaa8,Ireland,213.43,False
4d2127,Malta,134.15,False
a4cb55,United States,56.02,False
a48e81,United States,0.0,True
0c218a,Panama,1.8,False
ad273b,United States,247.42,False
451d86,Bulgaria,212.65,False
a445ef,United States,214.4,False
c005b5,Canada,63.09,False
451d85,Bulgaria,0.0,True
34810b,Spain,238.16,False
ac3aa8,United States,244.97,False
aa0f6c,United States,4.63,True
710100,Saudi Arabia,249.76,False
710104,Saudi Arabia,109.99,False
a815a5,United States,165.95,False
0c2194,Panama,228.89,False
710102,Saudi Arabia,245.61,False
710101,Saudi Arabia,228.46,False
0c2189,Panama,243.14,False
0c2188,Panama,253.83,False
a59b5e,United States,6.43,True
010161,Egypt,235.15,False
010163,Egypt,259.75,False
0c217b,Panama,214.9,False
3889ff,France,2.57,True
010153,Egypt,269.0,False
0c216d,Panama,221.35,False
86e7a2,Japan,232.15,False
abd41a,United States,234.28,False
aaa125,United States,1.8,True
a1d2dc,United States,231.03,False
710130,Saudi Arabia,262.05,False
a815d5,United States,85.34,False
a4cb75,United States,261.31,False
a5fe5d,United States,50.31,False
ab8469,United States,150.24,False
aa76cb,United States,180.38,False
a445cd,United States,240.22,False
a445d9,United States,250.68,False
010147,Egypt,256.82,False
010146,Egypt,250.25,False
4d2100,Malta,261.72,False
a35b3f,United States,55.71,False
0c2172,Panama,10.29,True
408329,United Kingdom,257.85,False
4caaf1,Ireland,233.29,False
a73e16,United States,161.2,False
ac9134,United States,53.51,False
4d214d,Malta,73.9,False
a73e17,United States,183.67,False
a4cb08,United States,199.75,False
ad0119,United States,235.0,False
4c0178,Serbia,120.92,False
4d213e,Malta,214.49,False
4c0179,Serbia,64.47,False
a32700,United States,90.39,False
a0640b,United States,75.47,False
4d2150,Malta,196.85,False
a698c5,United States,53.86,False
408314,United Kingdom,150.82,False
a5c8d7,United States,42.95,False
ad5ab7,United States,86.23,False
abc12a,United States,1.03,True
adbdc6,United States,41.3,False
a5c8be,United States,84.35,False
ad0122,United States,134.79,False
a18403,United States,230.2,False
a6b07e,United States,244.47,False
ad5ac3,United States,83.22,False
aa76a8,United States,224.36,False
01010c,Egypt,245.56,False
01010b,Egypt,244.93,False
408305,United Kingdom,221.65,False
01010d,Egypt,222.78,False
ae2125,United States,95.54,False
ad278c,United States,190.11,False
4d211b,Malta,256.87,False
aa0f1d,United States,76.67,False
4d2149,Malta,222.97,False
4d2145,Malta,225.35,False
abc14d,United States,230.77,False
3c54a4,Germany,206.42,False
3c54a2,Germany,229.09,False
010108,Egypt,9.26,True
4caad8,Ireland,95.87,False
a17108,United States,0.06,True
39d2af,France,251.7,False
4081bc,United Kingdom,245.36,False
4081bd,United Kingdom,217.59,False
a05125,United States,61.27,False
4d206c,Malta,217.09,False
a24dc1,United States,258.42,False
a05128,United States,55.3,False
4b18b8,Switzerland,7.2,True
4b18b9,Switzerland,253.84,False
0c210e,Panama,237.04,False
0c210c,Panama,235.76,False
a7e2da,United States,0.06,True
39d2b1,France,255.0,False
300243,Italy,83.3,False
39d2b5,France,290.47,False
300249,Italy,89.81,False
a3271e,United States,236.94,False
a20768,United States,140.13,False
a1976b,United States,44.64,False
a3bda6,United States,191.9,False
a06461,United States,204.89,False
3ff1aa,Germany,57.26,False
4d207c,Malta,263.21,False
a20761,United States,0.0,True
4081aa,United Kingdom,254.06,False
4d207d,Malta,235.58,False
4d2080,Malta,232.6,False
3875ff,France,5.92,True
4d2086,Malta,180.93,False
3cda69,Germany,227.08,False
4d2087,Malta,20.06,True
a0778f,United States,61.27,False
4d2088,Malta,213.57,False
0ae10e,Costa Rica,104.79,False
4d2085,Malta,234.68,False
a3bdb3,United States,49.47,False
4d204b,Malta,190.18,False
a06435,United States,227.27,False
a1e71f,United States,69.37,False
4b18d8,Switzerland,237.77,False
a3bdac,United States,256.71,False
4d203f,Malta,119.65,False
4081a9,United Kingdom,257.92,False
4081a3,United Kingdom,108.52,False
a96b65,United States,0.51,True
a8ae7f,United States,238.73,False
4b18ba,Switzerland,237.9,False
4b18bb,Switzerland,237.05,False
39d2a9,France,257.69,False
39d2a1,France,238.64,False
a6870a,United States,224.08,False
a55414,United States,246.7,False
3ca4cd,Germany,244.88,False
a0a12d,United States,93.82,False
0c2168,Panama,214.22,False
7c4798,Australia,273.36,False
3d0d5c,Germany,63.69,False
a05169,United States,112.76,False
a60b77,United States,220.26,False
4b18f1,Switzerland,104.29,False
aa62f6,United States,67.72,False
4b18f3,Switzerland,1.29,True
a1e775,United States,81.02,False
a5eb61,United States,38.81,False
a43423,United States,0.51,True
4b18e9,Switzerland,0.06,True
a35ab8,United States,233.06,False
a18484,United States,87.69,False
ab9740,United States,74.16,False
a0fac3,United States,228.19,False
a11ad4,United States,237.15,False
a8ae2e,United States,179.5,False
a0a121,United States,50.03,False
aa0e8a,United States,130.6,False
a24de8,United States,99.29,False
a59b9c,United States,238.96,False
a23ab3,United States,41.48,False
4d2090,Malta,227.81,False
a0646a,United States,38.6,False
4d2093,Malta,228.66,False
4d2096,Malta,227.9,False
01018d,Egypt,228.78,False
a8ae3e,United States,86.71,False
c00695,Canada,7.46,True
a0a11c,United States,30.11,False
a24df9,United States,98.02,False
aa0e6e,United States,52.08,False
a7e2af,United States,202.89,False
a72b6b,United States,237.18,False
a0514d,United States,81.53,False
ab7103,United States,61.66,False
402d90,United Kingdom,31.08,False
c01970,Canada,230.93,False
71bf54,Republic of Korea,100.76,False
a00f13,United States,85.4,False
392da3,France,1.03,True
392da7,France,138.03,False
ad38bf,United States,143.91,False
a79433,United States,193.34,False
a5b764,United States,223.19,False
abe5a2,United States,73.76,False
a8adb5,United States,67.52,False
aafb27,United States,44.41,False
abf8df,United States,68.45,False
a67452,United States,243.33,False
a12f07,United States,215.51,False
c01968,Canada,231.19,False
a12f09,United States,228.6,False
a81770,United States,130.31,False
40829a,United Kingdom,2.57,True
a05181,United States,46.66,False
c0197e,Canada,93.55,False
a68797,United States,83.66,False
a43458,United States,235.2,False
7100b6,Saudi Arabia,259.77,False
0100db,Egypt,207.91,False
a23af7,United States,51.21,False
aa7757,United States,249.33,False
a5414a,United States,56.49,False
a4343a,United States,248.92,False
a5a455,United States,55.68,False
a31472,United States,234.88,False
a8042c,United States,38.29,False
a23afb,United States,57.8,False
aa640c,United States,169.84,False
3d0ce8,Germany,36.61,False
abf8ff,United States,79.54,False
a1d45a,United States,89.18,False
a2e120,United States,189.38,False
7100a9,Saudi Arabia,161.46,False
a17170,United States,226.36,False
a36dfc,United States,122.59,False
a97da7,United States,65.41,False
a7e412,United States,87.91,False
a97da8,United States,199.67,False
a5540f,United States,76.18,False
a12f2a,United States,268.6,False
a3bdd7,United States,100.39,False
a9bb91,United States,73.17,False
a339b1,United States,0.45,True
a5540c,United States,222.55,False
a3019a,United States,49.24,False
a81706,United States,52.52,False
402d2d,United Kingdom,35.11,False
3d1fb7,Germany,71.14,False
ac3b51,United States,85.4,False
ab2e9d,United States,143.01,False
a089fe,United States,59.36,False
0100a3,Egypt,249.91,False
ac3b78,United States,242.02,False
a9bb70,United States,226.55,False
71bf32,Republic of Korea,207.85,False
c0193b,Canada,206.73,False
a1d49e,United States,42.42,False
adab22,United States,87.04,False
abd2e6,United States,230.52,False
a12f6f,United States,261.48,False
4b1939,Switzerland,234.2,False
a24f4c,United States,162.3,False
ad159b,United States,185.26,False
4b191c,Switzerland,210.6,False
a12f73,United States,259.55,False
a206d8,United States,78.12,False
a206d1,United States,51.08,False
a61f05,United States,215.9,False
a699a1,United States,251.2,False
a579d9,United States,69.76,False
acf591,United States,65.13,False
a11c4f,United States,34.05,False
a339e6,United States,143.28,False
a183d3,United States,218.64,False
a063db,United States,51.35,False
ad027f,United States,58.97,False
4b1920,Switzerland,276.57,False
04c1c0,Kenya,65.66,False
a699aa,United States,0.0,False
4b1921,Switzerland,271.41,False
a063df,United States,2.31,True
401add,United Kingdom,56.7,False
ab1d06,United States,226.39,False
a7816a,United States,213.53,False
a579ca,United States,60.19,False
398578,France,202.29,False
4caa5c,Ireland,283.82,False
398579,France,254.25,False
a4cc00,United States,224.68,False
a12f4c,United States,242.75,False
a4df33,United States,54.76,False
a0fc0a,United States,75.17,False
4caa5a,Ireland,239.8,False
398577,France,217.75,False
4b1950,Switzerland,163.24,False
39856a,France,211.65,False
4b193e,Switzerland,266.72,False
a196c8,United States,228.37,False
a12f52,United States,245.0,False
a5ff23,United States,56.33,False
4caa61,Ireland,210.92,False
a24f35,United States,0.0,True
4b193a,Switzerland,243.94,False
a23c02,United States,199.56,False
a5c9d8,United States,65.51,False
4caa6d,Ireland,234.97,False
a60c09,United States,180.06,False
4b1941,Switzerland,6.94,True
a12f70,United States,0.0,True
a12f71,United States,258.27,False
a206c9,United States,144.56,False
ac07b8,United States,0.0,True
a709b4,United States,3.09,True
a1f9d5,United States,47.18,False
a1e6a1,United States,191.5,False
adabfe,United States,0.0,True
a3bf69,United States,111.51,False
aac7ab,United States,209.73,False
a300a9,United States,252.55,False
aafd0a,United States,217.99,False
a0a0ba,United States,64.35,False
a48f5d,United States,160.63,False
a23c5d,United States,182.33,False
a97df4,United States,259.38,False
a78148,United States,0.0,True
a1c0b6,United States,73.8,False
40717c,United Kingdom,247.32,False
40717d,United Kingdom,109.81,False
40717a,United Kingdom,294.85,False
40717e,United Kingdom,231.32,False
40717f,United Kingdom,171.41,False
a73dfe,United States,236.69,False
a326f8,United States,55.64,False
a7811e,United States,1.29,True
ab1d2f,United States,249.3,False
407182,United Kingdom,228.67,False
407183,United Kingdom,181.79,False
a35c44,United States,54.76,False
407180,United Kingdom,249.91,False
407181,United Kingdom,239.23,False
7100bc,Saudi Arabia,279.74,False
a92465,United States,77.76,False
ace29f,United States,81.95,False
a9baa6,United States,51.19,False
4b194c,Switzerland,246.44,False
4b194d,Switzerland,190.63,False
4b194e,Switzerland,144.14,False
aafd1f,United States,259.37,False
407179,United Kingdom,227.31,False
a9374a,United States,198.46,False
a36f68,United States,53.15,False
407178,United Kingdom,9.77,True
407176,United Kingdom,231.72,False
a6c491,United States,90.7,False
a35c40,United States,0.0,True
ab84c9,United States,3.86,True
ad14a8,United States,146.81,False
a6617c,United States,282.54,False
86d646,Japan,94.54,False
ad14a3,United States,219.42,False
a326d8,United States,224.48,False
a72aec,United States,45.18,False
a97dcb,United States,213.51,False
ac07dc,United States,1.54,True
a446b6,United States,248.26,False
ab0a35,United States,110.96,False
a1d3b4,United States,0.0,True
a6c46f,United States,217.82,False
a290eb,United States,50.04,False
a673d2,United States,62.27,False
a816ca,United States,0.06,True
3c9c23,Germany,0.9,True
ad6ecb,United States,116.41,False
3c66c3,Germany,219.2,False
ad6ecc,United States,55.6,False
48ce44,Poland,54.28,False
ac086b,United States,235.17,False
aaa224,United States,4.37,True
c006db,Canada,70.88,False
3c66ba,Germany,236.89,False
a3ac7a,United States,180.17,False
0c2083,Panama,240.85,False
4d2006,Malta,233.29,False
4d2007,Malta,72.73,False
a7f6b9,United States,214.49,False
ad6ec6,United States,234.61,False
348244,Spain,47.83,False
a673e3,United States,28.74,False
ab722b,United States,69.59,False
ac3bd0,United States,227.41,False
a673cf,United States,49.05,False
3c66e3,Germany,164.73,False
3c66e2,Germany,220.45,False
3c66e1,Germany,148.6,False
a923a8,United States,224.9,False
a923a9,United States,219.86,False
a59c88,United States,68.0,False
a0c806,United States,241.4,False
0c205e,Panama,235.68,False
0c205d,Panama,144.86,False
abe872,United States,235.3,False
a793b1,United States,20.06,True
aa9a30,United States,216.5,False
a660c1,United States,80.77,False
aa64ca,United States,243.37,False
a1c0d1,United States,64.41,False
abd559,United States,242.32,False
3c66e6,Germany,231.77,False
a60c73,United States,31.7,False
3c66e5,Germany,229.19,False
4c2655,Serbia,193.5,False
0ae073,Costa Rica,45.41,False
a540e3,United States,0.0,True
3c66e9,Germany,222.72,False
a793e4,United States,59.09,False
ad0212,United States,58.67,False
0c2064,Panama,226.97,False
aaa247,United States,90.55,False
a84c48,United States,46.14,False
4692d7,Greece,12.35,True
4692d4,Greece,227.32,False
4692d3,Greece,241.44,False
0c2059,Panama,217.52,False
4692d1,Greece,82.48,False
aa64ba,United States,256.68,False
a96c08,United States,50.73,False
ac3bf4,United States,100.33,False
4692ce,Greece,159.53,False
0c203b,Panama,161.62,False
4692cc,Greece,217.2,False
a290d0,United States,274.32,False
a660bb,United States,67.04,False
c006ec,Canada,137.69,False
710247,Saudi Arabia,194.18,False
0c2051,Panama,156.78,False
3c66eb,Germany,1.29,False
3c66ea,Germany,148.23,False
0c2050,Panama,222.63,False
a4df52,United States,254.92,False
348213,Spain,219.98,False
4d2035,Malta,230.91,False
a3280a,United States,243.16,False
acf563,United States,218.81,False
a4df59,United States,49.32,False
c03c02,Canada,255.61,False
3c79b7,Germany,237.74,False
ad2898,United States,211.07,False
4d201e,Malta,256.31,False
348209,Spain,68.97,False
3c79b8,Germany,223.91,False
3c79b9,Germany,246.47,False
ad1560,United States,89.51,False
348206,Spain,226.29,False
a11ba0,United States,228.39,False
7c47a9,Australia,288.68,False
3c79ba,Germany,221.54,False
4d2047,Malta,143.79,False
4d2049,Malta,217.1,False
a4df4b,United States,95.26,False
abd580,United States,81.98,False
4d2042,Malta,155.01,False
c04f0e,Canada,33.58,False
00afac,South Africa,228.02,False
a7f6a8,United States,84.01,False
3ff10c,Germany,36.7,False
4d2013,Malta,229.22,False
0ae09e,Costa Rica,90.44,False
a5a3a6,United States,45.47,False
3c66b1,Germany,242.45,False
3c66b0,Germany,83.75,False
30024b,Italy,72.32,False
a4df5a,United States,218.71,False
3c66a4,Germany,212.3,False
3c66a2,Germany,214.7,False
3c66a1,Germany,217.59,False
3c66a8,Germany,200.45,False
71152e,Saudi Arabia,231.43,False
3c66a7,Germany,228.46,False
3c66a6,Germany,0.0,True
a32803,United States,251.94,False
abd57e,United States,0.0,True
3c66a9,Germany,222.74,False
3c66ad,Germany,5.92,True
3c66ab,Germany,246.32,False
a72c10,United States,213.0,False
3c66af,Germany,207.38,False
3c66ae,Germany,192.02,False
a12eb6,United States,61.27,False
c006b1,Canada,233.06,False
c03c05,Canada,206.32,False
0c208c,Panama,230.27,False
4d200f,Malta,227.49,False
3c66b4,Germany,234.0,False
3c66b9,Germany,218.79,False
4d200c,Malta,230.74,False
3c66b8,Germany,147.07,False
4d200d,Malta,215.06,False
a5ff57,United States,50.15,False
4d200e,Malta,241.28,False
3c66b6,Germany,227.58,False
4d2020,Malta,213.17,False
390a34,France,30.05,False
a1c0fe,United States,219.59,False
a85f29,United States,226.88,False
a96c96,United States,208.44,False
0d0fed,Mexico,226.69,False
a1c209,United States,132.14,False
a5b802,United States,62.72,False
0ae012,Costa Rica,73.57,False
a32867,United States,119.81,False
ac90f3,United States,249.55,False
a0fbb7,United States,243.24,False
4082e6,United Kingdom,258.05,False
adac5d,United States,246.59,False
0d0ffd,Mexico,6.69,True
a36eae,United States,242.72,False
a3bec7,United States,89.69,False
a24ef7,United States,243.65,False
a20880,United States,89.06,False
4082cc,United Kingdom,5.66,True
a11bdb,United States,72.54,False
a12efc,United States,63.13,False
44b5ac,Belgium,68.52,False
a24ef0,United States,152.74,False
a32851,United States,96.2,False
a3282f,United States,211.95,False
a96c72,United States,1.03,True
ab2ea3,United States,11.08,False
a68831,United States,258.42,False
a32844,United States,208.53,False
a0b522,United States,49.16,False
a923ee,United States,240.19,False
a923ef,United States,255.68,False
ac0818,United States,245.25,False
a11bc6,United States,164.45,False
a1e830,United States,185.37,False
493035,Portugal,243.67,False
493033,Portugal,150.39,False
a56866,United States,228.97,False
a9bc4f,United States,54.26,False
a6882b,United States,200.98,False
a0788a,United States,30.77,False
4598ca,Denmark,33.13,False
0c2046,Panama,239.24,False
86e7bc,Japan,174.06,False
a1e89a,United States,70.45,False
abe80e,United States,202.53,False
0c202c,Panama,136.25,False
a17260,United States,43.71,False
a6b0c5,United States,226.81,False
a923cd,United States,233.11,False
a30246,United States,204.52,False
a35bd1,United States,43.88,False
0ae02a,Costa Rica,43.84,False
a05297,United States,123.5,False
a7f6f6,United States,203.26,False
a96c69,United States,0.0,True
aab50c,United States,66.65,False
0d0fbf,Mexico,96.02,False
a6c3ca,United States,243.92,False
a73f9b,United States,35.51,False
a803d4,United States,49.13,False
ab2ee0,United States,149.53,False
a84c57,United States,51.98,False
a3020e,United States,184.32,False
a9bc12,United States,94.59,False
a6c3fb,United States,92.27,False
a48ed1,United States,223.99,False
800cc7,India,239.69,False
7c4899,Australia,99.79,False
a0658d,United States,39.22,False
a32886,United States,238.71,False
4b17f8,Switzerland,108.3,False
4b17f9,Switzerland,75.67,False
a36ee3,United States,210.82,False
a1d546,United States,282.13,False
a793fd,United States,75.05,False
a6b0bd,United States,0.77,True
a29223,United States,203.38,False
0d0fde,Mexico,208.02,False
a6b0bf,United States,16.76,False
a44854,United States,265.96,False
a05278,United States,26.24,False
3e3f72,Germany,185.3,False
abd50f,United States,265.48,False
800cd6,India,241.3,False
800cd5,India,228.59,False
aac874,United States,232.9,False
0d0ff5,Mexico,204.3,False
0d0ff4,Mexico,241.56,False
ab8553,United States,247.93,False
0d0ff7,Mexico,233.33,False
4b17e6,Switzerland,213.47,False
a6b0d2,United States,153.77,False
e94c8e,Bolivia,249.3,False
a97ebb,United States,81.95,False
3481ca,Spain,45.87,False
a9251a,United States,86.36,False
aafc36,United States,5.66,True
a72bbd,United States,155.63,False
a66239,United States,193.53,False
ac4f4c,United States,219.98,False
4a1a61,Romania,243.7,False
ab2f84,United States,56.61,False
adbf26,United States,255.38,False
a96ba9,United States,28.85,False
ab2f7e,United States,93.23,False
a5fef5,United States,112.79,False
ab1c4b,United States,55.41,False
a3025d,United States,127.43,False
a2f596,United States,85.94,False
4b17fc,Switzerland,239.15,False
4b17fe,Switzerland,96.48,False
39984f,France,204.0,False
3481c4,Spain,258.63,False
ad39ee,United States,71.57,False
aac6ee,United States,147.94,False
c00757,Canada,148.82,False
a54269,United States,2.31,True
a8051d,United States,54.21,False
a6757a,United States,218.83,False
a72bda,United States,75.83,False
aa520e,United States,63.63,False
a2f584,United States,215.21,False
ab83e8,United States,226.01,False
ac3c4a,United States,72.84,False
c03abc,Canada,145.71,False
a78246,United States,211.49,False
ac4f6f,United States,143.14,False
a0b59d,United States,0.06,True
800cfe,India,231.2,False
abd3bd,United States,72.07,False
aafc69,United States,82.14,False
a9250d,United States,206.13,False
a47bd2,United States,43.32,False
ad5c37,United States,207.5,False
a2e235,United States,179.03,False
aaa0ad,United States,122.59,False
ac90a7,United States,249.35,False
3ff0f8,Germany,656.06,False
abd3c7,United States,222.58,False
ac4f92,United States,211.97,False
458667,Denmark,205.29,False
aa6533,United States,6.94,True
aa5202,United States,50.85,False
4caa41,Ireland,227.07,False
ad5c68,United States,252.16,False
adbf62,United States,45.0,False
a0fd10,United States,71.64,False
398567,France,227.15,False
398568,France,132.44,False
398569,France,62.46,False
abc0c1,United States,180.31,False
a5b84e,United States,83.85,False
398565,France,209.24,False
398566,France,178.51,False
47bfb3,Norway,7.46,True
ad00b6,United States,53.52,False
ac3c7b,United States,91.17,False
a67535,United States,45.79,False
4caa57,Ireland,247.93,False
4caa58,Ireland,227.45,False
4caa59,Ireland,255.44,False
a7f804,United States,215.17,False
4caa53,Ireland,137.96,False
4caa54,Ireland,100.82,False
a3befa,United States,184.31,False
4caa55,Ireland,110.86,False
04c390,Kenya,154.1,False
a2e28f,United States,194.03,False
a051a3,United States,86.06,False
451cc1,Bulgaria,213.96,False
c04db0,Canada,36.31,False
a6d857,United States,241.27,False
ac3c8a,United States,76.04,False
a80522,United States,80.79,False
ad5c89,United States,245.27,False
7114c6,Saudi Arabia,125.35,False
aaa0f3,United States,49.85,False
a68871,United States,41.22,False
a56895,United States,45.76,False
abc0e4,United States,148.22,False
a4226b,United States,40.85,False
aaa0f7,United States,101.02,False
a6d83c,United States,241.55,False
ad00be,United States,51.9,False
458664,Denmark,241.83,False
ac90e9,United States,100.78,False
458665,Denmark,31.38,True
